month,region,age_band,claimants
January 2005,North East,Age unknown (clerical claims),395
January 2005,North East,Aged 16-24,15745
January 2005,North East,Aged 25-49,23805
January 2005,North East,Aged 50+,8230
January 2005,North West,Age unknown (clerical claims),950
January 2005,North West,Aged 16-24,32800
January 2005,North West,Aged 25-49,52495
January 2005,North West,Aged 50+,14785
January 2005,Yorkshire and The Humber,Age unknown (clerical claims),690
January 2005,Yorkshire and The Humber,Aged 16-24,23540
January 2005,Yorkshire and The Humber,Aged 25-49,39100
January 2005,Yorkshire and The Humber,Aged 50+,12030
January 2005,East Midlands,Age unknown (clerical claims),330
January 2005,East Midlands,Aged 16-24,15510
January 2005,East Midlands,Aged 25-49,28145
January 2005,East Midlands,Aged 50+,9955
January 2005,West Midlands,Age unknown (clerical claims),1005
January 2005,West Midlands,Aged 16-24,26365
January 2005,West Midlands,Aged 25-49,47355
January 2005,West Midlands,Aged 50+,14665
January 2005,East,Age unknown (clerical claims),510
January 2005,East,Aged 16-24,16140
January 2005,East,Aged 25-49,30595
January 2005,East,Aged 50+,11100
January 2005,London,Age unknown (clerical claims),2010
January 2005,London,Aged 16-24,41230
January 2005,London,Aged 25-49,94220
January 2005,London,Aged 50+,22690
January 2005,South East,Age unknown (clerical claims),465
January 2005,South East,Aged 16-24,18495
January 2005,South East,Aged 25-49,39350
January 2005,South East,Aged 50+,14435
January 2005,South West,Age unknown (clerical claims),375
January 2005,South West,Aged 16-24,12835
January 2005,South West,Aged 25-49,23300
January 2005,South West,Aged 50+,8570
January 2005,Wales,Age unknown (clerical claims),310
January 2005,Wales,Aged 16-24,14710
January 2005,Wales,Aged 25-49,20885
January 2005,Wales,Aged 50+,6735
January 2005,Scotland,Age unknown (clerical claims),800
January 2005,Scotland,Aged 16-24,27920
January 2005,Scotland,Aged 25-49,50165
January 2005,Scotland,Aged 50+,16745
February 2005,North East,Age unknown (clerical claims),410
February 2005,North East,Aged 16-24,16370
February 2005,North East,Aged 25-49,23645
February 2005,North East,Aged 50+,8025
February 2005,North West,Age unknown (clerical claims),1035
February 2005,North West,Aged 16-24,34480
February 2005,North West,Aged 25-49,52815
February 2005,North West,Aged 50+,14640
February 2005,Yorkshire and The Humber,Age unknown (clerical claims),695
February 2005,Yorkshire and The Humber,Aged 16-24,24855
February 2005,Yorkshire and The Humber,Aged 25-49,39230
February 2005,Yorkshire and The Humber,Aged 50+,12045
February 2005,East Midlands,Age unknown (clerical claims),280
February 2005,East Midlands,Aged 16-24,16420
February 2005,East Midlands,Aged 25-49,28390
February 2005,East Midlands,Aged 50+,9820
February 2005,West Midlands,Age unknown (clerical claims),865
February 2005,West Midlands,Aged 16-24,27175
February 2005,West Midlands,Aged 25-49,47050
February 2005,West Midlands,Aged 50+,14270
February 2005,East,Age unknown (clerical claims),515
February 2005,East,Aged 16-24,17495
February 2005,East,Aged 25-49,31245
February 2005,East,Aged 50+,11250
February 2005,London,Age unknown (clerical claims),1910
February 2005,London,Aged 16-24,43070
February 2005,London,Aged 25-49,94925
February 2005,London,Aged 50+,22880
February 2005,South East,Age unknown (clerical claims),525
February 2005,South East,Aged 16-24,19725
February 2005,South East,Aged 25-49,39540
February 2005,South East,Aged 50+,14215
February 2005,South West,Age unknown (clerical claims),355
February 2005,South West,Aged 16-24,13890
February 2005,South West,Aged 25-49,23455
February 2005,South West,Aged 50+,8655
February 2005,Wales,Age unknown (clerical claims),285
February 2005,Wales,Aged 16-24,15230
February 2005,Wales,Aged 25-49,20970
February 2005,Wales,Aged 50+,6635
February 2005,Scotland,Age unknown (clerical claims),735
February 2005,Scotland,Aged 16-24,29355
February 2005,Scotland,Aged 25-49,49645
February 2005,Scotland,Aged 50+,16375
March 2005,North East,Age unknown (clerical claims),360
March 2005,North East,Aged 16-24,16265
March 2005,North East,Aged 25-49,23465
March 2005,North East,Aged 50+,8010
March 2005,North West,Age unknown (clerical claims),995
March 2005,North West,Aged 16-24,34795
March 2005,North West,Aged 25-49,52340
March 2005,North West,Aged 50+,14405
March 2005,Yorkshire and The Humber,Age unknown (clerical claims),675
March 2005,Yorkshire and The Humber,Aged 16-24,25190
March 2005,Yorkshire and The Humber,Aged 25-49,39575
March 2005,Yorkshire and The Humber,Aged 50+,12075
March 2005,East Midlands,Age unknown (clerical claims),285
March 2005,East Midlands,Aged 16-24,16835
March 2005,East Midlands,Aged 25-49,28650
March 2005,East Midlands,Aged 50+,9940
March 2005,West Midlands,Age unknown (clerical claims),770
March 2005,West Midlands,Aged 16-24,27215
March 2005,West Midlands,Aged 25-49,47010
March 2005,West Midlands,Aged 50+,14075
March 2005,East,Age unknown (clerical claims),495
March 2005,East,Aged 16-24,17725
March 2005,East,Aged 25-49,31220
March 2005,East,Aged 50+,11260
March 2005,London,Age unknown (clerical claims),1945
March 2005,London,Aged 16-24,43965
March 2005,London,Aged 25-49,95390
March 2005,London,Aged 50+,23000
March 2005,South East,Age unknown (clerical claims),400
March 2005,South East,Aged 16-24,20280
March 2005,South East,Aged 25-49,39440
March 2005,South East,Aged 50+,14065
March 2005,South West,Age unknown (clerical claims),365
March 2005,South West,Aged 16-24,13675
March 2005,South West,Aged 25-49,22960
March 2005,South West,Aged 50+,8230
March 2005,Wales,Age unknown (clerical claims),250
March 2005,Wales,Aged 16-24,15045
March 2005,Wales,Aged 25-49,20530
March 2005,Wales,Aged 50+,6395
March 2005,Scotland,Age unknown (clerical claims),740
March 2005,Scotland,Aged 16-24,28640
March 2005,Scotland,Aged 25-49,48215
March 2005,Scotland,Aged 50+,15980
April 2005,North East,Age unknown (clerical claims),330
April 2005,North East,Aged 16-24,15985
April 2005,North East,Aged 25-49,22860
April 2005,North East,Aged 50+,7945
April 2005,North West,Age unknown (clerical claims),940
April 2005,North West,Aged 16-24,34330
April 2005,North West,Aged 25-49,52355
April 2005,North West,Aged 50+,14710
April 2005,Yorkshire and The Humber,Age unknown (clerical claims),660
April 2005,Yorkshire and The Humber,Aged 16-24,24755
April 2005,Yorkshire and The Humber,Aged 25-49,39320
April 2005,Yorkshire and The Humber,Aged 50+,11935
April 2005,East Midlands,Age unknown (clerical claims),255
April 2005,East Midlands,Aged 16-24,16220
April 2005,East Midlands,Aged 25-49,28085
April 2005,East Midlands,Aged 50+,9715
April 2005,West Midlands,Age unknown (clerical claims),815
April 2005,West Midlands,Aged 16-24,27790
April 2005,West Midlands,Aged 25-49,48010
April 2005,West Midlands,Aged 50+,14340
April 2005,East,Age unknown (clerical claims),400
April 2005,East,Aged 16-24,17070
April 2005,East,Aged 25-49,30500
April 2005,East,Aged 50+,11035
April 2005,London,Age unknown (clerical claims),1710
April 2005,London,Aged 16-24,44100
April 2005,London,Aged 25-49,95730
April 2005,London,Aged 50+,23315
April 2005,South East,Age unknown (clerical claims),450
April 2005,South East,Aged 16-24,19960
April 2005,South East,Aged 25-49,38650
April 2005,South East,Aged 50+,13900
April 2005,South West,Age unknown (clerical claims),325
April 2005,South West,Aged 16-24,12835
April 2005,South West,Aged 25-49,22405
April 2005,South West,Aged 50+,7940
April 2005,Wales,Age unknown (clerical claims),245
April 2005,Wales,Aged 16-24,14490
April 2005,Wales,Aged 25-49,20110
April 2005,Wales,Aged 50+,6220
April 2005,Scotland,Age unknown (clerical claims),805
April 2005,Scotland,Aged 16-24,27380
April 2005,Scotland,Aged 25-49,46585
April 2005,Scotland,Aged 50+,15635
May 2005,North East,Age unknown (clerical claims),365
May 2005,North East,Aged 16-24,15435
May 2005,North East,Aged 25-49,22465
May 2005,North East,Aged 50+,7800
May 2005,North West,Age unknown (clerical claims),850
May 2005,North West,Aged 16-24,33720
May 2005,North West,Aged 25-49,52250
May 2005,North West,Aged 50+,14680
May 2005,Yorkshire and The Humber,Age unknown (clerical claims),680
May 2005,Yorkshire and The Humber,Aged 16-24,24245
May 2005,Yorkshire and The Humber,Aged 25-49,39125
May 2005,Yorkshire and The Humber,Aged 50+,11760
May 2005,East Midlands,Age unknown (clerical claims),260
May 2005,East Midlands,Aged 16-24,16055
May 2005,East Midlands,Aged 25-49,28040
May 2005,East Midlands,Aged 50+,9600
May 2005,West Midlands,Age unknown (clerical claims),845
May 2005,West Midlands,Aged 16-24,28105
May 2005,West Midlands,Aged 25-49,51765
May 2005,West Midlands,Aged 50+,15640
May 2005,East,Age unknown (clerical claims),500
May 2005,East,Aged 16-24,16580
May 2005,East,Aged 25-49,30400
May 2005,East,Aged 50+,10925
May 2005,London,Age unknown (clerical claims),2030
May 2005,London,Aged 16-24,43660
May 2005,London,Aged 25-49,95445
May 2005,London,Aged 50+,23330
May 2005,South East,Age unknown (clerical claims),460
May 2005,South East,Aged 16-24,19495
May 2005,South East,Aged 25-49,37855
May 2005,South East,Aged 50+,13810
May 2005,South West,Age unknown (clerical claims),335
May 2005,South West,Aged 16-24,12280
May 2005,South West,Aged 25-49,21795
May 2005,South West,Aged 50+,7875
May 2005,Wales,Age unknown (clerical claims),225
May 2005,Wales,Aged 16-24,14260
May 2005,Wales,Aged 25-49,20020
May 2005,Wales,Aged 50+,6090
May 2005,Scotland,Age unknown (clerical claims),750
May 2005,Scotland,Aged 16-24,26860
May 2005,Scotland,Aged 25-49,45590
May 2005,Scotland,Aged 50+,15295
June 2005,North East,Age unknown (clerical claims),345
June 2005,North East,Aged 16-24,15205
June 2005,North East,Aged 25-49,22050
June 2005,North East,Aged 50+,7530
June 2005,North West,Age unknown (clerical claims),775
June 2005,North West,Aged 16-24,33190
June 2005,North West,Aged 25-49,51970
June 2005,North West,Aged 50+,14660
June 2005,Yorkshire and The Humber,Age unknown (clerical claims),725
June 2005,Yorkshire and The Humber,Aged 16-24,23760
June 2005,Yorkshire and The Humber,Aged 25-49,38885
June 2005,Yorkshire and The Humber,Aged 50+,11615
June 2005,East Midlands,Age unknown (clerical claims),240
June 2005,East Midlands,Aged 16-24,15940
June 2005,East Midlands,Aged 25-49,27855
June 2005,East Midlands,Aged 50+,9615
June 2005,West Midlands,Age unknown (clerical claims),740
June 2005,West Midlands,Aged 16-24,27850
June 2005,West Midlands,Aged 25-49,51445
June 2005,West Midlands,Aged 50+,15480
June 2005,East,Age unknown (clerical claims),500
June 2005,East,Aged 16-24,16265
June 2005,East,Aged 25-49,30260
June 2005,East,Aged 50+,10825
June 2005,London,Age unknown (clerical claims),1930
June 2005,London,Aged 16-24,43480
June 2005,London,Aged 25-49,94825
June 2005,London,Aged 50+,23325
June 2005,South East,Age unknown (clerical claims),385
June 2005,South East,Aged 16-24,18960
June 2005,South East,Aged 25-49,37765
June 2005,South East,Aged 50+,13790
June 2005,South West,Age unknown (clerical claims),305
June 2005,South West,Aged 16-24,11685
June 2005,South West,Aged 25-49,21245
June 2005,South West,Aged 50+,7685
June 2005,Wales,Age unknown (clerical claims),225
June 2005,Wales,Aged 16-24,13835
June 2005,Wales,Aged 25-49,19745
June 2005,Wales,Aged 50+,6040
June 2005,Scotland,Age unknown (clerical claims),755
June 2005,Scotland,Aged 16-24,26680
June 2005,Scotland,Aged 25-49,44705
June 2005,Scotland,Aged 50+,14905
July 2005,North East,Age unknown (clerical claims),325
July 2005,North East,Aged 16-24,15795
July 2005,North East,Aged 25-49,22125
July 2005,North East,Aged 50+,7385
July 2005,North West,Age unknown (clerical claims),650
July 2005,North West,Aged 16-24,34780
July 2005,North West,Aged 25-49,52590
July 2005,North West,Aged 50+,14825
July 2005,Yorkshire and The Humber,Age unknown (clerical claims),710
July 2005,Yorkshire and The Humber,Aged 16-24,24670
July 2005,Yorkshire and The Humber,Aged 25-49,39355
July 2005,Yorkshire and The Humber,Aged 50+,11640
July 2005,East Midlands,Age unknown (clerical claims),220
July 2005,East Midlands,Aged 16-24,16520
July 2005,East Midlands,Aged 25-49,28185
July 2005,East Midlands,Aged 50+,9585
July 2005,West Midlands,Age unknown (clerical claims),750
July 2005,West Midlands,Aged 16-24,30045
July 2005,West Midlands,Aged 25-49,51405
July 2005,West Midlands,Aged 50+,15615
July 2005,East,Age unknown (clerical claims),415
July 2005,East,Aged 16-24,17100
July 2005,East,Aged 25-49,30170
July 2005,East,Aged 50+,10785
July 2005,London,Age unknown (clerical claims),1800
July 2005,London,Aged 16-24,44725
July 2005,London,Aged 25-49,93920
July 2005,London,Aged 50+,23060
July 2005,South East,Age unknown (clerical claims),365
July 2005,South East,Aged 16-24,19575
July 2005,South East,Aged 25-49,37575
July 2005,South East,Aged 50+,13705
July 2005,South West,Age unknown (clerical claims),245
July 2005,South West,Aged 16-24,12330
July 2005,South West,Aged 25-49,21210
July 2005,South West,Aged 50+,7630
July 2005,Wales,Age unknown (clerical claims),195
July 2005,Wales,Aged 16-24,14820
July 2005,Wales,Aged 25-49,20025
July 2005,Wales,Aged 50+,6115
July 2005,Scotland,Age unknown (clerical claims),740
July 2005,Scotland,Aged 16-24,28315
July 2005,Scotland,Aged 25-49,44860
July 2005,Scotland,Aged 50+,14565
August 2005,North East,Age unknown (clerical claims),315
August 2005,North East,Aged 16-24,16200
August 2005,North East,Aged 25-49,22360
August 2005,North East,Aged 50+,7400
August 2005,North West,Age unknown (clerical claims),585
August 2005,North West,Aged 16-24,35640
August 2005,North West,Aged 25-49,53305
August 2005,North West,Aged 50+,15040
August 2005,Yorkshire and The Humber,Age unknown (clerical claims),580
August 2005,Yorkshire and The Humber,Aged 16-24,25365
August 2005,Yorkshire and The Humber,Aged 25-49,39670
August 2005,Yorkshire and The Humber,Aged 50+,11920
August 2005,East Midlands,Age unknown (clerical claims),170
August 2005,East Midlands,Aged 16-24,16960
August 2005,East Midlands,Aged 25-49,28355
August 2005,East Midlands,Aged 50+,9710
August 2005,West Midlands,Age unknown (clerical claims),560
August 2005,West Midlands,Aged 16-24,30880
August 2005,West Midlands,Aged 25-49,51375
August 2005,West Midlands,Aged 50+,15565
August 2005,East,Age unknown (clerical claims),390
August 2005,East,Aged 16-24,17395
August 2005,East,Aged 25-49,30050
August 2005,East,Aged 50+,10750
August 2005,London,Age unknown (clerical claims),2055
August 2005,London,Aged 16-24,46490
August 2005,London,Aged 25-49,94015
August 2005,London,Aged 50+,23110
August 2005,South East,Age unknown (clerical claims),345
August 2005,South East,Aged 16-24,19935
August 2005,South East,Aged 25-49,37270
August 2005,South East,Aged 50+,13570
August 2005,South West,Age unknown (clerical claims),250
August 2005,South West,Aged 16-24,12660
August 2005,South West,Aged 25-49,21295
August 2005,South West,Aged 50+,7650
August 2005,Wales,Age unknown (clerical claims),180
August 2005,Wales,Aged 16-24,15110
August 2005,Wales,Aged 25-49,20415
August 2005,Wales,Aged 50+,6180
August 2005,Scotland,Age unknown (clerical claims),730
August 2005,Scotland,Aged 16-24,28980
August 2005,Scotland,Aged 25-49,45165
August 2005,Scotland,Aged 50+,14525
September 2005,North East,Age unknown (clerical claims),265
September 2005,North East,Aged 16-24,15985
September 2005,North East,Aged 25-49,22175
September 2005,North East,Aged 50+,7230
September 2005,North West,Age unknown (clerical claims),530
September 2005,North West,Aged 16-24,35340
September 2005,North West,Aged 25-49,52875
September 2005,North West,Aged 50+,14750
September 2005,Yorkshire and The Humber,Age unknown (clerical claims),625
September 2005,Yorkshire and The Humber,Aged 16-24,25120
September 2005,Yorkshire and The Humber,Aged 25-49,39860
September 2005,Yorkshire and The Humber,Aged 50+,11920
September 2005,East Midlands,Age unknown (clerical claims),230
September 2005,East Midlands,Aged 16-24,16795
September 2005,East Midlands,Aged 25-49,28065
September 2005,East Midlands,Aged 50+,9670
September 2005,West Midlands,Age unknown (clerical claims),585
September 2005,West Midlands,Aged 16-24,30810
September 2005,West Midlands,Aged 25-49,51260
September 2005,West Midlands,Aged 50+,15560
September 2005,East,Age unknown (clerical claims),325
September 2005,East,Aged 16-24,17165
September 2005,East,Aged 25-49,29715
September 2005,East,Aged 50+,10680
September 2005,London,Age unknown (clerical claims),2080
September 2005,London,Aged 16-24,47275
September 2005,London,Aged 25-49,94180
September 2005,London,Aged 50+,23205
September 2005,South East,Age unknown (clerical claims),345
September 2005,South East,Aged 16-24,20355
September 2005,South East,Aged 25-49,37570
September 2005,South East,Aged 50+,13600
September 2005,South West,Age unknown (clerical claims),265
September 2005,South West,Aged 16-24,12400
September 2005,South West,Aged 25-49,21100
September 2005,South West,Aged 50+,7565
September 2005,Wales,Age unknown (clerical claims),190
September 2005,Wales,Aged 16-24,14820
September 2005,Wales,Aged 25-49,20010
September 2005,Wales,Aged 50+,6155
September 2005,Scotland,Age unknown (clerical claims),685
September 2005,Scotland,Aged 16-24,25950
September 2005,Scotland,Aged 25-49,42995
September 2005,Scotland,Aged 50+,14150
October 2005,North East,Age unknown (clerical claims),280
October 2005,North East,Aged 16-24,15845
October 2005,North East,Aged 25-49,22035
October 2005,North East,Aged 50+,7290
October 2005,North West,Age unknown (clerical claims),545
October 2005,North West,Aged 16-24,34570
October 2005,North West,Aged 25-49,52460
October 2005,North West,Aged 50+,14615
October 2005,Yorkshire and The Humber,Age unknown (clerical claims),470
October 2005,Yorkshire and The Humber,Aged 16-24,25145
October 2005,Yorkshire and The Humber,Aged 25-49,39670
October 2005,Yorkshire and The Humber,Aged 50+,12075
October 2005,East Midlands,Age unknown (clerical claims),205
October 2005,East Midlands,Aged 16-24,16425
October 2005,East Midlands,Aged 25-49,28115
October 2005,East Midlands,Aged 50+,9780
October 2005,West Midlands,Age unknown (clerical claims),535
October 2005,West Midlands,Aged 16-24,30050
October 2005,West Midlands,Aged 25-49,50710
October 2005,West Midlands,Aged 50+,15435
October 2005,East,Age unknown (clerical claims),310
October 2005,East,Aged 16-24,17185
October 2005,East,Aged 25-49,29970
October 2005,East,Aged 50+,10785
October 2005,London,Age unknown (clerical claims),2045
October 2005,London,Aged 16-24,46590
October 2005,London,Aged 25-49,94525
October 2005,London,Aged 50+,23350
October 2005,South East,Age unknown (clerical claims),335
October 2005,South East,Aged 16-24,19885
October 2005,South East,Aged 25-49,37710
October 2005,South East,Aged 50+,13840
October 2005,South West,Age unknown (clerical claims),290
October 2005,South West,Aged 16-24,12430
October 2005,South West,Aged 25-49,21070
October 2005,South West,Aged 50+,7590
October 2005,Wales,Age unknown (clerical claims),215
October 2005,Wales,Aged 16-24,14610
October 2005,Wales,Aged 25-49,19970
October 2005,Wales,Aged 50+,6090
October 2005,Scotland,Age unknown (clerical claims),690
October 2005,Scotland,Aged 16-24,24855
October 2005,Scotland,Aged 25-49,42370
October 2005,Scotland,Aged 50+,14130
November 2005,North East,Age unknown (clerical claims),295
November 2005,North East,Aged 16-24,15695
November 2005,North East,Aged 25-49,22630
November 2005,North East,Aged 50+,7555
November 2005,North West,Age unknown (clerical claims),565
November 2005,North West,Aged 16-24,34370
November 2005,North West,Aged 25-49,53245
November 2005,North West,Aged 50+,14885
November 2005,Yorkshire and The Humber,Age unknown (clerical claims),490
November 2005,Yorkshire and The Humber,Aged 16-24,25455
November 2005,Yorkshire and The Humber,Aged 25-49,40765
November 2005,Yorkshire and The Humber,Aged 50+,12565
November 2005,East Midlands,Age unknown (clerical claims),165
November 2005,East Midlands,Aged 16-24,16720
November 2005,East Midlands,Aged 25-49,28750
November 2005,East Midlands,Aged 50+,10100
November 2005,West Midlands,Age unknown (clerical claims),520
November 2005,West Midlands,Aged 16-24,29995
November 2005,West Midlands,Aged 25-49,51260
November 2005,West Midlands,Aged 50+,15735
November 2005,East,Age unknown (clerical claims),295
November 2005,East,Aged 16-24,17355
November 2005,East,Aged 25-49,30360
November 2005,East,Aged 50+,11115
November 2005,London,Age unknown (clerical claims),1710
November 2005,London,Aged 16-24,45230
November 2005,London,Aged 25-49,94745
November 2005,London,Aged 50+,23690
November 2005,South East,Age unknown (clerical claims),290
November 2005,South East,Aged 16-24,20220
November 2005,South East,Aged 25-49,39015
November 2005,South East,Aged 50+,14330
November 2005,South West,Age unknown (clerical claims),265
November 2005,South West,Aged 16-24,12585
November 2005,South West,Aged 25-49,21735
November 2005,South West,Aged 50+,7975
November 2005,Wales,Age unknown (clerical claims),210
November 2005,Wales,Aged 16-24,15085
November 2005,Wales,Aged 25-49,20635
November 2005,Wales,Aged 50+,6385
November 2005,Scotland,Age unknown (clerical claims),590
November 2005,Scotland,Aged 16-24,24815
November 2005,Scotland,Aged 25-49,42855
November 2005,Scotland,Aged 50+,14565
December 2005,North East,Age unknown (clerical claims),265
December 2005,North East,Aged 16-24,15830
December 2005,North East,Aged 25-49,23190
December 2005,North East,Aged 50+,7600
December 2005,North West,Age unknown (clerical claims),550
December 2005,North West,Aged 16-24,35635
December 2005,North West,Aged 25-49,54695
December 2005,North West,Aged 50+,15055
December 2005,Yorkshire and The Humber,Age unknown (clerical claims),455
December 2005,Yorkshire and The Humber,Aged 16-24,26455
December 2005,Yorkshire and The Humber,Aged 25-49,42575
December 2005,Yorkshire and The Humber,Aged 50+,13040
December 2005,East Midlands,Age unknown (clerical claims),165
December 2005,East Midlands,Aged 16-24,17195
December 2005,East Midlands,Aged 25-49,29740
December 2005,East Midlands,Aged 50+,10280
December 2005,West Midlands,Age unknown (clerical claims),580
December 2005,West Midlands,Aged 16-24,30690
December 2005,West Midlands,Aged 25-49,52545
December 2005,West Midlands,Aged 50+,15930
December 2005,East,Age unknown (clerical claims),340
December 2005,East,Aged 16-24,17465
December 2005,East,Aged 25-49,31135
December 2005,East,Aged 50+,11260
December 2005,London,Age unknown (clerical claims),1545
December 2005,London,Aged 16-24,44930
December 2005,London,Aged 25-49,95680
December 2005,London,Aged 50+,23930
December 2005,South East,Age unknown (clerical claims),315
December 2005,South East,Aged 16-24,20645
December 2005,South East,Aged 25-49,40475
December 2005,South East,Aged 50+,14705
December 2005,South West,Age unknown (clerical claims),255
December 2005,South West,Aged 16-24,12730
December 2005,South West,Aged 25-49,22215
December 2005,South West,Aged 50+,8135
December 2005,Wales,Age unknown (clerical claims),170
December 2005,Wales,Aged 16-24,15555
December 2005,Wales,Aged 25-49,21325
December 2005,Wales,Aged 50+,6615
December 2005,Scotland,Age unknown (clerical claims),585
December 2005,Scotland,Aged 16-24,24755
December 2005,Scotland,Aged 25-49,43655
December 2005,Scotland,Aged 50+,14630
January 2006,North East,Age unknown (clerical claims),255
January 2006,North East,Aged 16-24,17315
January 2006,North East,Aged 25-49,25345
January 2006,North East,Aged 50+,8175
January 2006,North West,Age unknown (clerical claims),560
January 2006,North West,Aged 16-24,38605
January 2006,North West,Aged 25-49,59400
January 2006,North West,Aged 50+,16480
January 2006,Yorkshire and The Humber,Age unknown (clerical claims),520
January 2006,Yorkshire and The Humber,Aged 16-24,28450
January 2006,Yorkshire and The Humber,Aged 25-49,45870
January 2006,Yorkshire and The Humber,Aged 50+,14050
January 2006,East Midlands,Age unknown (clerical claims),195
January 2006,East Midlands,Aged 16-24,18605
January 2006,East Midlands,Aged 25-49,31775
January 2006,East Midlands,Aged 50+,10905
January 2006,West Midlands,Age unknown (clerical claims),670
January 2006,West Midlands,Aged 16-24,32585
January 2006,West Midlands,Aged 25-49,55795
January 2006,West Midlands,Aged 50+,16970
January 2006,East,Age unknown (clerical claims),380
January 2006,East,Aged 16-24,19105
January 2006,East,Aged 25-49,33505
January 2006,East,Aged 50+,12135
January 2006,London,Age unknown (clerical claims),1510
January 2006,London,Aged 16-24,44980
January 2006,London,Aged 25-49,98085
January 2006,London,Aged 50+,24555
January 2006,South East,Age unknown (clerical claims),360
January 2006,South East,Aged 16-24,22460
January 2006,South East,Aged 25-49,43415
January 2006,South East,Aged 50+,15925
January 2006,South West,Age unknown (clerical claims),250
January 2006,South West,Aged 16-24,14190
January 2006,South West,Aged 25-49,24560
January 2006,South West,Aged 50+,8890
January 2006,Wales,Age unknown (clerical claims),200
January 2006,Wales,Aged 16-24,16790
January 2006,Wales,Aged 25-49,23060
January 2006,Wales,Aged 50+,7135
January 2006,Scotland,Age unknown (clerical claims),595
January 2006,Scotland,Aged 16-24,27860
January 2006,Scotland,Aged 25-49,48250
January 2006,Scotland,Aged 50+,15885
February 2006,North East,Age unknown (clerical claims),290
February 2006,North East,Aged 16-24,18425
February 2006,North East,Aged 25-49,25605
February 2006,North East,Aged 50+,8260
February 2006,North West,Age unknown (clerical claims),555
February 2006,North West,Aged 16-24,41415
February 2006,North West,Aged 25-49,60790
February 2006,North West,Aged 50+,16805
February 2006,Yorkshire and The Humber,Age unknown (clerical claims),455
February 2006,Yorkshire and The Humber,Aged 16-24,29730
February 2006,Yorkshire and The Humber,Aged 25-49,46755
February 2006,Yorkshire and The Humber,Aged 50+,14325
February 2006,East Midlands,Age unknown (clerical claims),195
February 2006,East Midlands,Aged 16-24,20000
February 2006,East Midlands,Aged 25-49,32725
February 2006,East Midlands,Aged 50+,11190
February 2006,West Midlands,Age unknown (clerical claims),745
February 2006,West Midlands,Aged 16-24,34035
February 2006,West Midlands,Aged 25-49,56920
February 2006,West Midlands,Aged 50+,17230
February 2006,East,Age unknown (clerical claims),315
February 2006,East,Aged 16-24,20945
February 2006,East,Aged 25-49,34660
February 2006,East,Aged 50+,12445
February 2006,London,Age unknown (clerical claims),1170
February 2006,London,Aged 16-24,46420
February 2006,London,Aged 25-49,98950
February 2006,London,Aged 50+,24720
February 2006,South East,Age unknown (clerical claims),365
February 2006,South East,Aged 16-24,24315
February 2006,South East,Aged 25-49,44915
February 2006,South East,Aged 50+,16380
February 2006,South West,Age unknown (clerical claims),275
February 2006,South West,Aged 16-24,15505
February 2006,South West,Aged 25-49,25160
February 2006,South West,Aged 50+,9225
February 2006,Wales,Age unknown (clerical claims),200
February 2006,Wales,Aged 16-24,17500
February 2006,Wales,Aged 25-49,23435
February 2006,Wales,Aged 50+,7155
February 2006,Scotland,Age unknown (clerical claims),595
February 2006,Scotland,Aged 16-24,29665
February 2006,Scotland,Aged 25-49,48905
February 2006,Scotland,Aged 50+,16025
March 2006,North East,Age unknown (clerical claims),310
March 2006,North East,Aged 16-24,18290
March 2006,North East,Aged 25-49,25555
March 2006,North East,Aged 50+,8230
March 2006,North West,Age unknown (clerical claims),540
March 2006,North West,Aged 16-24,41920
March 2006,North West,Aged 25-49,60810
March 2006,North West,Aged 50+,16910
March 2006,Yorkshire and The Humber,Age unknown (clerical claims),475
March 2006,Yorkshire and The Humber,Aged 16-24,30140
March 2006,Yorkshire and The Humber,Aged 25-49,47185
March 2006,Yorkshire and The Humber,Aged 50+,14280
March 2006,East Midlands,Age unknown (clerical claims),300
March 2006,East Midlands,Aged 16-24,20545
March 2006,East Midlands,Aged 25-49,32780
March 2006,East Midlands,Aged 50+,11235
March 2006,West Midlands,Age unknown (clerical claims),640
March 2006,West Midlands,Aged 16-24,34985
March 2006,West Midlands,Aged 25-49,57825
March 2006,West Midlands,Aged 50+,17480
March 2006,East,Age unknown (clerical claims),255
March 2006,East,Aged 16-24,21425
March 2006,East,Aged 25-49,34785
March 2006,East,Aged 50+,12455
March 2006,London,Age unknown (clerical claims),1415
March 2006,London,Aged 16-24,46370
March 2006,London,Aged 25-49,98020
March 2006,London,Aged 50+,24515
March 2006,South East,Age unknown (clerical claims),330
March 2006,South East,Aged 16-24,25235
March 2006,South East,Aged 25-49,45290
March 2006,South East,Aged 50+,16525
March 2006,South West,Age unknown (clerical claims),260
March 2006,South West,Aged 16-24,15685
March 2006,South West,Aged 25-49,25105
March 2006,South West,Aged 50+,9100
March 2006,Wales,Age unknown (clerical claims),230
March 2006,Wales,Aged 16-24,17400
March 2006,Wales,Aged 25-49,23235
March 2006,Wales,Aged 50+,7055
March 2006,Scotland,Age unknown (clerical claims),550
March 2006,Scotland,Aged 16-24,30190
March 2006,Scotland,Aged 25-49,48730
March 2006,Scotland,Aged 50+,15890
April 2006,North East,Age unknown (clerical claims),330
April 2006,North East,Aged 16-24,17845
April 2006,North East,Aged 25-49,25430
April 2006,North East,Aged 50+,8225
April 2006,North West,Age unknown (clerical claims),545
April 2006,North West,Aged 16-24,41575
April 2006,North West,Aged 25-49,60740
April 2006,North West,Aged 50+,17105
April 2006,Yorkshire and The Humber,Age unknown (clerical claims),450
April 2006,Yorkshire and The Humber,Aged 16-24,29385
April 2006,Yorkshire and The Humber,Aged 25-49,46590
April 2006,Yorkshire and The Humber,Aged 50+,14170
April 2006,East Midlands,Age unknown (clerical claims),275
April 2006,East Midlands,Aged 16-24,20290
April 2006,East Midlands,Aged 25-49,32810
April 2006,East Midlands,Aged 50+,11180
April 2006,West Midlands,Age unknown (clerical claims),555
April 2006,West Midlands,Aged 16-24,35425
April 2006,West Midlands,Aged 25-49,58840
April 2006,West Midlands,Aged 50+,17840
April 2006,East,Age unknown (clerical claims),230
April 2006,East,Aged 16-24,20955
April 2006,East,Aged 25-49,34655
April 2006,East,Aged 50+,12510
April 2006,London,Age unknown (clerical claims),1380
April 2006,London,Aged 16-24,46280
April 2006,London,Aged 25-49,97955
April 2006,London,Aged 50+,24895
April 2006,South East,Age unknown (clerical claims),315
April 2006,South East,Aged 16-24,24165
April 2006,South East,Aged 25-49,43965
April 2006,South East,Aged 50+,16205
April 2006,South West,Age unknown (clerical claims),235
April 2006,South West,Aged 16-24,15505
April 2006,South West,Aged 25-49,25440
April 2006,South West,Aged 50+,9120
April 2006,Wales,Age unknown (clerical claims),175
April 2006,Wales,Aged 16-24,16930
April 2006,Wales,Aged 25-49,22805
April 2006,Wales,Aged 50+,7010
April 2006,Scotland,Age unknown (clerical claims),510
April 2006,Scotland,Aged 16-24,29095
April 2006,Scotland,Aged 25-49,47485
April 2006,Scotland,Aged 50+,15575
May 2006,North East,Age unknown (clerical claims),295
May 2006,North East,Aged 16-24,17430
May 2006,North East,Aged 25-49,25080
May 2006,North East,Aged 50+,8100
May 2006,North West,Age unknown (clerical claims),535
May 2006,North West,Aged 16-24,40220
May 2006,North West,Aged 25-49,60360
May 2006,North West,Aged 50+,16890
May 2006,Yorkshire and The Humber,Age unknown (clerical claims),405
May 2006,Yorkshire and The Humber,Aged 16-24,28690
May 2006,Yorkshire and The Humber,Aged 25-49,46190
May 2006,Yorkshire and The Humber,Aged 50+,14110
May 2006,East Midlands,Age unknown (clerical claims),255
May 2006,East Midlands,Aged 16-24,19615
May 2006,East Midlands,Aged 25-49,32365
May 2006,East Midlands,Aged 50+,11050
May 2006,West Midlands,Age unknown (clerical claims),515
May 2006,West Midlands,Aged 16-24,34470
May 2006,West Midlands,Aged 25-49,58150
May 2006,West Midlands,Aged 50+,17645
May 2006,East,Age unknown (clerical claims),205
May 2006,East,Aged 16-24,20085
May 2006,East,Aged 25-49,34120
May 2006,East,Aged 50+,12420
May 2006,London,Age unknown (clerical claims),1120
May 2006,London,Aged 16-24,45365
May 2006,London,Aged 25-49,97990
May 2006,London,Aged 50+,25050
May 2006,South East,Age unknown (clerical claims),290
May 2006,South East,Aged 16-24,23655
May 2006,South East,Aged 25-49,43875
May 2006,South East,Aged 50+,16345
May 2006,South West,Age unknown (clerical claims),255
May 2006,South West,Aged 16-24,14880
May 2006,South West,Aged 25-49,25035
May 2006,South West,Aged 50+,8925
May 2006,Wales,Age unknown (clerical claims),175
May 2006,Wales,Aged 16-24,16155
May 2006,Wales,Aged 25-49,22160
May 2006,Wales,Aged 50+,6750
May 2006,Scotland,Age unknown (clerical claims),515
May 2006,Scotland,Aged 16-24,28280
May 2006,Scotland,Aged 25-49,46735
May 2006,Scotland,Aged 50+,15300
June 2006,North East,Age unknown (clerical claims),275
June 2006,North East,Aged 16-24,16890
June 2006,North East,Aged 25-49,24875
June 2006,North East,Aged 50+,8105
June 2006,North West,Age unknown (clerical claims),570
June 2006,North West,Aged 16-24,39635
June 2006,North West,Aged 25-49,60210
June 2006,North West,Aged 50+,16690
June 2006,Yorkshire and The Humber,Age unknown (clerical claims),425
June 2006,Yorkshire and The Humber,Aged 16-24,27795
June 2006,Yorkshire and The Humber,Aged 25-49,45625
June 2006,Yorkshire and The Humber,Aged 50+,13890
June 2006,East Midlands,Age unknown (clerical claims),325
June 2006,East Midlands,Aged 16-24,19210
June 2006,East Midlands,Aged 25-49,31975
June 2006,East Midlands,Aged 50+,10800
June 2006,West Midlands,Age unknown (clerical claims),565
June 2006,West Midlands,Aged 16-24,33970
June 2006,West Midlands,Aged 25-49,57480
June 2006,West Midlands,Aged 50+,17250
June 2006,East,Age unknown (clerical claims),195
June 2006,East,Aged 16-24,19455
June 2006,East,Aged 25-49,33770
June 2006,East,Aged 50+,12195
June 2006,London,Age unknown (clerical claims),1040
June 2006,London,Aged 16-24,45105
June 2006,London,Aged 25-49,97705
June 2006,London,Aged 50+,25040
June 2006,South East,Age unknown (clerical claims),300
June 2006,South East,Aged 16-24,23020
June 2006,South East,Aged 25-49,43275
June 2006,South East,Aged 50+,16170
June 2006,South West,Age unknown (clerical claims),265
June 2006,South West,Aged 16-24,14335
June 2006,South West,Aged 25-49,24675
June 2006,South West,Aged 50+,8780
June 2006,Wales,Age unknown (clerical claims),185
June 2006,Wales,Aged 16-24,15245
June 2006,Wales,Aged 25-49,21445
June 2006,Wales,Aged 50+,6610
June 2006,Scotland,Age unknown (clerical claims),530
June 2006,Scotland,Aged 16-24,28180
June 2006,Scotland,Aged 25-49,46345
June 2006,Scotland,Aged 50+,15030
July 2006,North East,Age unknown (clerical claims),220
July 2006,North East,Aged 16-24,17045
July 2006,North East,Aged 25-49,24540
July 2006,North East,Aged 50+,8020
July 2006,North West,Age unknown (clerical claims),610
July 2006,North West,Aged 16-24,40635
July 2006,North West,Aged 25-49,60045
July 2006,North West,Aged 50+,16495
July 2006,Yorkshire and The Humber,Age unknown (clerical claims),350
July 2006,Yorkshire and The Humber,Aged 16-24,28775
July 2006,Yorkshire and The Humber,Aged 25-49,45635
July 2006,Yorkshire and The Humber,Aged 50+,13880
July 2006,East Midlands,Age unknown (clerical claims),295
July 2006,East Midlands,Aged 16-24,19885
July 2006,East Midlands,Aged 25-49,31910
July 2006,East Midlands,Aged 50+,10630
July 2006,West Midlands,Age unknown (clerical claims),570
July 2006,West Midlands,Aged 16-24,35525
July 2006,West Midlands,Aged 25-49,57420
July 2006,West Midlands,Aged 50+,17195
July 2006,East,Age unknown (clerical claims),190
July 2006,East,Aged 16-24,19635
July 2006,East,Aged 25-49,33515
July 2006,East,Aged 50+,12075
July 2006,London,Age unknown (clerical claims),1055
July 2006,London,Aged 16-24,46615
July 2006,London,Aged 25-49,96790
July 2006,London,Aged 50+,24920
July 2006,South East,Age unknown (clerical claims),280
July 2006,South East,Aged 16-24,24135
July 2006,South East,Aged 25-49,43325
July 2006,South East,Aged 50+,15975
July 2006,South West,Age unknown (clerical claims),215
July 2006,South West,Aged 16-24,14750
July 2006,South West,Aged 25-49,24595
July 2006,South West,Aged 50+,8590
July 2006,Wales,Age unknown (clerical claims),115
July 2006,Wales,Aged 16-24,15835
July 2006,Wales,Aged 25-49,21325
July 2006,Wales,Aged 50+,6460
July 2006,Scotland,Age unknown (clerical claims),535
July 2006,Scotland,Aged 16-24,29810
July 2006,Scotland,Aged 25-49,46905
July 2006,Scotland,Aged 50+,14850
August 2006,North East,Age unknown (clerical claims),210
August 2006,North East,Aged 16-24,17365
August 2006,North East,Aged 25-49,24530
August 2006,North East,Aged 50+,8075
August 2006,North West,Age unknown (clerical claims),595
August 2006,North West,Aged 16-24,40965
August 2006,North West,Aged 25-49,59425
August 2006,North West,Aged 50+,16345
August 2006,Yorkshire and The Humber,Age unknown (clerical claims),365
August 2006,Yorkshire and The Humber,Aged 16-24,29115
August 2006,Yorkshire and The Humber,Aged 25-49,45810
August 2006,Yorkshire and The Humber,Aged 50+,13865
August 2006,East Midlands,Age unknown (clerical claims),275
August 2006,East Midlands,Aged 16-24,20555
August 2006,East Midlands,Aged 25-49,32255
August 2006,East Midlands,Aged 50+,10690
August 2006,West Midlands,Age unknown (clerical claims),545
August 2006,West Midlands,Aged 16-24,36030
August 2006,West Midlands,Aged 25-49,57710
August 2006,West Midlands,Aged 50+,17175
August 2006,East,Age unknown (clerical claims),200
August 2006,East,Aged 16-24,19820
August 2006,East,Aged 25-49,32640
August 2006,East,Aged 50+,11755
August 2006,London,Age unknown (clerical claims),995
August 2006,London,Aged 16-24,46350
August 2006,London,Aged 25-49,94455
August 2006,London,Aged 50+,24520
August 2006,South East,Age unknown (clerical claims),300
August 2006,South East,Aged 16-24,23980
August 2006,South East,Aged 25-49,41760
August 2006,South East,Aged 50+,15305
August 2006,South West,Age unknown (clerical claims),235
August 2006,South West,Aged 16-24,15245
August 2006,South West,Aged 25-49,24760
August 2006,South West,Aged 50+,8730
August 2006,Wales,Age unknown (clerical claims),130
August 2006,Wales,Aged 16-24,16290
August 2006,Wales,Aged 25-49,21465
August 2006,Wales,Aged 50+,6470
August 2006,Scotland,Age unknown (clerical claims),535
August 2006,Scotland,Aged 16-24,29920
August 2006,Scotland,Aged 25-49,46910
August 2006,Scotland,Aged 50+,14830
September 2006,North East,Age unknown (clerical claims),155
September 2006,North East,Aged 16-24,17390
September 2006,North East,Aged 25-49,24175
September 2006,North East,Aged 50+,8070
September 2006,North West,Age unknown (clerical claims),595
September 2006,North West,Aged 16-24,41175
September 2006,North West,Aged 25-49,59350
September 2006,North West,Aged 50+,16360
September 2006,Yorkshire and The Humber,Age unknown (clerical claims),405
September 2006,Yorkshire and The Humber,Aged 16-24,28625
September 2006,Yorkshire and The Humber,Aged 25-49,45495
September 2006,Yorkshire and The Humber,Aged 50+,13725
September 2006,East Midlands,Age unknown (clerical claims),260
September 2006,East Midlands,Aged 16-24,20600
September 2006,East Midlands,Aged 25-49,31665
September 2006,East Midlands,Aged 50+,10475
September 2006,West Midlands,Age unknown (clerical claims),630
September 2006,West Midlands,Aged 16-24,35855
September 2006,West Midlands,Aged 25-49,57140
September 2006,West Midlands,Aged 50+,17040
September 2006,East,Age unknown (clerical claims),170
September 2006,East,Aged 16-24,20225
September 2006,East,Aged 25-49,33240
September 2006,East,Aged 50+,11935
September 2006,London,Age unknown (clerical claims),1140
September 2006,London,Aged 16-24,47795
September 2006,London,Aged 25-49,95660
September 2006,London,Aged 50+,24810
September 2006,South East,Age unknown (clerical claims),275
September 2006,South East,Aged 16-24,24390
September 2006,South East,Aged 25-49,42325
September 2006,South East,Aged 50+,15525
September 2006,South West,Age unknown (clerical claims),260
September 2006,South West,Aged 16-24,15165
September 2006,South West,Aged 25-49,24525
September 2006,South West,Aged 50+,8690
September 2006,Wales,Age unknown (clerical claims),115
September 2006,Wales,Aged 16-24,15810
September 2006,Wales,Aged 25-49,21050
September 2006,Wales,Aged 50+,6345
September 2006,Scotland,Age unknown (clerical claims),500
September 2006,Scotland,Aged 16-24,26745
September 2006,Scotland,Aged 25-49,44260
September 2006,Scotland,Aged 50+,14355
October 2006,North East,Age unknown (clerical claims),160
October 2006,North East,Aged 16-24,16960
October 2006,North East,Aged 25-49,24115
October 2006,North East,Aged 50+,8215
October 2006,North West,Age unknown (clerical claims),610
October 2006,North West,Aged 16-24,39495
October 2006,North West,Aged 25-49,58135
October 2006,North West,Aged 50+,16335
October 2006,Yorkshire and The Humber,Age unknown (clerical claims),405
October 2006,Yorkshire and The Humber,Aged 16-24,27685
October 2006,Yorkshire and The Humber,Aged 25-49,44810
October 2006,Yorkshire and The Humber,Aged 50+,13625
October 2006,East Midlands,Age unknown (clerical claims),280
October 2006,East Midlands,Aged 16-24,19520
October 2006,East Midlands,Aged 25-49,31175
October 2006,East Midlands,Aged 50+,10420
October 2006,West Midlands,Age unknown (clerical claims),660
October 2006,West Midlands,Aged 16-24,33910
October 2006,West Midlands,Aged 25-49,55935
October 2006,West Midlands,Aged 50+,16755
October 2006,East,Age unknown (clerical claims),145
October 2006,East,Aged 16-24,20270
October 2006,East,Aged 25-49,33240
October 2006,East,Aged 50+,12070
October 2006,London,Age unknown (clerical claims),1155
October 2006,London,Aged 16-24,45795
October 2006,London,Aged 25-49,95040
October 2006,London,Aged 50+,24730
October 2006,South East,Age unknown (clerical claims),265
October 2006,South East,Aged 16-24,23560
October 2006,South East,Aged 25-49,41665
October 2006,South East,Aged 50+,15430
October 2006,South West,Age unknown (clerical claims),250
October 2006,South West,Aged 16-24,14690
October 2006,South West,Aged 25-49,24085
October 2006,South West,Aged 50+,8635
October 2006,Wales,Age unknown (clerical claims),110
October 2006,Wales,Aged 16-24,15095
October 2006,Wales,Aged 25-49,20495
October 2006,Wales,Aged 50+,6295
October 2006,Scotland,Age unknown (clerical claims),545
October 2006,Scotland,Aged 16-24,25775
October 2006,Scotland,Aged 25-49,43470
October 2006,Scotland,Aged 50+,14310
November 2006,North East,Age unknown (clerical claims),200
November 2006,North East,Aged 16-24,16885
November 2006,North East,Aged 25-49,24555
November 2006,North East,Aged 50+,8405
November 2006,North West,Age unknown (clerical claims),530
November 2006,North West,Aged 16-24,38260
November 2006,North West,Aged 25-49,57835
November 2006,North West,Aged 50+,16250
November 2006,Yorkshire and The Humber,Age unknown (clerical claims),385
November 2006,Yorkshire and The Humber,Aged 16-24,26740
November 2006,Yorkshire and The Humber,Aged 25-49,44605
November 2006,Yorkshire and The Humber,Aged 50+,13635
November 2006,East Midlands,Age unknown (clerical claims),295
November 2006,East Midlands,Aged 16-24,18905
November 2006,East Midlands,Aged 25-49,30845
November 2006,East Midlands,Aged 50+,10510
November 2006,West Midlands,Age unknown (clerical claims),550
November 2006,West Midlands,Aged 16-24,33115
November 2006,West Midlands,Aged 25-49,55855
November 2006,West Midlands,Aged 50+,16860
November 2006,East,Age unknown (clerical claims),115
November 2006,East,Aged 16-24,19850
November 2006,East,Aged 25-49,33470
November 2006,East,Aged 50+,12365
November 2006,London,Age unknown (clerical claims),1170
November 2006,London,Aged 16-24,44040
November 2006,London,Aged 25-49,93820
November 2006,London,Aged 50+,24550
November 2006,South East,Age unknown (clerical claims),265
November 2006,South East,Aged 16-24,22640
November 2006,South East,Aged 25-49,40975
November 2006,South East,Aged 50+,15300
November 2006,South West,Age unknown (clerical claims),225
November 2006,South West,Aged 16-24,14385
November 2006,South West,Aged 25-49,24155
November 2006,South West,Aged 50+,8620
November 2006,Wales,Age unknown (clerical claims),90
November 2006,Wales,Aged 16-24,14745
November 2006,Wales,Aged 25-49,20280
November 2006,Wales,Aged 50+,6280
November 2006,Scotland,Age unknown (clerical claims),445
November 2006,Scotland,Aged 16-24,25235
November 2006,Scotland,Aged 25-49,43365
November 2006,Scotland,Aged 50+,14225
December 2006,North East,Age unknown (clerical claims),290
December 2006,North East,Aged 16-24,17065
December 2006,North East,Aged 25-49,25330
December 2006,North East,Aged 50+,8600
December 2006,North West,Age unknown (clerical claims),530
December 2006,North West,Aged 16-24,38765
December 2006,North West,Aged 25-49,59005
December 2006,North West,Aged 50+,16430
December 2006,Yorkshire and The Humber,Age unknown (clerical claims),355
December 2006,Yorkshire and The Humber,Aged 16-24,27255
December 2006,Yorkshire and The Humber,Aged 25-49,44870
December 2006,Yorkshire and The Humber,Aged 50+,13685
December 2006,East Midlands,Age unknown (clerical claims),260
December 2006,East Midlands,Aged 16-24,18805
December 2006,East Midlands,Aged 25-49,31210
December 2006,East Midlands,Aged 50+,10500
December 2006,West Midlands,Age unknown (clerical claims),590
December 2006,West Midlands,Aged 16-24,33390
December 2006,West Midlands,Aged 25-49,56605
December 2006,West Midlands,Aged 50+,16920
December 2006,East,Age unknown (clerical claims),130
December 2006,East,Aged 16-24,19380
December 2006,East,Aged 25-49,33520
December 2006,East,Aged 50+,12330
December 2006,London,Age unknown (clerical claims),1110
December 2006,London,Aged 16-24,42770
December 2006,London,Aged 25-49,92580
December 2006,London,Aged 50+,24295
December 2006,South East,Age unknown (clerical claims),220
December 2006,South East,Aged 16-24,22065
December 2006,South East,Aged 25-49,40765
December 2006,South East,Aged 50+,15105
December 2006,South West,Age unknown (clerical claims),190
December 2006,South West,Aged 16-24,14555
December 2006,South West,Aged 25-49,24490
December 2006,South West,Aged 50+,8755
December 2006,Wales,Age unknown (clerical claims),115
December 2006,Wales,Aged 16-24,15025
December 2006,Wales,Aged 25-49,20725
December 2006,Wales,Aged 50+,6340
December 2006,Scotland,Age unknown (clerical claims),395
December 2006,Scotland,Aged 16-24,24975
December 2006,Scotland,Aged 25-49,43415
December 2006,Scotland,Aged 50+,14030
January 2007,North East,Age unknown (clerical claims),260
January 2007,North East,Aged 16-24,18495
January 2007,North East,Aged 25-49,26955
January 2007,North East,Aged 50+,8995
January 2007,North West,Age unknown (clerical claims),535
January 2007,North West,Aged 16-24,40390
January 2007,North West,Aged 25-49,62375
January 2007,North West,Aged 50+,17560
January 2007,Yorkshire and The Humber,Age unknown (clerical claims),405
January 2007,Yorkshire and The Humber,Aged 16-24,28790
January 2007,Yorkshire and The Humber,Aged 25-49,46975
January 2007,Yorkshire and The Humber,Aged 50+,14225
January 2007,East Midlands,Age unknown (clerical claims),220
January 2007,East Midlands,Aged 16-24,19915
January 2007,East Midlands,Aged 25-49,33035
January 2007,East Midlands,Aged 50+,11125
January 2007,West Midlands,Age unknown (clerical claims),660
January 2007,West Midlands,Aged 16-24,34845
January 2007,West Midlands,Aged 25-49,59385
January 2007,West Midlands,Aged 50+,17930
January 2007,East,Age unknown (clerical claims),165
January 2007,East,Aged 16-24,20625
January 2007,East,Aged 25-49,35245
January 2007,East,Aged 50+,12930
January 2007,London,Age unknown (clerical claims),1080
January 2007,London,Aged 16-24,41825
January 2007,London,Aged 25-49,92495
January 2007,London,Aged 50+,24475
January 2007,South East,Age unknown (clerical claims),210
January 2007,South East,Aged 16-24,23210
January 2007,South East,Aged 25-49,42395
January 2007,South East,Aged 50+,15890
January 2007,South West,Age unknown (clerical claims),165
January 2007,South West,Aged 16-24,15590
January 2007,South West,Aged 25-49,25930
January 2007,South West,Aged 50+,9280
January 2007,Wales,Age unknown (clerical claims),130
January 2007,Wales,Aged 16-24,16230
January 2007,Wales,Aged 25-49,22245
January 2007,Wales,Aged 50+,6815
January 2007,Scotland,Age unknown (clerical claims),395
January 2007,Scotland,Aged 16-24,26800
January 2007,Scotland,Aged 25-49,46460
January 2007,Scotland,Aged 50+,14965
February 2007,North East,Age unknown (clerical claims),215
February 2007,North East,Aged 16-24,19065
February 2007,North East,Aged 25-49,26995
February 2007,North East,Aged 50+,8790
February 2007,North West,Age unknown (clerical claims),550
February 2007,North West,Aged 16-24,41740
February 2007,North West,Aged 25-49,62785
February 2007,North West,Aged 50+,17285
February 2007,Yorkshire and The Humber,Age unknown (clerical claims),300
February 2007,Yorkshire and The Humber,Aged 16-24,29810
February 2007,Yorkshire and The Humber,Aged 25-49,46740
February 2007,Yorkshire and The Humber,Aged 50+,14010
February 2007,East Midlands,Age unknown (clerical claims),220
February 2007,East Midlands,Aged 16-24,20880
February 2007,East Midlands,Aged 25-49,33440
February 2007,East Midlands,Aged 50+,11130
February 2007,West Midlands,Age unknown (clerical claims),585
February 2007,West Midlands,Aged 16-24,35535
February 2007,West Midlands,Aged 25-49,59680
February 2007,West Midlands,Aged 50+,17800
February 2007,East,Age unknown (clerical claims),150
February 2007,East,Aged 16-24,21995
February 2007,East,Aged 25-49,35895
February 2007,East,Aged 50+,13005
February 2007,London,Age unknown (clerical claims),1000
February 2007,London,Aged 16-24,42510
February 2007,London,Aged 25-49,91825
February 2007,London,Aged 50+,24115
February 2007,South East,Age unknown (clerical claims),205
February 2007,South East,Aged 16-24,24365
February 2007,South East,Aged 25-49,42500
February 2007,South East,Aged 50+,15675
February 2007,South West,Age unknown (clerical claims),155
February 2007,South West,Aged 16-24,16605
February 2007,South West,Aged 25-49,25840
February 2007,South West,Aged 50+,9165
February 2007,Wales,Age unknown (clerical claims),140
February 2007,Wales,Aged 16-24,17155
February 2007,Wales,Aged 25-49,22255
February 2007,Wales,Aged 50+,6685
February 2007,Scotland,Age unknown (clerical claims),435
February 2007,Scotland,Aged 16-24,27930
February 2007,Scotland,Aged 25-49,46630
February 2007,Scotland,Aged 50+,14805
March 2007,North East,Age unknown (clerical claims),225
March 2007,North East,Aged 16-24,18615
March 2007,North East,Aged 25-49,26370
March 2007,North East,Aged 50+,8615
March 2007,North West,Age unknown (clerical claims),525
March 2007,North West,Aged 16-24,40950
March 2007,North West,Aged 25-49,61450
March 2007,North West,Aged 50+,16835
March 2007,Yorkshire and The Humber,Age unknown (clerical claims),245
March 2007,Yorkshire and The Humber,Aged 16-24,29395
March 2007,Yorkshire and The Humber,Aged 25-49,45750
March 2007,Yorkshire and The Humber,Aged 50+,13675
March 2007,East Midlands,Age unknown (clerical claims),195
March 2007,East Midlands,Aged 16-24,20915
March 2007,East Midlands,Aged 25-49,32785
March 2007,East Midlands,Aged 50+,10955
March 2007,West Midlands,Age unknown (clerical claims),555
March 2007,West Midlands,Aged 16-24,34925
March 2007,West Midlands,Aged 25-49,58605
March 2007,West Midlands,Aged 50+,17405
March 2007,East,Age unknown (clerical claims),125
March 2007,East,Aged 16-24,21570
March 2007,East,Aged 25-49,34930
March 2007,East,Aged 50+,12580
March 2007,London,Age unknown (clerical claims),955
March 2007,London,Aged 16-24,42310
March 2007,London,Aged 25-49,91075
March 2007,London,Aged 50+,23890
March 2007,South East,Age unknown (clerical claims),190
March 2007,South East,Aged 16-24,23975
March 2007,South East,Aged 25-49,41540
March 2007,South East,Aged 50+,15260
March 2007,South West,Age unknown (clerical claims),165
March 2007,South West,Aged 16-24,16135
March 2007,South West,Aged 25-49,25075
March 2007,South West,Aged 50+,8850
March 2007,Wales,Age unknown (clerical claims),125
March 2007,Wales,Aged 16-24,16810
March 2007,Wales,Aged 25-49,21610
March 2007,Wales,Aged 50+,6545
March 2007,Scotland,Age unknown (clerical claims),425
March 2007,Scotland,Aged 16-24,27455
March 2007,Scotland,Aged 25-49,45125
March 2007,Scotland,Aged 50+,14390
April 2007,North East,Age unknown (clerical claims),200
April 2007,North East,Aged 16-24,17625
April 2007,North East,Aged 25-49,25870
April 2007,North East,Aged 50+,8400
April 2007,North West,Age unknown (clerical claims),445
April 2007,North West,Aged 16-24,38940
April 2007,North West,Aged 25-49,59650
April 2007,North West,Aged 50+,16550
April 2007,Yorkshire and The Humber,Age unknown (clerical claims),235
April 2007,Yorkshire and The Humber,Aged 16-24,28295
April 2007,Yorkshire and The Humber,Aged 25-49,44465
April 2007,Yorkshire and The Humber,Aged 50+,13540
April 2007,East Midlands,Age unknown (clerical claims),265
April 2007,East Midlands,Aged 16-24,19750
April 2007,East Midlands,Aged 25-49,31545
April 2007,East Midlands,Aged 50+,10645
April 2007,West Midlands,Age unknown (clerical claims),570
April 2007,West Midlands,Aged 16-24,33065
April 2007,West Midlands,Aged 25-49,56725
April 2007,West Midlands,Aged 50+,17155
April 2007,East,Age unknown (clerical claims),90
April 2007,East,Aged 16-24,20065
April 2007,East,Aged 25-49,33595
April 2007,East,Aged 50+,12155
April 2007,London,Age unknown (clerical claims),840
April 2007,London,Aged 16-24,40435
April 2007,London,Aged 25-49,88665
April 2007,London,Aged 50+,23580
April 2007,South East,Age unknown (clerical claims),145
April 2007,South East,Aged 16-24,22595
April 2007,South East,Aged 25-49,40295
April 2007,South East,Aged 50+,14810
April 2007,South West,Age unknown (clerical claims),160
April 2007,South West,Aged 16-24,14470
April 2007,South West,Aged 25-49,23490
April 2007,South West,Aged 50+,8380
April 2007,Wales,Age unknown (clerical claims),110
April 2007,Wales,Aged 16-24,15615
April 2007,Wales,Aged 25-49,20740
April 2007,Wales,Aged 50+,6360
April 2007,Scotland,Age unknown (clerical claims),505
April 2007,Scotland,Aged 16-24,25600
April 2007,Scotland,Aged 25-49,42940
April 2007,Scotland,Aged 50+,13755
May 2007,North East,Age unknown (clerical claims),210
May 2007,North East,Aged 16-24,16875
May 2007,North East,Aged 25-49,24980
May 2007,North East,Aged 50+,7995
May 2007,North West,Age unknown (clerical claims),480
May 2007,North West,Aged 16-24,37420
May 2007,North West,Aged 25-49,57700
May 2007,North West,Aged 50+,15950
May 2007,Yorkshire and The Humber,Age unknown (clerical claims),235
May 2007,Yorkshire and The Humber,Aged 16-24,27295
May 2007,Yorkshire and The Humber,Aged 25-49,43330
May 2007,Yorkshire and The Humber,Aged 50+,13125
May 2007,East Midlands,Age unknown (clerical claims),235
May 2007,East Midlands,Aged 16-24,19320
May 2007,East Midlands,Aged 25-49,30985
May 2007,East Midlands,Aged 50+,10290
May 2007,West Midlands,Age unknown (clerical claims),540
May 2007,West Midlands,Aged 16-24,32085
May 2007,West Midlands,Aged 25-49,55360
May 2007,West Midlands,Aged 50+,16735
May 2007,East,Age unknown (clerical claims),100
May 2007,East,Aged 16-24,19175
May 2007,East,Aged 25-49,32530
May 2007,East,Aged 50+,11895
May 2007,London,Age unknown (clerical claims),825
May 2007,London,Aged 16-24,39240
May 2007,London,Aged 25-49,87270
May 2007,London,Aged 50+,23285
May 2007,South East,Age unknown (clerical claims),155
May 2007,South East,Aged 16-24,21315
May 2007,South East,Aged 25-49,38635
May 2007,South East,Aged 50+,14365
May 2007,South West,Age unknown (clerical claims),145
May 2007,South West,Aged 16-24,13635
May 2007,South West,Aged 25-49,22650
May 2007,South West,Aged 50+,8095
May 2007,Wales,Age unknown (clerical claims),105
May 2007,Wales,Aged 16-24,14650
May 2007,Wales,Aged 25-49,19905
May 2007,Wales,Aged 50+,6070
May 2007,Scotland,Age unknown (clerical claims),440
May 2007,Scotland,Aged 16-24,24555
May 2007,Scotland,Aged 25-49,41255
May 2007,Scotland,Aged 50+,13265
June 2007,North East,Age unknown (clerical claims),210
June 2007,North East,Aged 16-24,16325
June 2007,North East,Aged 25-49,24190
June 2007,North East,Aged 50+,7675
June 2007,North West,Age unknown (clerical claims),445
June 2007,North West,Aged 16-24,35760
June 2007,North West,Aged 25-49,56160
June 2007,North West,Aged 50+,15315
June 2007,Yorkshire and The Humber,Age unknown (clerical claims),260
June 2007,Yorkshire and The Humber,Aged 16-24,25945
June 2007,Yorkshire and The Humber,Aged 25-49,42020
June 2007,Yorkshire and The Humber,Aged 50+,12575
June 2007,East Midlands,Age unknown (clerical claims),260
June 2007,East Midlands,Aged 16-24,18535
June 2007,East Midlands,Aged 25-49,29665
June 2007,East Midlands,Aged 50+,9855
June 2007,West Midlands,Age unknown (clerical claims),580
June 2007,West Midlands,Aged 16-24,30925
June 2007,West Midlands,Aged 25-49,53840
June 2007,West Midlands,Aged 50+,16170
June 2007,East,Age unknown (clerical claims),90
June 2007,East,Aged 16-24,18050
June 2007,East,Aged 25-49,31370
June 2007,East,Aged 50+,11500
June 2007,London,Age unknown (clerical claims),810
June 2007,London,Aged 16-24,37095
June 2007,London,Aged 25-49,84560
June 2007,London,Aged 50+,22655
June 2007,South East,Age unknown (clerical claims),160
June 2007,South East,Aged 16-24,20145
June 2007,South East,Aged 25-49,37160
June 2007,South East,Aged 50+,13830
June 2007,South West,Age unknown (clerical claims),145
June 2007,South West,Aged 16-24,12840
June 2007,South West,Aged 25-49,21505
June 2007,South West,Aged 50+,7645
June 2007,Wales,Age unknown (clerical claims),130
June 2007,Wales,Aged 16-24,14080
June 2007,Wales,Aged 25-49,19270
June 2007,Wales,Aged 50+,5800
June 2007,Scotland,Age unknown (clerical claims),315
June 2007,Scotland,Aged 16-24,23675
June 2007,Scotland,Aged 25-49,39710
June 2007,Scotland,Aged 50+,12695
July 2007,North East,Age unknown (clerical claims),155
July 2007,North East,Aged 16-24,16720
July 2007,North East,Aged 25-49,23900
July 2007,North East,Aged 50+,7590
July 2007,North West,Age unknown (clerical claims),445
July 2007,North West,Aged 16-24,36980
July 2007,North West,Aged 25-49,56315
July 2007,North West,Aged 50+,15240
July 2007,Yorkshire and The Humber,Age unknown (clerical claims),250
July 2007,Yorkshire and The Humber,Aged 16-24,26295
July 2007,Yorkshire and The Humber,Aged 25-49,41775
July 2007,Yorkshire and The Humber,Aged 50+,12540
July 2007,East Midlands,Age unknown (clerical claims),330
July 2007,East Midlands,Aged 16-24,18790
July 2007,East Midlands,Aged 25-49,29370
July 2007,East Midlands,Aged 50+,9740
July 2007,West Midlands,Age unknown (clerical claims),735
July 2007,West Midlands,Aged 16-24,31345
July 2007,West Midlands,Aged 25-49,52930
July 2007,West Midlands,Aged 50+,16085
July 2007,East,Age unknown (clerical claims),85
July 2007,East,Aged 16-24,18010
July 2007,East,Aged 25-49,30595
July 2007,East,Aged 50+,11165
July 2007,London,Age unknown (clerical claims),760
July 2007,London,Aged 16-24,38115
July 2007,London,Aged 25-49,83000
July 2007,London,Aged 50+,22315
July 2007,South East,Age unknown (clerical claims),135
July 2007,South East,Aged 16-24,20800
July 2007,South East,Aged 25-49,36410
July 2007,South East,Aged 50+,13385
July 2007,South West,Age unknown (clerical claims),150
July 2007,South West,Aged 16-24,12770
July 2007,South West,Aged 25-49,20780
July 2007,South West,Aged 50+,7350
July 2007,Wales,Age unknown (clerical claims),115
July 2007,Wales,Aged 16-24,14580
July 2007,Wales,Aged 25-49,19165
July 2007,Wales,Aged 50+,5720
July 2007,Scotland,Age unknown (clerical claims),325
July 2007,Scotland,Aged 16-24,24675
July 2007,Scotland,Aged 25-49,39685
July 2007,Scotland,Aged 50+,12275
August 2007,North East,Age unknown (clerical claims),140
August 2007,North East,Aged 16-24,16775
August 2007,North East,Aged 25-49,23665
August 2007,North East,Aged 50+,7535
August 2007,North West,Age unknown (clerical claims),455
August 2007,North West,Aged 16-24,37800
August 2007,North West,Aged 25-49,56460
August 2007,North West,Aged 50+,15085
August 2007,Yorkshire and The Humber,Age unknown (clerical claims),250
August 2007,Yorkshire and The Humber,Aged 16-24,26525
August 2007,Yorkshire and The Humber,Aged 25-49,41760
August 2007,Yorkshire and The Humber,Aged 50+,12395
August 2007,East Midlands,Age unknown (clerical claims),355
August 2007,East Midlands,Aged 16-24,19080
August 2007,East Midlands,Aged 25-49,29450
August 2007,East Midlands,Aged 50+,9715
August 2007,West Midlands,Age unknown (clerical claims),715
August 2007,West Midlands,Aged 16-24,32130
August 2007,West Midlands,Aged 25-49,53305
August 2007,West Midlands,Aged 50+,16045
August 2007,East,Age unknown (clerical claims),75
August 2007,East,Aged 16-24,18140
August 2007,East,Aged 25-49,30225
August 2007,East,Aged 50+,10940
August 2007,London,Age unknown (clerical claims),735
August 2007,London,Aged 16-24,39200
August 2007,London,Aged 25-49,82045
August 2007,London,Aged 50+,21985
August 2007,South East,Age unknown (clerical claims),130
August 2007,South East,Aged 16-24,21215
August 2007,South East,Aged 25-49,36125
August 2007,South East,Aged 50+,13245
August 2007,South West,Age unknown (clerical claims),150
August 2007,South West,Aged 16-24,12990
August 2007,South West,Aged 25-49,20635
August 2007,South West,Aged 50+,7265
August 2007,Wales,Age unknown (clerical claims),105
August 2007,Wales,Aged 16-24,15140
August 2007,Wales,Aged 25-49,19355
August 2007,Wales,Aged 50+,5690
August 2007,Scotland,Age unknown (clerical claims),305
August 2007,Scotland,Aged 16-24,24855
August 2007,Scotland,Aged 25-49,39920
August 2007,Scotland,Aged 50+,12190
September 2007,North East,Age unknown (clerical claims),70
September 2007,North East,Aged 16-24,16590
September 2007,North East,Aged 25-49,22985
September 2007,North East,Aged 50+,7075
September 2007,North West,Age unknown (clerical claims),205
September 2007,North West,Aged 16-24,37590
September 2007,North West,Aged 25-49,54995
September 2007,North West,Aged 50+,14605
September 2007,Yorkshire and The Humber,Age unknown (clerical claims),150
September 2007,Yorkshire and The Humber,Aged 16-24,25720
September 2007,Yorkshire and The Humber,Aged 25-49,40370
September 2007,Yorkshire and The Humber,Aged 50+,11750
September 2007,East Midlands,Age unknown (clerical claims),390
September 2007,East Midlands,Aged 16-24,18365
September 2007,East Midlands,Aged 25-49,28135
September 2007,East Midlands,Aged 50+,9295
September 2007,West Midlands,Age unknown (clerical claims),490
September 2007,West Midlands,Aged 16-24,32060
September 2007,West Midlands,Aged 25-49,51830
September 2007,West Midlands,Aged 50+,15410
September 2007,East,Age unknown (clerical claims),50
September 2007,East,Aged 16-24,17770
September 2007,East,Aged 25-49,29305
September 2007,East,Aged 50+,10440
September 2007,London,Age unknown (clerical claims),270
September 2007,London,Aged 16-24,39100
September 2007,London,Aged 25-49,80670
September 2007,London,Aged 50+,21305
September 2007,South East,Age unknown (clerical claims),155
September 2007,South East,Aged 16-24,20105
September 2007,South East,Aged 25-49,34760
September 2007,South East,Aged 50+,12470
September 2007,South West,Age unknown (clerical claims),115
September 2007,South West,Aged 16-24,12315
September 2007,South West,Aged 25-49,19825
September 2007,South West,Aged 50+,6845
September 2007,Wales,Age unknown (clerical claims),100
September 2007,Wales,Aged 16-24,14775
September 2007,Wales,Aged 25-49,18665
September 2007,Wales,Aged 50+,5450
September 2007,Scotland,Age unknown (clerical claims),110
September 2007,Scotland,Aged 16-24,22280
September 2007,Scotland,Aged 25-49,37645
September 2007,Scotland,Aged 50+,11470
October 2007,North East,Age unknown (clerical claims),85
October 2007,North East,Aged 16-24,16095
October 2007,North East,Aged 25-49,22660
October 2007,North East,Aged 50+,7055
October 2007,North West,Age unknown (clerical claims),290
October 2007,North West,Aged 16-24,35675
October 2007,North West,Aged 25-49,53570
October 2007,North West,Aged 50+,14320
October 2007,Yorkshire and The Humber,Age unknown (clerical claims),225
October 2007,Yorkshire and The Humber,Aged 16-24,24145
October 2007,Yorkshire and The Humber,Aged 25-49,39210
October 2007,Yorkshire and The Humber,Aged 50+,11425
October 2007,East Midlands,Age unknown (clerical claims),355
October 2007,East Midlands,Aged 16-24,17175
October 2007,East Midlands,Aged 25-49,27465
October 2007,East Midlands,Aged 50+,9035
October 2007,West Midlands,Age unknown (clerical claims),535
October 2007,West Midlands,Aged 16-24,30575
October 2007,West Midlands,Aged 25-49,50785
October 2007,West Midlands,Aged 50+,14955
October 2007,East,Age unknown (clerical claims),45
October 2007,East,Aged 16-24,17030
October 2007,East,Aged 25-49,28505
October 2007,East,Aged 50+,10285
October 2007,London,Age unknown (clerical claims),305
October 2007,London,Aged 16-24,36595
October 2007,London,Aged 25-49,78930
October 2007,London,Aged 50+,20860
October 2007,South East,Age unknown (clerical claims),150
October 2007,South East,Aged 16-24,19085
October 2007,South East,Aged 25-49,33925
October 2007,South East,Aged 50+,12285
October 2007,South West,Age unknown (clerical claims),115
October 2007,South West,Aged 16-24,11755
October 2007,South West,Aged 25-49,19395
October 2007,South West,Aged 50+,6780
October 2007,Wales,Age unknown (clerical claims),100
October 2007,Wales,Aged 16-24,14020
October 2007,Wales,Aged 25-49,18250
October 2007,Wales,Aged 50+,5315
October 2007,Scotland,Age unknown (clerical claims),115
October 2007,Scotland,Aged 16-24,20800
October 2007,Scotland,Aged 25-49,36575
October 2007,Scotland,Aged 50+,11195
November 2007,North East,Age unknown (clerical claims),95
November 2007,North East,Aged 16-24,15895
November 2007,North East,Aged 25-49,22780
November 2007,North East,Aged 50+,7060
November 2007,North West,Age unknown (clerical claims),390
November 2007,North West,Aged 16-24,34530
November 2007,North West,Aged 25-49,53125
November 2007,North West,Aged 50+,14125
November 2007,Yorkshire and The Humber,Age unknown (clerical claims),230
November 2007,Yorkshire and The Humber,Aged 16-24,23130
November 2007,Yorkshire and The Humber,Aged 25-49,38855
November 2007,Yorkshire and The Humber,Aged 50+,11250
November 2007,East Midlands,Age unknown (clerical claims),350
November 2007,East Midlands,Aged 16-24,16550
November 2007,East Midlands,Aged 25-49,26820
November 2007,East Midlands,Aged 50+,8830
November 2007,West Midlands,Age unknown (clerical claims),560
November 2007,West Midlands,Aged 16-24,29100
November 2007,West Midlands,Aged 25-49,49675
November 2007,West Midlands,Aged 50+,14560
November 2007,East,Age unknown (clerical claims),65
November 2007,East,Aged 16-24,16350
November 2007,East,Aged 25-49,28105
November 2007,East,Aged 50+,10035
November 2007,London,Age unknown (clerical claims),415
November 2007,London,Aged 16-24,34360
November 2007,London,Aged 25-49,77655
November 2007,London,Aged 50+,20315
November 2007,South East,Age unknown (clerical claims),170
November 2007,South East,Aged 16-24,18525
November 2007,South East,Aged 25-49,33685
November 2007,South East,Aged 50+,12065
November 2007,South West,Age unknown (clerical claims),105
November 2007,South West,Aged 16-24,11665
November 2007,South West,Aged 25-49,19130
November 2007,South West,Aged 50+,6710
November 2007,Wales,Age unknown (clerical claims),75
November 2007,Wales,Aged 16-24,13695
November 2007,Wales,Aged 25-49,18495
November 2007,Wales,Aged 50+,5275
November 2007,Scotland,Age unknown (clerical claims),330
November 2007,Scotland,Aged 16-24,20340
November 2007,Scotland,Aged 25-49,36800
November 2007,Scotland,Aged 50+,11070
December 2007,North East,Age unknown (clerical claims),180
December 2007,North East,Aged 16-24,16135
December 2007,North East,Aged 25-49,23475
December 2007,North East,Aged 50+,6940
December 2007,North West,Age unknown (clerical claims),425
December 2007,North West,Aged 16-24,35245
December 2007,North West,Aged 25-49,54365
December 2007,North West,Aged 50+,13985
December 2007,Yorkshire and The Humber,Age unknown (clerical claims),245
December 2007,Yorkshire and The Humber,Aged 16-24,24050
December 2007,Yorkshire and The Humber,Aged 25-49,39485
December 2007,Yorkshire and The Humber,Aged 50+,10905
December 2007,East Midlands,Age unknown (clerical claims),330
December 2007,East Midlands,Aged 16-24,16250
December 2007,East Midlands,Aged 25-49,26945
December 2007,East Midlands,Aged 50+,8620
December 2007,West Midlands,Age unknown (clerical claims),415
December 2007,West Midlands,Aged 16-24,29150
December 2007,West Midlands,Aged 25-49,50160
December 2007,West Midlands,Aged 50+,14325
December 2007,East,Age unknown (clerical claims),90
December 2007,East,Aged 16-24,16415
December 2007,East,Aged 25-49,28410
December 2007,East,Aged 50+,9910
December 2007,London,Age unknown (clerical claims),440
December 2007,London,Aged 16-24,33665
December 2007,London,Aged 25-49,77250
December 2007,London,Aged 50+,19780
December 2007,South East,Age unknown (clerical claims),135
December 2007,South East,Aged 16-24,18500
December 2007,South East,Aged 25-49,33965
December 2007,South East,Aged 50+,11795
December 2007,South West,Age unknown (clerical claims),90
December 2007,South West,Aged 16-24,11820
December 2007,South West,Aged 25-49,19375
December 2007,South West,Aged 50+,6630
December 2007,Wales,Age unknown (clerical claims),75
December 2007,Wales,Aged 16-24,14240
December 2007,Wales,Aged 25-49,19070
December 2007,Wales,Aged 50+,5235
December 2007,Scotland,Age unknown (clerical claims),380
December 2007,Scotland,Aged 16-24,20675
December 2007,Scotland,Aged 25-49,37225
December 2007,Scotland,Aged 50+,10885
January 2008,North East,Age unknown (clerical claims),165
January 2008,North East,Aged 16-24,17425
January 2008,North East,Aged 25-49,25285
January 2008,North East,Aged 50+,7490
January 2008,North West,Age unknown (clerical claims),365
January 2008,North West,Aged 16-24,36980
January 2008,North West,Aged 25-49,57890
January 2008,North West,Aged 50+,15020
January 2008,Yorkshire and The Humber,Age unknown (clerical claims),265
January 2008,Yorkshire and The Humber,Aged 16-24,25420
January 2008,Yorkshire and The Humber,Aged 25-49,41975
January 2008,Yorkshire and The Humber,Aged 50+,11490
January 2008,East Midlands,Age unknown (clerical claims),230
January 2008,East Midlands,Aged 16-24,17015
January 2008,East Midlands,Aged 25-49,28310
January 2008,East Midlands,Aged 50+,9085
January 2008,West Midlands,Age unknown (clerical claims),250
January 2008,West Midlands,Aged 16-24,30165
January 2008,West Midlands,Aged 25-49,52255
January 2008,West Midlands,Aged 50+,14930
January 2008,East,Age unknown (clerical claims),115
January 2008,East,Aged 16-24,17425
January 2008,East,Aged 25-49,30165
January 2008,East,Aged 50+,10445
January 2008,London,Age unknown (clerical claims),470
January 2008,London,Aged 16-24,32975
January 2008,London,Aged 25-49,77870
January 2008,London,Aged 50+,19970
January 2008,South East,Age unknown (clerical claims),185
January 2008,South East,Aged 16-24,19390
January 2008,South East,Aged 25-49,36020
January 2008,South East,Aged 50+,12500
January 2008,South West,Age unknown (clerical claims),120
January 2008,South West,Aged 16-24,12670
January 2008,South West,Aged 25-49,21050
January 2008,South West,Aged 50+,7290
January 2008,Wales,Age unknown (clerical claims),80
January 2008,Wales,Aged 16-24,15020
January 2008,Wales,Aged 25-49,20510
January 2008,Wales,Aged 50+,5745
January 2008,Scotland,Age unknown (clerical claims),345
January 2008,Scotland,Aged 16-24,22245
January 2008,Scotland,Aged 25-49,40285
January 2008,Scotland,Aged 50+,11535
February 2008,North East,Age unknown (clerical claims),205
February 2008,North East,Aged 16-24,18250
February 2008,North East,Aged 25-49,25565
February 2008,North East,Aged 50+,7340
February 2008,North West,Age unknown (clerical claims),405
February 2008,North West,Aged 16-24,38780
February 2008,North West,Aged 25-49,58380
February 2008,North West,Aged 50+,14910
February 2008,Yorkshire and The Humber,Age unknown (clerical claims),275
February 2008,Yorkshire and The Humber,Aged 16-24,27110
February 2008,Yorkshire and The Humber,Aged 25-49,42405
February 2008,Yorkshire and The Humber,Aged 50+,11505
February 2008,East Midlands,Age unknown (clerical claims),310
February 2008,East Midlands,Aged 16-24,18010
February 2008,East Midlands,Aged 25-49,28780
February 2008,East Midlands,Aged 50+,8980
February 2008,West Midlands,Age unknown (clerical claims),380
February 2008,West Midlands,Aged 16-24,31600
February 2008,West Midlands,Aged 25-49,52885
February 2008,West Midlands,Aged 50+,14765
February 2008,East,Age unknown (clerical claims),120
February 2008,East,Aged 16-24,18410
February 2008,East,Aged 25-49,30675
February 2008,East,Aged 50+,10315
February 2008,London,Age unknown (clerical claims),635
February 2008,London,Aged 16-24,34220
February 2008,London,Aged 25-49,78200
February 2008,London,Aged 50+,19560
February 2008,South East,Age unknown (clerical claims),200
February 2008,South East,Aged 16-24,20775
February 2008,South East,Aged 25-49,36530
February 2008,South East,Aged 50+,12310
February 2008,South West,Age unknown (clerical claims),115
February 2008,South West,Aged 16-24,13740
February 2008,South West,Aged 25-49,21335
February 2008,South West,Aged 50+,7205
February 2008,Wales,Age unknown (clerical claims),75
February 2008,Wales,Aged 16-24,16140
February 2008,Wales,Aged 25-49,21040
February 2008,Wales,Aged 50+,5745
February 2008,Scotland,Age unknown (clerical claims),215
February 2008,Scotland,Aged 16-24,23970
February 2008,Scotland,Aged 25-49,40525
February 2008,Scotland,Aged 50+,11400
March 2008,North East,Age unknown (clerical claims),190
March 2008,North East,Aged 16-24,18050
March 2008,North East,Aged 25-49,25410
March 2008,North East,Aged 50+,7260
March 2008,North West,Age unknown (clerical claims),405
March 2008,North West,Aged 16-24,39030
March 2008,North West,Aged 25-49,58080
March 2008,North West,Aged 50+,14605
March 2008,Yorkshire and The Humber,Age unknown (clerical claims),280
March 2008,Yorkshire and The Humber,Aged 16-24,27035
March 2008,Yorkshire and The Humber,Aged 25-49,42090
March 2008,Yorkshire and The Humber,Aged 50+,11175
March 2008,East Midlands,Age unknown (clerical claims),320
March 2008,East Midlands,Aged 16-24,18175
March 2008,East Midlands,Aged 25-49,28535
March 2008,East Midlands,Aged 50+,8915
March 2008,West Midlands,Age unknown (clerical claims),375
March 2008,West Midlands,Aged 16-24,31685
March 2008,West Midlands,Aged 25-49,52545
March 2008,West Midlands,Aged 50+,14520
March 2008,East,Age unknown (clerical claims),100
March 2008,East,Aged 16-24,18320
March 2008,East,Aged 25-49,30395
March 2008,East,Aged 50+,10275
March 2008,London,Age unknown (clerical claims),620
March 2008,London,Aged 16-24,34110
March 2008,London,Aged 25-49,77685
March 2008,London,Aged 50+,19520
March 2008,South East,Age unknown (clerical claims),165
March 2008,South East,Aged 16-24,20755
March 2008,South East,Aged 25-49,36215
March 2008,South East,Aged 50+,12170
March 2008,South West,Age unknown (clerical claims),120
March 2008,South West,Aged 16-24,13330
March 2008,South West,Aged 25-49,20995
March 2008,South West,Aged 50+,6970
March 2008,Wales,Age unknown (clerical claims),80
March 2008,Wales,Aged 16-24,16040
March 2008,Wales,Aged 25-49,20765
March 2008,Wales,Aged 50+,5730
March 2008,Scotland,Age unknown (clerical claims),290
March 2008,Scotland,Aged 16-24,23815
March 2008,Scotland,Aged 25-49,40045
March 2008,Scotland,Aged 50+,11095
April 2008,North East,Age unknown (clerical claims),150
April 2008,North East,Aged 16-24,17500
April 2008,North East,Aged 25-49,25365
April 2008,North East,Aged 50+,7270
April 2008,North West,Age unknown (clerical claims),370
April 2008,North West,Aged 16-24,38225
April 2008,North West,Aged 25-49,58375
April 2008,North West,Aged 50+,14890
April 2008,Yorkshire and The Humber,Age unknown (clerical claims),225
April 2008,Yorkshire and The Humber,Aged 16-24,26460
April 2008,Yorkshire and The Humber,Aged 25-49,42305
April 2008,Yorkshire and The Humber,Aged 50+,11220
April 2008,East Midlands,Age unknown (clerical claims),240
April 2008,East Midlands,Aged 16-24,18005
April 2008,East Midlands,Aged 25-49,28710
April 2008,East Midlands,Aged 50+,9020
April 2008,West Midlands,Age unknown (clerical claims),390
April 2008,West Midlands,Aged 16-24,31105
April 2008,West Midlands,Aged 25-49,52455
April 2008,West Midlands,Aged 50+,14505
April 2008,East,Age unknown (clerical claims),115
April 2008,East,Aged 16-24,17725
April 2008,East,Aged 25-49,30395
April 2008,East,Aged 50+,10365
April 2008,London,Age unknown (clerical claims),430
April 2008,London,Aged 16-24,32890
April 2008,London,Aged 25-49,77175
April 2008,London,Aged 50+,19565
April 2008,South East,Age unknown (clerical claims),140
April 2008,South East,Aged 16-24,20290
April 2008,South East,Aged 25-49,36340
April 2008,South East,Aged 50+,12315
April 2008,South West,Age unknown (clerical claims),150
April 2008,South West,Aged 16-24,12695
April 2008,South West,Aged 25-49,20815
April 2008,South West,Aged 50+,7075
April 2008,Wales,Age unknown (clerical claims),100
April 2008,Wales,Aged 16-24,15205
April 2008,Wales,Aged 25-49,20565
April 2008,Wales,Aged 50+,5660
April 2008,Scotland,Age unknown (clerical claims),250
April 2008,Scotland,Aged 16-24,23040
April 2008,Scotland,Aged 25-49,39500
April 2008,Scotland,Aged 50+,10840
May 2008,North East,Age unknown (clerical claims),170
May 2008,North East,Aged 16-24,17120
May 2008,North East,Aged 25-49,25225
May 2008,North East,Aged 50+,7270
May 2008,North West,Age unknown (clerical claims),400
May 2008,North West,Aged 16-24,37240
May 2008,North West,Aged 25-49,58470
May 2008,North West,Aged 50+,14800
May 2008,Yorkshire and The Humber,Age unknown (clerical claims),255
May 2008,Yorkshire and The Humber,Aged 16-24,26220
May 2008,Yorkshire and The Humber,Aged 25-49,42415
May 2008,Yorkshire and The Humber,Aged 50+,11375
May 2008,East Midlands,Age unknown (clerical claims),245
May 2008,East Midlands,Aged 16-24,17920
May 2008,East Midlands,Aged 25-49,28850
May 2008,East Midlands,Aged 50+,9050
May 2008,West Midlands,Age unknown (clerical claims),410
May 2008,West Midlands,Aged 16-24,30950
May 2008,West Midlands,Aged 25-49,52470
May 2008,West Midlands,Aged 50+,14405
May 2008,East,Age unknown (clerical claims),120
May 2008,East,Aged 16-24,17520
May 2008,East,Aged 25-49,30605
May 2008,East,Aged 50+,10290
May 2008,London,Age unknown (clerical claims),595
May 2008,London,Aged 16-24,32640
May 2008,London,Aged 25-49,77565
May 2008,London,Aged 50+,19805
May 2008,South East,Age unknown (clerical claims),145
May 2008,South East,Aged 16-24,19845
May 2008,South East,Aged 25-49,36385
May 2008,South East,Aged 50+,12365
May 2008,South West,Age unknown (clerical claims),160
May 2008,South West,Aged 16-24,12505
May 2008,South West,Aged 25-49,20960
May 2008,South West,Aged 50+,7110
May 2008,Wales,Age unknown (clerical claims),90
May 2008,Wales,Aged 16-24,14775
May 2008,Wales,Aged 25-49,20410
May 2008,Wales,Aged 50+,5660
May 2008,Scotland,Age unknown (clerical claims),250
May 2008,Scotland,Aged 16-24,22370
May 2008,Scotland,Aged 25-49,39000
May 2008,Scotland,Aged 50+,10760
June 2008,North East,Age unknown (clerical claims),260
June 2008,North East,Aged 16-24,16895
June 2008,North East,Aged 25-49,24985
June 2008,North East,Aged 50+,7150
June 2008,North West,Age unknown (clerical claims),565
June 2008,North West,Aged 16-24,36785
June 2008,North West,Aged 25-49,58645
June 2008,North West,Aged 50+,14780
June 2008,Yorkshire and The Humber,Age unknown (clerical claims),295
June 2008,Yorkshire and The Humber,Aged 16-24,26190
June 2008,Yorkshire and The Humber,Aged 25-49,42825
June 2008,Yorkshire and The Humber,Aged 50+,11515
June 2008,East Midlands,Age unknown (clerical claims),390
June 2008,East Midlands,Aged 16-24,17740
June 2008,East Midlands,Aged 25-49,29030
June 2008,East Midlands,Aged 50+,9115
June 2008,West Midlands,Age unknown (clerical claims),600
June 2008,West Midlands,Aged 16-24,31000
June 2008,West Midlands,Aged 25-49,52850
June 2008,West Midlands,Aged 50+,14470
June 2008,East,Age unknown (clerical claims),280
June 2008,East,Aged 16-24,17040
June 2008,East,Aged 25-49,30420
June 2008,East,Aged 50+,10250
June 2008,London,Age unknown (clerical claims),755
June 2008,London,Aged 16-24,32695
June 2008,London,Aged 25-49,77755
June 2008,London,Aged 50+,19925
June 2008,South East,Age unknown (clerical claims),250
June 2008,South East,Aged 16-24,19790
June 2008,South East,Aged 25-49,36885
June 2008,South East,Aged 50+,12440
June 2008,South West,Age unknown (clerical claims),215
June 2008,South West,Aged 16-24,12400
June 2008,South West,Aged 25-49,21210
June 2008,South West,Aged 50+,7140
June 2008,Wales,Age unknown (clerical claims),110
June 2008,Wales,Aged 16-24,14480
June 2008,Wales,Aged 25-49,20355
June 2008,Wales,Aged 50+,5640
June 2008,Scotland,Age unknown (clerical claims),545
June 2008,Scotland,Aged 16-24,22975
June 2008,Scotland,Aged 25-49,39555
June 2008,Scotland,Aged 50+,10745
July 2008,North East,Age unknown (clerical claims),235
July 2008,North East,Aged 16-24,17575
July 2008,North East,Aged 25-49,25565
July 2008,North East,Aged 50+,7315
July 2008,North West,Age unknown (clerical claims),490
July 2008,North West,Aged 16-24,39330
July 2008,North West,Aged 25-49,61035
July 2008,North West,Aged 50+,15340
July 2008,Yorkshire and The Humber,Age unknown (clerical claims),230
July 2008,Yorkshire and The Humber,Aged 16-24,27990
July 2008,Yorkshire and The Humber,Aged 25-49,44545
July 2008,Yorkshire and The Humber,Aged 50+,11935
July 2008,East Midlands,Age unknown (clerical claims),275
July 2008,East Midlands,Aged 16-24,19225
July 2008,East Midlands,Aged 25-49,30155
July 2008,East Midlands,Aged 50+,9380
July 2008,West Midlands,Age unknown (clerical claims),600
July 2008,West Midlands,Aged 16-24,32860
July 2008,West Midlands,Aged 25-49,54070
July 2008,West Midlands,Aged 50+,14830
July 2008,East,Age unknown (clerical claims),195
July 2008,East,Aged 16-24,18075
July 2008,East,Aged 25-49,31175
July 2008,East,Aged 50+,10350
July 2008,London,Age unknown (clerical claims),625
July 2008,London,Aged 16-24,34680
July 2008,London,Aged 25-49,78290
July 2008,London,Aged 50+,20160
July 2008,South East,Age unknown (clerical claims),140
July 2008,South East,Aged 16-24,21575
July 2008,South East,Aged 25-49,38205
July 2008,South East,Aged 50+,12825
July 2008,South West,Age unknown (clerical claims),130
July 2008,South West,Aged 16-24,13870
July 2008,South West,Aged 25-49,22185
July 2008,South West,Aged 50+,7435
July 2008,Wales,Age unknown (clerical claims),140
July 2008,Wales,Aged 16-24,15760
July 2008,Wales,Aged 25-49,21315
July 2008,Wales,Aged 50+,5875
July 2008,Scotland,Age unknown (clerical claims),230
July 2008,Scotland,Aged 16-24,25260
July 2008,Scotland,Aged 25-49,41260
July 2008,Scotland,Aged 50+,11145
August 2008,North East,Age unknown (clerical claims),205
August 2008,North East,Aged 16-24,18450
August 2008,North East,Aged 25-49,27095
August 2008,North East,Aged 50+,7680
August 2008,North West,Age unknown (clerical claims),430
August 2008,North West,Aged 16-24,42040
August 2008,North West,Aged 25-49,63605
August 2008,North West,Aged 50+,15990
August 2008,Yorkshire and The Humber,Age unknown (clerical claims),195
August 2008,Yorkshire and The Humber,Aged 16-24,30345
August 2008,Yorkshire and The Humber,Aged 25-49,46900
August 2008,Yorkshire and The Humber,Aged 50+,12580
August 2008,East Midlands,Age unknown (clerical claims),190
August 2008,East Midlands,Aged 16-24,20835
August 2008,East Midlands,Aged 25-49,32150
August 2008,East Midlands,Aged 50+,9935
August 2008,West Midlands,Age unknown (clerical claims),485
August 2008,West Midlands,Aged 16-24,35335
August 2008,West Midlands,Aged 25-49,56920
August 2008,West Midlands,Aged 50+,15615
August 2008,East,Age unknown (clerical claims),175
August 2008,East,Aged 16-24,20010
August 2008,East,Aged 25-49,32840
August 2008,East,Aged 50+,11025
August 2008,London,Age unknown (clerical claims),615
August 2008,London,Aged 16-24,37495
August 2008,London,Aged 25-49,80005
August 2008,London,Aged 50+,20705
August 2008,South East,Age unknown (clerical claims),125
August 2008,South East,Aged 16-24,24155
August 2008,South East,Aged 25-49,40560
August 2008,South East,Aged 50+,13460
August 2008,South West,Age unknown (clerical claims),105
August 2008,South West,Aged 16-24,15740
August 2008,South West,Aged 25-49,24200
August 2008,South West,Aged 50+,7980
August 2008,Wales,Age unknown (clerical claims),100
August 2008,Wales,Aged 16-24,17230
August 2008,Wales,Aged 25-49,22665
August 2008,Wales,Aged 50+,6080
August 2008,Scotland,Age unknown (clerical claims),220
August 2008,Scotland,Aged 16-24,26960
August 2008,Scotland,Aged 25-49,43545
August 2008,Scotland,Aged 50+,11700
September 2008,North East,Age unknown (clerical claims),215
September 2008,North East,Aged 16-24,19435
September 2008,North East,Aged 25-49,27775
September 2008,North East,Aged 50+,7875
September 2008,North West,Age unknown (clerical claims),440
September 2008,North West,Aged 16-24,43330
September 2008,North West,Aged 25-49,64980
September 2008,North West,Aged 50+,16240
September 2008,Yorkshire and The Humber,Age unknown (clerical claims),265
September 2008,Yorkshire and The Humber,Aged 16-24,31230
September 2008,Yorkshire and The Humber,Aged 25-49,48270
September 2008,Yorkshire and The Humber,Aged 50+,12825
September 2008,East Midlands,Age unknown (clerical claims),205
September 2008,East Midlands,Aged 16-24,21455
September 2008,East Midlands,Aged 25-49,32960
September 2008,East Midlands,Aged 50+,10090
September 2008,West Midlands,Age unknown (clerical claims),500
September 2008,West Midlands,Aged 16-24,36415
September 2008,West Midlands,Aged 25-49,57950
September 2008,West Midlands,Aged 50+,15880
September 2008,East,Age unknown (clerical claims),175
September 2008,East,Aged 16-24,20660
September 2008,East,Aged 25-49,33405
September 2008,East,Aged 50+,11310
September 2008,London,Age unknown (clerical claims),595
September 2008,London,Aged 16-24,39300
September 2008,London,Aged 25-49,81875
September 2008,London,Aged 50+,21075
September 2008,South East,Age unknown (clerical claims),115
September 2008,South East,Aged 16-24,24745
September 2008,South East,Aged 25-49,41915
September 2008,South East,Aged 50+,13840
September 2008,South West,Age unknown (clerical claims),120
September 2008,South West,Aged 16-24,15930
September 2008,South West,Aged 25-49,24995
September 2008,South West,Aged 50+,8205
September 2008,Wales,Age unknown (clerical claims),120
September 2008,Wales,Aged 16-24,17850
September 2008,Wales,Aged 25-49,23070
September 2008,Wales,Aged 50+,6045
September 2008,Scotland,Age unknown (clerical claims),210
September 2008,Scotland,Aged 16-24,25425
September 2008,Scotland,Aged 25-49,43795
September 2008,Scotland,Aged 50+,11815
October 2008,North East,Age unknown (clerical claims),210
October 2008,North East,Aged 16-24,19825
October 2008,North East,Aged 25-49,28895
October 2008,North East,Aged 50+,8410
October 2008,North West,Age unknown (clerical claims),445
October 2008,North West,Aged 16-24,43345
October 2008,North West,Aged 25-49,66970
October 2008,North West,Aged 50+,16870
October 2008,Yorkshire and The Humber,Age unknown (clerical claims),255
October 2008,Yorkshire and The Humber,Aged 16-24,31455
October 2008,Yorkshire and The Humber,Aged 25-49,50385
October 2008,Yorkshire and The Humber,Aged 50+,13495
October 2008,East Midlands,Age unknown (clerical claims),160
October 2008,East Midlands,Aged 16-24,21210
October 2008,East Midlands,Aged 25-49,34085
October 2008,East Midlands,Aged 50+,10670
October 2008,West Midlands,Age unknown (clerical claims),515
October 2008,West Midlands,Aged 16-24,35920
October 2008,West Midlands,Aged 25-49,59465
October 2008,West Midlands,Aged 50+,16475
October 2008,East,Age unknown (clerical claims),155
October 2008,East,Aged 16-24,20795
October 2008,East,Aged 25-49,35265
October 2008,East,Aged 50+,11895
October 2008,London,Age unknown (clerical claims),640
October 2008,London,Aged 16-24,39065
October 2008,London,Aged 25-49,83430
October 2008,London,Aged 50+,21605
October 2008,South East,Age unknown (clerical claims),110
October 2008,South East,Aged 16-24,25110
October 2008,South East,Aged 25-49,44055
October 2008,South East,Aged 50+,14685
October 2008,South West,Age unknown (clerical claims),105
October 2008,South West,Aged 16-24,16680
October 2008,South West,Aged 25-49,26600
October 2008,South West,Aged 50+,8800
October 2008,Wales,Age unknown (clerical claims),130
October 2008,Wales,Aged 16-24,17975
October 2008,Wales,Aged 25-49,23885
October 2008,Wales,Aged 50+,6420
October 2008,Scotland,Age unknown (clerical claims),225
October 2008,Scotland,Aged 16-24,25760
October 2008,Scotland,Aged 25-49,45135
October 2008,Scotland,Aged 50+,12300
November 2008,North East,Age unknown (clerical claims),235
November 2008,North East,Aged 16-24,21000
November 2008,North East,Aged 25-49,31285
November 2008,North East,Aged 50+,9295
November 2008,North West,Age unknown (clerical claims),340
November 2008,North West,Aged 16-24,45840
November 2008,North West,Aged 25-49,73005
November 2008,North West,Aged 50+,18450
November 2008,Yorkshire and The Humber,Age unknown (clerical claims),265
November 2008,Yorkshire and The Humber,Aged 16-24,33595
November 2008,Yorkshire and The Humber,Aged 25-49,55135
November 2008,Yorkshire and The Humber,Aged 50+,14850
November 2008,East Midlands,Age unknown (clerical claims),225
November 2008,East Midlands,Aged 16-24,22825
November 2008,East Midlands,Aged 25-49,37685
November 2008,East Midlands,Aged 50+,11995
November 2008,West Midlands,Age unknown (clerical claims),555
November 2008,West Midlands,Aged 16-24,37990
November 2008,West Midlands,Aged 25-49,64610
November 2008,West Midlands,Aged 50+,18300
November 2008,East,Age unknown (clerical claims),145
November 2008,East,Aged 16-24,22540
November 2008,East,Aged 25-49,39305
November 2008,East,Aged 50+,13175
November 2008,London,Age unknown (clerical claims),610
November 2008,London,Aged 16-24,39600
November 2008,London,Aged 25-49,88320
November 2008,London,Aged 50+,22580
November 2008,South East,Age unknown (clerical claims),145
November 2008,South East,Aged 16-24,27625
November 2008,South East,Aged 25-49,50240
November 2008,South East,Aged 50+,16790
November 2008,South West,Age unknown (clerical claims),105
November 2008,South West,Aged 16-24,18670
November 2008,South West,Aged 25-49,30555
November 2008,South West,Aged 50+,10165
November 2008,Wales,Age unknown (clerical claims),110
November 2008,Wales,Aged 16-24,19710
November 2008,Wales,Aged 25-49,26860
November 2008,Wales,Aged 50+,7265
November 2008,Scotland,Age unknown (clerical claims),210
November 2008,Scotland,Aged 16-24,27670
November 2008,Scotland,Aged 25-49,49180
November 2008,Scotland,Aged 50+,13425
December 2008,North East,Age unknown (clerical claims),255
December 2008,North East,Aged 16-24,22600
December 2008,North East,Aged 25-49,34685
December 2008,North East,Aged 50+,10035
December 2008,North West,Age unknown (clerical claims),430
December 2008,North West,Aged 16-24,49340
December 2008,North West,Aged 25-49,79620
December 2008,North West,Aged 50+,20050
December 2008,Yorkshire and The Humber,Age unknown (clerical claims),315
December 2008,Yorkshire and The Humber,Aged 16-24,37120
December 2008,Yorkshire and The Humber,Aged 25-49,61310
December 2008,Yorkshire and The Humber,Aged 50+,16215
December 2008,East Midlands,Age unknown (clerical claims),215
December 2008,East Midlands,Aged 16-24,24995
December 2008,East Midlands,Aged 25-49,41765
December 2008,East Midlands,Aged 50+,13305
December 2008,West Midlands,Age unknown (clerical claims),525
December 2008,West Midlands,Aged 16-24,40955
December 2008,West Midlands,Aged 25-49,71040
December 2008,West Midlands,Aged 50+,20180
December 2008,East,Age unknown (clerical claims),135
December 2008,East,Aged 16-24,24610
December 2008,East,Aged 25-49,44085
December 2008,East,Aged 50+,14540
December 2008,London,Age unknown (clerical claims),710
December 2008,London,Aged 16-24,41325
December 2008,London,Aged 25-49,94360
December 2008,London,Aged 50+,23680
December 2008,South East,Age unknown (clerical claims),160
December 2008,South East,Aged 16-24,29890
December 2008,South East,Aged 25-49,55810
December 2008,South East,Aged 50+,18435
December 2008,South West,Age unknown (clerical claims),125
December 2008,South West,Aged 16-24,20765
December 2008,South West,Aged 25-49,34415
December 2008,South West,Aged 50+,11415
December 2008,Wales,Age unknown (clerical claims),235
December 2008,Wales,Aged 16-24,21665
December 2008,Wales,Aged 25-49,30280
December 2008,Wales,Aged 50+,8190
December 2008,Scotland,Age unknown (clerical claims),265
December 2008,Scotland,Aged 16-24,29650
December 2008,Scotland,Aged 25-49,53215
December 2008,Scotland,Aged 50+,14595
January 2009,North East,Age unknown (clerical claims),270
January 2009,North East,Aged 16-24,24715
January 2009,North East,Aged 25-49,39275
January 2009,North East,Aged 50+,11395
January 2009,North West,Age unknown (clerical claims),455
January 2009,North West,Aged 16-24,53405
January 2009,North West,Aged 25-49,88275
January 2009,North West,Aged 50+,22865
January 2009,Yorkshire and The Humber,Age unknown (clerical claims),400
January 2009,Yorkshire and The Humber,Aged 16-24,39920
January 2009,Yorkshire and The Humber,Aged 25-49,67965
January 2009,Yorkshire and The Humber,Aged 50+,18430
January 2009,East Midlands,Age unknown (clerical claims),255
January 2009,East Midlands,Aged 16-24,27525
January 2009,East Midlands,Aged 25-49,47190
January 2009,East Midlands,Aged 50+,15280
January 2009,West Midlands,Age unknown (clerical claims),490
January 2009,West Midlands,Aged 16-24,44150
January 2009,West Midlands,Aged 25-49,78935
January 2009,West Midlands,Aged 50+,23220
January 2009,East,Age unknown (clerical claims),160
January 2009,East,Aged 16-24,27800
January 2009,East,Aged 25-49,50610
January 2009,East,Aged 50+,16815
January 2009,London,Age unknown (clerical claims),690
January 2009,London,Aged 16-24,42360
January 2009,London,Aged 25-49,100975
January 2009,London,Aged 50+,25425
January 2009,South East,Age unknown (clerical claims),160
January 2009,South East,Aged 16-24,33625
January 2009,South East,Aged 25-49,64660
January 2009,South East,Aged 50+,21310
January 2009,South West,Age unknown (clerical claims),130
January 2009,South West,Aged 16-24,23205
January 2009,South West,Aged 25-49,40085
January 2009,South West,Aged 50+,13405
January 2009,Wales,Age unknown (clerical claims),230
January 2009,Wales,Aged 16-24,23755
January 2009,Wales,Aged 25-49,34710
January 2009,Wales,Aged 50+,9620
January 2009,Scotland,Age unknown (clerical claims),215
January 2009,Scotland,Aged 16-24,32710
January 2009,Scotland,Aged 25-49,59415
January 2009,Scotland,Aged 50+,16570
February 2009,North East,Age unknown (clerical claims),325
February 2009,North East,Aged 16-24,27375
February 2009,North East,Aged 25-49,42900
February 2009,North East,Aged 50+,12190
February 2009,North West,Age unknown (clerical claims),415
February 2009,North West,Aged 16-24,60715
February 2009,North West,Aged 25-49,97445
February 2009,North West,Aged 50+,25120
February 2009,Yorkshire and The Humber,Age unknown (clerical claims),360
February 2009,Yorkshire and The Humber,Aged 16-24,46255
February 2009,Yorkshire and The Humber,Aged 25-49,76225
February 2009,Yorkshire and The Humber,Aged 50+,20500
February 2009,East Midlands,Age unknown (clerical claims),260
February 2009,East Midlands,Aged 16-24,32965
February 2009,East Midlands,Aged 25-49,54320
February 2009,East Midlands,Aged 50+,17160
February 2009,West Midlands,Age unknown (clerical claims),560
February 2009,West Midlands,Aged 16-24,50610
February 2009,West Midlands,Aged 25-49,89015
February 2009,West Midlands,Aged 50+,26260
February 2009,East,Age unknown (clerical claims),205
February 2009,East,Aged 16-24,34015
February 2009,East,Aged 25-49,59170
February 2009,East,Aged 50+,19165
February 2009,London,Age unknown (clerical claims),740
February 2009,London,Aged 16-24,48670
February 2009,London,Aged 25-49,113080
February 2009,London,Aged 50+,27560
February 2009,South East,Age unknown (clerical claims),170
February 2009,South East,Aged 16-24,41885
February 2009,South East,Aged 25-49,75740
February 2009,South East,Aged 50+,24530
February 2009,South West,Age unknown (clerical claims),175
February 2009,South West,Aged 16-24,28765
February 2009,South West,Aged 25-49,47010
February 2009,South West,Aged 50+,15605
February 2009,Wales,Age unknown (clerical claims),305
February 2009,Wales,Aged 16-24,27295
February 2009,Wales,Aged 25-49,38650
February 2009,Wales,Aged 50+,10590
February 2009,Scotland,Age unknown (clerical claims),345
February 2009,Scotland,Aged 16-24,38125
February 2009,Scotland,Aged 25-49,65455
February 2009,Scotland,Aged 50+,18010
March 2009,North East,Age unknown (clerical claims),415
March 2009,North East,Aged 16-24,27710
March 2009,North East,Aged 25-49,43890
March 2009,North East,Aged 50+,12330
March 2009,North West,Age unknown (clerical claims),665
March 2009,North West,Aged 16-24,63160
March 2009,North West,Aged 25-49,101355
March 2009,North West,Aged 50+,25960
March 2009,Yorkshire and The Humber,Age unknown (clerical claims),470
March 2009,Yorkshire and The Humber,Aged 16-24,47565
March 2009,Yorkshire and The Humber,Aged 25-49,78970
March 2009,Yorkshire and The Humber,Aged 50+,21365
March 2009,East Midlands,Age unknown (clerical claims),225
March 2009,East Midlands,Aged 16-24,34350
March 2009,East Midlands,Aged 25-49,56730
March 2009,East Midlands,Aged 50+,17810
March 2009,West Midlands,Age unknown (clerical claims),605
March 2009,West Midlands,Aged 16-24,52065
March 2009,West Midlands,Aged 25-49,92850
March 2009,West Midlands,Aged 50+,27550
March 2009,East,Age unknown (clerical claims),225
March 2009,East,Aged 16-24,35490
March 2009,East,Aged 25-49,62365
March 2009,East,Aged 50+,20360
March 2009,London,Age unknown (clerical claims),780
March 2009,London,Aged 16-24,52055
March 2009,London,Aged 25-49,120570
March 2009,London,Aged 50+,29020
March 2009,South East,Age unknown (clerical claims),195
March 2009,South East,Aged 16-24,43835
March 2009,South East,Aged 25-49,79865
March 2009,South East,Aged 50+,25990
March 2009,South West,Age unknown (clerical claims),215
March 2009,South West,Aged 16-24,30120
March 2009,South West,Aged 25-49,49335
March 2009,South West,Aged 50+,16390
March 2009,Wales,Age unknown (clerical claims),370
March 2009,Wales,Aged 16-24,27920
March 2009,Wales,Aged 25-49,39755
March 2009,Wales,Aged 50+,10840
March 2009,Scotland,Age unknown (clerical claims),375
March 2009,Scotland,Aged 16-24,39650
March 2009,Scotland,Aged 25-49,67800
March 2009,Scotland,Aged 50+,18625
April 2009,North East,Age unknown (clerical claims),310
April 2009,North East,Aged 16-24,27375
April 2009,North East,Aged 25-49,44970
April 2009,North East,Aged 50+,12780
April 2009,North West,Age unknown (clerical claims),565
April 2009,North West,Aged 16-24,63400
April 2009,North West,Aged 25-49,104290
April 2009,North West,Aged 50+,26865
April 2009,Yorkshire and The Humber,Age unknown (clerical claims),520
April 2009,Yorkshire and The Humber,Aged 16-24,47960
April 2009,Yorkshire and The Humber,Aged 25-49,81380
April 2009,Yorkshire and The Humber,Aged 50+,22295
April 2009,East Midlands,Age unknown (clerical claims),220
April 2009,East Midlands,Aged 16-24,34400
April 2009,East Midlands,Aged 25-49,58775
April 2009,East Midlands,Aged 50+,18565
April 2009,West Midlands,Age unknown (clerical claims),660
April 2009,West Midlands,Aged 16-24,52460
April 2009,West Midlands,Aged 25-49,96155
April 2009,West Midlands,Aged 50+,28835
April 2009,East,Age unknown (clerical claims),170
April 2009,East,Aged 16-24,35350
April 2009,East,Aged 25-49,64645
April 2009,East,Aged 50+,21080
April 2009,London,Age unknown (clerical claims),720
April 2009,London,Aged 16-24,52770
April 2009,London,Aged 25-49,125550
April 2009,London,Aged 50+,30420
April 2009,South East,Age unknown (clerical claims),195
April 2009,South East,Aged 16-24,43935
April 2009,South East,Aged 25-49,82460
April 2009,South East,Aged 50+,27005
April 2009,South West,Age unknown (clerical claims),200
April 2009,South West,Aged 16-24,29700
April 2009,South West,Aged 25-49,50575
April 2009,South West,Aged 50+,16915
April 2009,Wales,Age unknown (clerical claims),440
April 2009,Wales,Aged 16-24,27395
April 2009,Wales,Aged 25-49,40450
April 2009,Wales,Aged 50+,11190
April 2009,Scotland,Age unknown (clerical claims),335
April 2009,Scotland,Aged 16-24,39045
April 2009,Scotland,Aged 25-49,68365
April 2009,Scotland,Aged 50+,19080
May 2009,North East,Age unknown (clerical claims),480
May 2009,North East,Aged 16-24,27075
May 2009,North East,Aged 25-49,45310
May 2009,North East,Aged 50+,12735
May 2009,North West,Age unknown (clerical claims),605
May 2009,North West,Aged 16-24,62550
May 2009,North West,Aged 25-49,105595
May 2009,North West,Aged 50+,27360
May 2009,Yorkshire and The Humber,Age unknown (clerical claims),525
May 2009,Yorkshire and The Humber,Aged 16-24,47650
May 2009,Yorkshire and The Humber,Aged 25-49,82665
May 2009,Yorkshire and The Humber,Aged 50+,22745
May 2009,East Midlands,Age unknown (clerical claims),265
May 2009,East Midlands,Aged 16-24,33915
May 2009,East Midlands,Aged 25-49,59420
May 2009,East Midlands,Aged 50+,18580
May 2009,West Midlands,Age unknown (clerical claims),475
May 2009,West Midlands,Aged 16-24,51465
May 2009,West Midlands,Aged 25-49,96600
May 2009,West Midlands,Aged 50+,28930
May 2009,East,Age unknown (clerical claims),205
May 2009,East,Aged 16-24,34350
May 2009,East,Aged 25-49,65125
May 2009,East,Aged 50+,21395
May 2009,London,Age unknown (clerical claims),625
May 2009,London,Aged 16-24,52510
May 2009,London,Aged 25-49,129860
May 2009,London,Aged 50+,31290
May 2009,South East,Age unknown (clerical claims),200
May 2009,South East,Aged 16-24,43095
May 2009,South East,Aged 25-49,83965
May 2009,South East,Aged 50+,27585
May 2009,South West,Age unknown (clerical claims),205
May 2009,South West,Aged 16-24,28680
May 2009,South West,Aged 25-49,50755
May 2009,South West,Aged 50+,16905
May 2009,Wales,Age unknown (clerical claims),435
May 2009,Wales,Aged 16-24,26435
May 2009,Wales,Aged 25-49,40195
May 2009,Wales,Aged 50+,11085
May 2009,Scotland,Age unknown (clerical claims),460
May 2009,Scotland,Aged 16-24,38505
May 2009,Scotland,Aged 25-49,68910
May 2009,Scotland,Aged 50+,19215
June 2009,North East,Age unknown (clerical claims),550
June 2009,North East,Aged 16-24,26530
June 2009,North East,Aged 25-49,44745
June 2009,North East,Aged 50+,12655
June 2009,North West,Age unknown (clerical claims),665
June 2009,North West,Aged 16-24,61615
June 2009,North West,Aged 25-49,104995
June 2009,North West,Aged 50+,27060
June 2009,Yorkshire and The Humber,Age unknown (clerical claims),490
June 2009,Yorkshire and The Humber,Aged 16-24,47175
June 2009,Yorkshire and The Humber,Aged 25-49,82555
June 2009,Yorkshire and The Humber,Aged 50+,22520
June 2009,East Midlands,Age unknown (clerical claims),255
June 2009,East Midlands,Aged 16-24,33085
June 2009,East Midlands,Aged 25-49,58660
June 2009,East Midlands,Aged 50+,18280
June 2009,West Midlands,Age unknown (clerical claims),635
June 2009,West Midlands,Aged 16-24,50980
June 2009,West Midlands,Aged 25-49,96240
June 2009,West Midlands,Aged 50+,28770
June 2009,East,Age unknown (clerical claims),235
June 2009,East,Aged 16-24,33390
June 2009,East,Aged 25-49,64290
June 2009,East,Aged 50+,21090
June 2009,London,Age unknown (clerical claims),555
June 2009,London,Aged 16-24,52415
June 2009,London,Aged 25-49,130195
June 2009,London,Aged 50+,31460
June 2009,South East,Age unknown (clerical claims),220
June 2009,South East,Aged 16-24,41930
June 2009,South East,Aged 25-49,82790
June 2009,South East,Aged 50+,27165
June 2009,South West,Age unknown (clerical claims),195
June 2009,South West,Aged 16-24,27845
June 2009,South West,Aged 25-49,49775
June 2009,South West,Aged 50+,16550
June 2009,Wales,Age unknown (clerical claims),245
June 2009,Wales,Aged 16-24,26020
June 2009,Wales,Aged 25-49,39885
June 2009,Wales,Aged 50+,10830
June 2009,Scotland,Age unknown (clerical claims),545
June 2009,Scotland,Aged 16-24,39460
June 2009,Scotland,Aged 25-49,69355
June 2009,Scotland,Aged 50+,19205
July 2009,North East,Age unknown (clerical claims),565
July 2009,North East,Aged 16-24,27195
July 2009,North East,Aged 25-49,44605
July 2009,North East,Aged 50+,12670
July 2009,North West,Age unknown (clerical claims),700
July 2009,North West,Aged 16-24,64060
July 2009,North West,Aged 25-49,105685
July 2009,North West,Aged 50+,27150
July 2009,Yorkshire and The Humber,Age unknown (clerical claims),495
July 2009,Yorkshire and The Humber,Aged 16-24,48530
July 2009,Yorkshire and The Humber,Aged 25-49,82345
July 2009,Yorkshire and The Humber,Aged 50+,22430
July 2009,East Midlands,Age unknown (clerical claims),275
July 2009,East Midlands,Aged 16-24,34445
July 2009,East Midlands,Aged 25-49,58195
July 2009,East Midlands,Aged 50+,18025
July 2009,West Midlands,Age unknown (clerical claims),605
July 2009,West Midlands,Aged 16-24,52815
July 2009,West Midlands,Aged 25-49,96020
July 2009,West Midlands,Aged 50+,28325
July 2009,East,Age unknown (clerical claims),280
July 2009,East,Aged 16-24,34320
July 2009,East,Aged 25-49,63495
July 2009,East,Aged 50+,20735
July 2009,London,Age unknown (clerical claims),550
July 2009,London,Aged 16-24,55820
July 2009,London,Aged 25-49,131300
July 2009,London,Aged 50+,31570
July 2009,South East,Age unknown (clerical claims),225
July 2009,South East,Aged 16-24,43650
July 2009,South East,Aged 25-49,82585
July 2009,South East,Aged 50+,27070
July 2009,South West,Age unknown (clerical claims),195
July 2009,South West,Aged 16-24,28770
July 2009,South West,Aged 25-49,49205
July 2009,South West,Aged 50+,16190
July 2009,Wales,Age unknown (clerical claims),260
July 2009,Wales,Aged 16-24,26950
July 2009,Wales,Aged 25-49,40045
July 2009,Wales,Aged 50+,10795
July 2009,Scotland,Age unknown (clerical claims),655
July 2009,Scotland,Aged 16-24,42280
July 2009,Scotland,Aged 25-49,70455
July 2009,Scotland,Aged 50+,19180
August 2009,North East,Age unknown (clerical claims),590
August 2009,North East,Aged 16-24,27485
August 2009,North East,Aged 25-49,44735
August 2009,North East,Aged 50+,12560
August 2009,North West,Age unknown (clerical claims),715
August 2009,North West,Aged 16-24,66360
August 2009,North West,Aged 25-49,106950
August 2009,North West,Aged 50+,27145
August 2009,Yorkshire and The Humber,Age unknown (clerical claims),520
August 2009,Yorkshire and The Humber,Aged 16-24,50335
August 2009,Yorkshire and The Humber,Aged 25-49,82985
August 2009,Yorkshire and The Humber,Aged 50+,22700
August 2009,East Midlands,Age unknown (clerical claims),270
August 2009,East Midlands,Aged 16-24,35995
August 2009,East Midlands,Aged 25-49,58435
August 2009,East Midlands,Aged 50+,17945
August 2009,West Midlands,Age unknown (clerical claims),570
August 2009,West Midlands,Aged 16-24,56000
August 2009,West Midlands,Aged 25-49,96735
August 2009,West Midlands,Aged 50+,28210
August 2009,East,Age unknown (clerical claims),280
August 2009,East,Aged 16-24,35700
August 2009,East,Aged 25-49,63915
August 2009,East,Aged 50+,20900
August 2009,London,Age unknown (clerical claims),575
August 2009,London,Aged 16-24,59405
August 2009,London,Aged 25-49,132520
August 2009,London,Aged 50+,31995
August 2009,South East,Age unknown (clerical claims),235
August 2009,South East,Aged 16-24,46370
August 2009,South East,Aged 25-49,83000
August 2009,South East,Aged 50+,27010
August 2009,South West,Age unknown (clerical claims),210
August 2009,South West,Aged 16-24,29635
August 2009,South West,Aged 25-49,48925
August 2009,South West,Aged 50+,15955
August 2009,Wales,Age unknown (clerical claims),280
August 2009,Wales,Aged 16-24,27825
August 2009,Wales,Aged 25-49,40450
August 2009,Wales,Aged 50+,10880
August 2009,Scotland,Age unknown (clerical claims),620
August 2009,Scotland,Aged 16-24,43455
August 2009,Scotland,Aged 25-49,71780
August 2009,Scotland,Aged 50+,19530
September 2009,North East,Age unknown (clerical claims),750
September 2009,North East,Aged 16-24,27900
September 2009,North East,Aged 25-49,44060
September 2009,North East,Aged 50+,12360
September 2009,North West,Age unknown (clerical claims),585
September 2009,North West,Aged 16-24,65975
September 2009,North West,Aged 25-49,106405
September 2009,North West,Aged 50+,26775
September 2009,Yorkshire and The Humber,Age unknown (clerical claims),485
September 2009,Yorkshire and The Humber,Aged 16-24,50195
September 2009,Yorkshire and The Humber,Aged 25-49,82630
September 2009,Yorkshire and The Humber,Aged 50+,22230
September 2009,East Midlands,Age unknown (clerical claims),270
September 2009,East Midlands,Aged 16-24,36355
September 2009,East Midlands,Aged 25-49,57575
September 2009,East Midlands,Aged 50+,17535
September 2009,West Midlands,Age unknown (clerical claims),495
September 2009,West Midlands,Aged 16-24,57770
September 2009,West Midlands,Aged 25-49,96540
September 2009,West Midlands,Aged 50+,27585
September 2009,East,Age unknown (clerical claims),280
September 2009,East,Aged 16-24,35200
September 2009,East,Aged 25-49,63345
September 2009,East,Aged 50+,20345
September 2009,London,Age unknown (clerical claims),645
September 2009,London,Aged 16-24,60445
September 2009,London,Aged 25-49,133615
September 2009,London,Aged 50+,32305
September 2009,South East,Age unknown (clerical claims),265
September 2009,South East,Aged 16-24,45995
September 2009,South East,Aged 25-49,82285
September 2009,South East,Aged 50+,26635
September 2009,South West,Age unknown (clerical claims),215
September 2009,South West,Aged 16-24,28890
September 2009,South West,Aged 25-49,48525
September 2009,South West,Aged 50+,15670
September 2009,Wales,Age unknown (clerical claims),235
September 2009,Wales,Aged 16-24,27920
September 2009,Wales,Aged 25-49,40075
September 2009,Wales,Aged 50+,10675
September 2009,Scotland,Age unknown (clerical claims),680
September 2009,Scotland,Aged 16-24,39435
September 2009,Scotland,Aged 25-49,70095
September 2009,Scotland,Aged 50+,19360
October 2009,North East,Age unknown (clerical claims),710
October 2009,North East,Aged 16-24,27650
October 2009,North East,Aged 25-49,44205
October 2009,North East,Aged 50+,12665
October 2009,North West,Age unknown (clerical claims),780
October 2009,North West,Aged 16-24,64240
October 2009,North West,Aged 25-49,105535
October 2009,North West,Aged 50+,26790
October 2009,Yorkshire and The Humber,Age unknown (clerical claims),540
October 2009,Yorkshire and The Humber,Aged 16-24,49665
October 2009,Yorkshire and The Humber,Aged 25-49,82460
October 2009,Yorkshire and The Humber,Aged 50+,22235
October 2009,East Midlands,Age unknown (clerical claims),270
October 2009,East Midlands,Aged 16-24,36320
October 2009,East Midlands,Aged 25-49,57555
October 2009,East Midlands,Aged 50+,17455
October 2009,West Midlands,Age unknown (clerical claims),535
October 2009,West Midlands,Aged 16-24,56885
October 2009,West Midlands,Aged 25-49,95360
October 2009,West Midlands,Aged 50+,27125
October 2009,East,Age unknown (clerical claims),285
October 2009,East,Aged 16-24,34420
October 2009,East,Aged 25-49,63300
October 2009,East,Aged 50+,20335
October 2009,London,Age unknown (clerical claims),675
October 2009,London,Aged 16-24,59325
October 2009,London,Aged 25-49,135475
October 2009,London,Aged 50+,32810
October 2009,South East,Age unknown (clerical claims),285
October 2009,South East,Aged 16-24,45010
October 2009,South East,Aged 25-49,82700
October 2009,South East,Aged 50+,26845
October 2009,South West,Age unknown (clerical claims),220
October 2009,South West,Aged 16-24,28090
October 2009,South West,Aged 25-49,47740
October 2009,South West,Aged 50+,15580
October 2009,Wales,Age unknown (clerical claims),240
October 2009,Wales,Aged 16-24,27730
October 2009,Wales,Aged 25-49,39570
October 2009,Wales,Aged 50+,10695
October 2009,Scotland,Age unknown (clerical claims),575
October 2009,Scotland,Aged 16-24,39020
October 2009,Scotland,Aged 25-49,70185
October 2009,Scotland,Aged 50+,19730
November 2009,North East,Age unknown (clerical claims),780
November 2009,North East,Aged 16-24,26745
November 2009,North East,Aged 25-49,44330
November 2009,North East,Aged 50+,12785
November 2009,North West,Age unknown (clerical claims),890
November 2009,North West,Aged 16-24,62650
November 2009,North West,Aged 25-49,105470
November 2009,North West,Aged 50+,26730
November 2009,Yorkshire and The Humber,Age unknown (clerical claims),630
November 2009,Yorkshire and The Humber,Aged 16-24,48735
November 2009,Yorkshire and The Humber,Aged 25-49,82500
November 2009,Yorkshire and The Humber,Aged 50+,22415
November 2009,East Midlands,Age unknown (clerical claims),285
November 2009,East Midlands,Aged 16-24,35290
November 2009,East Midlands,Aged 25-49,57010
November 2009,East Midlands,Aged 50+,17320
November 2009,West Midlands,Age unknown (clerical claims),595
November 2009,West Midlands,Aged 16-24,55285
November 2009,West Midlands,Aged 25-49,94065
November 2009,West Midlands,Aged 50+,26750
November 2009,East,Age unknown (clerical claims),315
November 2009,East,Aged 16-24,33265
November 2009,East,Aged 25-49,62940
November 2009,East,Aged 50+,20225
November 2009,London,Age unknown (clerical claims),750
November 2009,London,Aged 16-24,55825
November 2009,London,Aged 25-49,133725
November 2009,London,Aged 50+,32550
November 2009,South East,Age unknown (clerical claims),295
November 2009,South East,Aged 16-24,44160
November 2009,South East,Aged 25-49,83060
November 2009,South East,Aged 50+,27160
November 2009,South West,Age unknown (clerical claims),240
November 2009,South West,Aged 16-24,27575
November 2009,South West,Aged 25-49,48060
November 2009,South West,Aged 50+,15745
November 2009,Wales,Age unknown (clerical claims),270
November 2009,Wales,Aged 16-24,27160
November 2009,Wales,Aged 25-49,39800
November 2009,Wales,Aged 50+,10665
November 2009,Scotland,Age unknown (clerical claims),665
November 2009,Scotland,Aged 16-24,39465
November 2009,Scotland,Aged 25-49,71520
November 2009,Scotland,Aged 50+,20225
December 2009,North East,Age unknown (clerical claims),830
December 2009,North East,Aged 16-24,26630
December 2009,North East,Aged 25-49,45190
December 2009,North East,Aged 50+,12970
December 2009,North West,Age unknown (clerical claims),1045
December 2009,North West,Aged 16-24,61555
December 2009,North West,Aged 25-49,105710
December 2009,North West,Aged 50+,26465
December 2009,Yorkshire and The Humber,Age unknown (clerical claims),555
December 2009,Yorkshire and The Humber,Aged 16-24,48915
December 2009,Yorkshire and The Humber,Aged 25-49,83755
December 2009,Yorkshire and The Humber,Aged 50+,22570
December 2009,East Midlands,Age unknown (clerical claims),205
December 2009,East Midlands,Aged 16-24,35160
December 2009,East Midlands,Aged 25-49,57375
December 2009,East Midlands,Aged 50+,17325
December 2009,West Midlands,Age unknown (clerical claims),640
December 2009,West Midlands,Aged 16-24,54770
December 2009,West Midlands,Aged 25-49,94030
December 2009,West Midlands,Aged 50+,26370
December 2009,East,Age unknown (clerical claims),395
December 2009,East,Aged 16-24,32880
December 2009,East,Aged 25-49,63170
December 2009,East,Aged 50+,20060
December 2009,London,Age unknown (clerical claims),705
December 2009,London,Aged 16-24,54290
December 2009,London,Aged 25-49,133235
December 2009,London,Aged 50+,32635
December 2009,South East,Age unknown (clerical claims),345
December 2009,South East,Aged 16-24,42910
December 2009,South East,Aged 25-49,82520
December 2009,South East,Aged 50+,26830
December 2009,South West,Age unknown (clerical claims),355
December 2009,South West,Aged 16-24,26550
December 2009,South West,Aged 25-49,47725
December 2009,South West,Aged 50+,15420
December 2009,Wales,Age unknown (clerical claims),275
December 2009,Wales,Aged 16-24,26925
December 2009,Wales,Aged 25-49,40210
December 2009,Wales,Aged 50+,10675
December 2009,Scotland,Age unknown (clerical claims),840
December 2009,Scotland,Aged 16-24,39665
December 2009,Scotland,Aged 25-49,72790
December 2009,Scotland,Aged 50+,20435
January 2010,North East,Age unknown (clerical claims),855
January 2010,North East,Aged 16-24,28085
January 2010,North East,Aged 25-49,48100
January 2010,North East,Aged 50+,13730
January 2010,North West,Age unknown (clerical claims),1055
January 2010,North West,Aged 16-24,64395
January 2010,North West,Aged 25-49,112255
January 2010,North West,Aged 50+,28215
January 2010,Yorkshire and The Humber,Age unknown (clerical claims),600
January 2010,Yorkshire and The Humber,Aged 16-24,51145
January 2010,Yorkshire and The Humber,Aged 25-49,88245
January 2010,Yorkshire and The Humber,Aged 50+,23710
January 2010,East Midlands,Age unknown (clerical claims),215
January 2010,East Midlands,Aged 16-24,36490
January 2010,East Midlands,Aged 25-49,60500
January 2010,East Midlands,Aged 50+,18015
January 2010,West Midlands,Age unknown (clerical claims),620
January 2010,West Midlands,Aged 16-24,56895
January 2010,West Midlands,Aged 25-49,98370
January 2010,West Midlands,Aged 50+,27535
January 2010,East,Age unknown (clerical claims),300
January 2010,East,Aged 16-24,35150
January 2010,East,Aged 25-49,67575
January 2010,East,Aged 50+,21345
January 2010,London,Age unknown (clerical claims),820
January 2010,London,Aged 16-24,54950
January 2010,London,Aged 25-49,136515
January 2010,London,Aged 50+,33795
January 2010,South East,Age unknown (clerical claims),440
January 2010,South East,Aged 16-24,45495
January 2010,South East,Aged 25-49,88110
January 2010,South East,Aged 50+,28525
January 2010,South West,Age unknown (clerical claims),295
January 2010,South West,Aged 16-24,28925
January 2010,South West,Aged 25-49,51830
January 2010,South West,Aged 50+,16730
January 2010,Wales,Age unknown (clerical claims),325
January 2010,Wales,Aged 16-24,28475
January 2010,Wales,Aged 25-49,42920
January 2010,Wales,Aged 50+,11460
January 2010,Scotland,Age unknown (clerical claims),825
January 2010,Scotland,Aged 16-24,42795
January 2010,Scotland,Aged 25-49,79055
January 2010,Scotland,Aged 50+,22195
February 2010,North East,Age unknown (clerical claims),1095
February 2010,North East,Aged 16-24,27950
February 2010,North East,Aged 25-49,47290
February 2010,North East,Aged 50+,13305
February 2010,North West,Age unknown (clerical claims),820
February 2010,North West,Aged 16-24,64820
February 2010,North West,Aged 25-49,110895
February 2010,North West,Aged 50+,27620
February 2010,Yorkshire and The Humber,Age unknown (clerical claims),585
February 2010,Yorkshire and The Humber,Aged 16-24,52175
February 2010,Yorkshire and The Humber,Aged 25-49,88355
February 2010,Yorkshire and The Humber,Aged 50+,23520
February 2010,East Midlands,Age unknown (clerical claims),285
February 2010,East Midlands,Aged 16-24,37145
February 2010,East Midlands,Aged 25-49,60320
February 2010,East Midlands,Aged 50+,17680
February 2010,West Midlands,Age unknown (clerical claims),630
February 2010,West Midlands,Aged 16-24,57385
February 2010,West Midlands,Aged 25-49,98030
February 2010,West Midlands,Aged 50+,27200
February 2010,East,Age unknown (clerical claims),280
February 2010,East,Aged 16-24,35900
February 2010,East,Aged 25-49,67315
February 2010,East,Aged 50+,21005
February 2010,London,Age unknown (clerical claims),780
February 2010,London,Aged 16-24,56285
February 2010,London,Aged 25-49,138270
February 2010,London,Aged 50+,33910
February 2010,South East,Age unknown (clerical claims),410
February 2010,South East,Aged 16-24,45980
February 2010,South East,Aged 25-49,87005
February 2010,South East,Aged 50+,28005
February 2010,South West,Age unknown (clerical claims),335
February 2010,South West,Aged 16-24,29465
February 2010,South West,Aged 25-49,51690
February 2010,South West,Aged 50+,16545
February 2010,Wales,Age unknown (clerical claims),280
February 2010,Wales,Aged 16-24,28960
February 2010,Wales,Aged 25-49,42500
February 2010,Wales,Aged 50+,11250
February 2010,Scotland,Age unknown (clerical claims),790
February 2010,Scotland,Aged 16-24,44335
February 2010,Scotland,Aged 25-49,79745
February 2010,Scotland,Aged 50+,22040
March 2010,North East,Age unknown (clerical claims),1025
March 2010,North East,Aged 16-24,26800
March 2010,North East,Aged 25-49,45850
March 2010,North East,Aged 50+,12775
March 2010,North West,Age unknown (clerical claims),925
March 2010,North West,Aged 16-24,61925
March 2010,North West,Aged 25-49,107865
March 2010,North West,Aged 50+,26775
March 2010,Yorkshire and The Humber,Age unknown (clerical claims),620
March 2010,Yorkshire and The Humber,Aged 16-24,50020
March 2010,Yorkshire and The Humber,Aged 25-49,86575
March 2010,Yorkshire and The Humber,Aged 50+,22750
March 2010,East Midlands,Age unknown (clerical claims),300
March 2010,East Midlands,Aged 16-24,35715
March 2010,East Midlands,Aged 25-49,59190
March 2010,East Midlands,Aged 50+,17225
March 2010,West Midlands,Age unknown (clerical claims),655
March 2010,West Midlands,Aged 16-24,55040
March 2010,West Midlands,Aged 25-49,95965
March 2010,West Midlands,Aged 50+,26390
March 2010,East,Age unknown (clerical claims),275
March 2010,East,Aged 16-24,34720
March 2010,East,Aged 25-49,65855
March 2010,East,Aged 50+,20520
March 2010,London,Age unknown (clerical claims),725
March 2010,London,Aged 16-24,54975
March 2010,London,Aged 25-49,137860
March 2010,London,Aged 50+,33795
March 2010,South East,Age unknown (clerical claims),385
March 2010,South East,Aged 16-24,44075
March 2010,South East,Aged 25-49,84460
March 2010,South East,Aged 50+,27345
March 2010,South West,Age unknown (clerical claims),370
March 2010,South West,Aged 16-24,27935
March 2010,South West,Aged 25-49,50035
March 2010,South West,Aged 50+,15955
March 2010,Wales,Age unknown (clerical claims),365
March 2010,Wales,Aged 16-24,27875
March 2010,Wales,Aged 25-49,41060
March 2010,Wales,Aged 50+,10795
March 2010,Scotland,Age unknown (clerical claims),800
March 2010,Scotland,Aged 16-24,43335
March 2010,Scotland,Aged 25-49,78675
March 2010,Scotland,Aged 50+,21635
April 2010,North East,Age unknown (clerical claims),1215
April 2010,North East,Aged 16-24,25050
April 2010,North East,Aged 25-49,44490
April 2010,North East,Aged 50+,12475
April 2010,North West,Age unknown (clerical claims),890
April 2010,North West,Aged 16-24,58580
April 2010,North West,Aged 25-49,105980
April 2010,North West,Aged 50+,26375
April 2010,Yorkshire and The Humber,Age unknown (clerical claims),620
April 2010,Yorkshire and The Humber,Aged 16-24,47690
April 2010,Yorkshire and The Humber,Aged 25-49,85580
April 2010,Yorkshire and The Humber,Aged 50+,22435
April 2010,East Midlands,Age unknown (clerical claims),245
April 2010,East Midlands,Aged 16-24,33365
April 2010,East Midlands,Aged 25-49,58210
April 2010,East Midlands,Aged 50+,16905
April 2010,West Midlands,Age unknown (clerical claims),625
April 2010,West Midlands,Aged 16-24,51405
April 2010,West Midlands,Aged 25-49,94480
April 2010,West Midlands,Aged 50+,25890
April 2010,East,Age unknown (clerical claims),240
April 2010,East,Aged 16-24,33105
April 2010,East,Aged 25-49,65020
April 2010,East,Aged 50+,20310
April 2010,London,Age unknown (clerical claims),725
April 2010,London,Aged 16-24,51645
April 2010,London,Aged 25-49,136600
April 2010,London,Aged 50+,33785
April 2010,South East,Age unknown (clerical claims),385
April 2010,South East,Aged 16-24,41385
April 2010,South East,Aged 25-49,83340
April 2010,South East,Aged 50+,26770
April 2010,South West,Age unknown (clerical claims),285
April 2010,South West,Aged 16-24,25380
April 2010,South West,Aged 25-49,48100
April 2010,South West,Aged 50+,15325
April 2010,Wales,Age unknown (clerical claims),115
April 2010,Wales,Aged 16-24,26190
April 2010,Wales,Aged 25-49,40175
April 2010,Wales,Aged 50+,10680
April 2010,Scotland,Age unknown (clerical claims),800
April 2010,Scotland,Aged 16-24,40885
April 2010,Scotland,Aged 25-49,77175
April 2010,Scotland,Aged 50+,21350
May 2010,North East,Age unknown (clerical claims),825
May 2010,North East,Aged 16-24,23590
May 2010,North East,Aged 25-49,43370
May 2010,North East,Aged 50+,12325
May 2010,North West,Age unknown (clerical claims),820
May 2010,North West,Aged 16-24,55195
May 2010,North West,Aged 25-49,102540
May 2010,North West,Aged 50+,25285
May 2010,Yorkshire and The Humber,Age unknown (clerical claims),635
May 2010,Yorkshire and The Humber,Aged 16-24,45220
May 2010,Yorkshire and The Humber,Aged 25-49,83180
May 2010,Yorkshire and The Humber,Aged 50+,21500
May 2010,East Midlands,Age unknown (clerical claims),265
May 2010,East Midlands,Aged 16-24,30940
May 2010,East Midlands,Aged 25-49,55760
May 2010,East Midlands,Aged 50+,16045
May 2010,West Midlands,Age unknown (clerical claims),490
May 2010,West Midlands,Aged 16-24,47745
May 2010,West Midlands,Aged 25-49,91485
May 2010,West Midlands,Aged 50+,24725
May 2010,East,Age unknown (clerical claims),245
May 2010,East,Aged 16-24,30350
May 2010,East,Aged 25-49,62195
May 2010,East,Aged 50+,19370
May 2010,London,Age unknown (clerical claims),605
May 2010,London,Aged 16-24,49300
May 2010,London,Aged 25-49,135210
May 2010,London,Aged 50+,33620
May 2010,South East,Age unknown (clerical claims),385
May 2010,South East,Aged 16-24,37245
May 2010,South East,Aged 25-49,79205
May 2010,South East,Aged 50+,25500
May 2010,South West,Age unknown (clerical claims),295
May 2010,South West,Aged 16-24,23000
May 2010,South West,Aged 25-49,45870
May 2010,South West,Aged 50+,14610
May 2010,Wales,Age unknown (clerical claims),135
May 2010,Wales,Aged 16-24,24070
May 2010,Wales,Aged 25-49,38275
May 2010,Wales,Aged 50+,10085
May 2010,Scotland,Age unknown (clerical claims),765
May 2010,Scotland,Aged 16-24,39360
May 2010,Scotland,Aged 25-49,74755
May 2010,Scotland,Aged 50+,20660
June 2010,North East,Age unknown (clerical claims),775
June 2010,North East,Aged 16-24,22995
June 2010,North East,Aged 25-49,42475
June 2010,North East,Aged 50+,12010
June 2010,North West,Age unknown (clerical claims),710
June 2010,North West,Aged 16-24,52610
June 2010,North West,Aged 25-49,99420
June 2010,North West,Aged 50+,24535
June 2010,Yorkshire and The Humber,Age unknown (clerical claims),605
June 2010,Yorkshire and The Humber,Aged 16-24,42065
June 2010,Yorkshire and The Humber,Aged 25-49,79425
June 2010,Yorkshire and The Humber,Aged 50+,20300
June 2010,East Midlands,Age unknown (clerical claims),275
June 2010,East Midlands,Aged 16-24,28820
June 2010,East Midlands,Aged 25-49,53260
June 2010,East Midlands,Aged 50+,15405
June 2010,West Midlands,Age unknown (clerical claims),365
June 2010,West Midlands,Aged 16-24,45210
June 2010,West Midlands,Aged 25-49,88550
June 2010,West Midlands,Aged 50+,23975
June 2010,East,Age unknown (clerical claims),150
June 2010,East,Aged 16-24,28340
June 2010,East,Aged 25-49,59600
June 2010,East,Aged 50+,18675
June 2010,London,Age unknown (clerical claims),505
June 2010,London,Aged 16-24,47000
June 2010,London,Aged 25-49,131690
June 2010,London,Aged 50+,33170
June 2010,South East,Age unknown (clerical claims),350
June 2010,South East,Aged 16-24,34205
June 2010,South East,Aged 25-49,75190
June 2010,South East,Aged 50+,24370
June 2010,South West,Age unknown (clerical claims),285
June 2010,South West,Aged 16-24,21355
June 2010,South West,Aged 25-49,43770
June 2010,South West,Aged 50+,13915
June 2010,Wales,Age unknown (clerical claims),130
June 2010,Wales,Aged 16-24,22300
June 2010,Wales,Aged 25-49,36835
June 2010,Wales,Aged 50+,9695
June 2010,Scotland,Age unknown (clerical claims),670
June 2010,Scotland,Aged 16-24,39320
June 2010,Scotland,Aged 25-49,73250
June 2010,Scotland,Aged 50+,20210
July 2010,North East,Age unknown (clerical claims),815
July 2010,North East,Aged 16-24,23320
July 2010,North East,Aged 25-49,41975
July 2010,North East,Aged 50+,11755
July 2010,North West,Age unknown (clerical claims),850
July 2010,North West,Aged 16-24,53495
July 2010,North West,Aged 25-49,98630
July 2010,North West,Aged 50+,24090
July 2010,Yorkshire and The Humber,Age unknown (clerical claims),490
July 2010,Yorkshire and The Humber,Aged 16-24,42480
July 2010,Yorkshire and The Humber,Aged 25-49,78130
July 2010,Yorkshire and The Humber,Aged 50+,19810
July 2010,East Midlands,Age unknown (clerical claims),260
July 2010,East Midlands,Aged 16-24,29120
July 2010,East Midlands,Aged 25-49,52265
July 2010,East Midlands,Aged 50+,15105
July 2010,West Midlands,Age unknown (clerical claims),300
July 2010,West Midlands,Aged 16-24,45695
July 2010,West Midlands,Aged 25-49,87250
July 2010,West Midlands,Aged 50+,23445
July 2010,East,Age unknown (clerical claims),135
July 2010,East,Aged 16-24,29145
July 2010,East,Aged 25-49,58385
July 2010,East,Aged 50+,18095
July 2010,London,Age unknown (clerical claims),525
July 2010,London,Aged 16-24,48845
July 2010,London,Aged 25-49,130190
July 2010,London,Aged 50+,32965
July 2010,South East,Age unknown (clerical claims),340
July 2010,South East,Aged 16-24,34545
July 2010,South East,Aged 25-49,73410
July 2010,South East,Aged 50+,23725
July 2010,South West,Age unknown (clerical claims),225
July 2010,South West,Aged 16-24,21685
July 2010,South West,Aged 25-49,42635
July 2010,South West,Aged 50+,13540
July 2010,Wales,Age unknown (clerical claims),105
July 2010,Wales,Aged 16-24,22895
July 2010,Wales,Aged 25-49,36790
July 2010,Wales,Aged 50+,9420
July 2010,Scotland,Age unknown (clerical claims),560
July 2010,Scotland,Aged 16-24,42230
July 2010,Scotland,Aged 25-49,74315
July 2010,Scotland,Aged 50+,20005
August 2010,North East,Age unknown (clerical claims),715
August 2010,North East,Aged 16-24,24040
August 2010,North East,Aged 25-49,42200
August 2010,North East,Aged 50+,11565
August 2010,North West,Age unknown (clerical claims),820
August 2010,North West,Aged 16-24,55505
August 2010,North West,Aged 25-49,99080
August 2010,North West,Aged 50+,24265
August 2010,Yorkshire and The Humber,Age unknown (clerical claims),535
August 2010,Yorkshire and The Humber,Aged 16-24,43430
August 2010,Yorkshire and The Humber,Aged 25-49,78640
August 2010,Yorkshire and The Humber,Aged 50+,19960
August 2010,East Midlands,Age unknown (clerical claims),250
August 2010,East Midlands,Aged 16-24,29775
August 2010,East Midlands,Aged 25-49,52095
August 2010,East Midlands,Aged 50+,14880
August 2010,West Midlands,Age unknown (clerical claims),355
August 2010,West Midlands,Aged 16-24,46900
August 2010,West Midlands,Aged 25-49,87220
August 2010,West Midlands,Aged 50+,23480
August 2010,East,Age unknown (clerical claims),145
August 2010,East,Aged 16-24,30490
August 2010,East,Aged 25-49,58215
August 2010,East,Aged 50+,18165
August 2010,London,Age unknown (clerical claims),540
August 2010,London,Aged 16-24,51375
August 2010,London,Aged 25-49,129395
August 2010,London,Aged 50+,33095
August 2010,South East,Age unknown (clerical claims),335
August 2010,South East,Aged 16-24,35930
August 2010,South East,Aged 25-49,72615
August 2010,South East,Aged 50+,23295
August 2010,South West,Age unknown (clerical claims),255
August 2010,South West,Aged 16-24,22650
August 2010,South West,Aged 25-49,42250
August 2010,South West,Aged 50+,13410
August 2010,Wales,Age unknown (clerical claims),135
August 2010,Wales,Aged 16-24,23755
August 2010,Wales,Aged 25-49,37240
August 2010,Wales,Aged 50+,9420
August 2010,Scotland,Age unknown (clerical claims),405
August 2010,Scotland,Aged 16-24,43270
August 2010,Scotland,Aged 25-49,74895
August 2010,Scotland,Aged 50+,20020
September 2010,North East,Age unknown (clerical claims),600
September 2010,North East,Aged 16-24,25065
September 2010,North East,Aged 25-49,41795
September 2010,North East,Aged 50+,11450
September 2010,North West,Age unknown (clerical claims),805
September 2010,North West,Aged 16-24,56095
September 2010,North West,Aged 25-49,97580
September 2010,North West,Aged 50+,23695
September 2010,Yorkshire and The Humber,Age unknown (clerical claims),460
September 2010,Yorkshire and The Humber,Aged 16-24,43795
September 2010,Yorkshire and The Humber,Aged 25-49,77835
September 2010,Yorkshire and The Humber,Aged 50+,19690
September 2010,East Midlands,Age unknown (clerical claims),300
September 2010,East Midlands,Aged 16-24,30045
September 2010,East Midlands,Aged 25-49,51070
September 2010,East Midlands,Aged 50+,14510
September 2010,West Midlands,Age unknown (clerical claims),305
September 2010,West Midlands,Aged 16-24,47775
September 2010,West Midlands,Aged 25-49,85840
September 2010,West Midlands,Aged 50+,23010
September 2010,East,Age unknown (clerical claims),175
September 2010,East,Aged 16-24,30450
September 2010,East,Aged 25-49,57185
September 2010,East,Aged 50+,17840
September 2010,London,Age unknown (clerical claims),520
September 2010,London,Aged 16-24,52900
September 2010,London,Aged 25-49,129170
September 2010,London,Aged 50+,33010
September 2010,South East,Age unknown (clerical claims),410
September 2010,South East,Aged 16-24,35885
September 2010,South East,Aged 25-49,71420
September 2010,South East,Aged 50+,22710
September 2010,South West,Age unknown (clerical claims),255
September 2010,South West,Aged 16-24,22840
September 2010,South West,Aged 25-49,41905
September 2010,South West,Aged 50+,13155
September 2010,Wales,Age unknown (clerical claims),145
September 2010,Wales,Aged 16-24,23815
September 2010,Wales,Aged 25-49,36440
September 2010,Wales,Aged 50+,9190
September 2010,Scotland,Age unknown (clerical claims),405
September 2010,Scotland,Aged 16-24,38355
September 2010,Scotland,Aged 25-49,71710
September 2010,Scotland,Aged 50+,19500
October 2010,North East,Age unknown (clerical claims),770
October 2010,North East,Aged 16-24,24980
October 2010,North East,Aged 25-49,41390
October 2010,North East,Aged 50+,11620
October 2010,North West,Age unknown (clerical claims),570
October 2010,North West,Aged 16-24,54780
October 2010,North West,Aged 25-49,95735
October 2010,North West,Aged 50+,23755
October 2010,Yorkshire and The Humber,Age unknown (clerical claims),605
October 2010,Yorkshire and The Humber,Aged 16-24,42900
October 2010,Yorkshire and The Humber,Aged 25-49,76065
October 2010,Yorkshire and The Humber,Aged 50+,19570
October 2010,East Midlands,Age unknown (clerical claims),250
October 2010,East Midlands,Aged 16-24,29100
October 2010,East Midlands,Aged 25-49,49655
October 2010,East Midlands,Aged 50+,14195
October 2010,West Midlands,Age unknown (clerical claims),310
October 2010,West Midlands,Aged 16-24,46455
October 2010,West Midlands,Aged 25-49,83460
October 2010,West Midlands,Aged 50+,22665
October 2010,East,Age unknown (clerical claims),220
October 2010,East,Aged 16-24,30085
October 2010,East,Aged 25-49,56300
October 2010,East,Aged 50+,17730
October 2010,London,Age unknown (clerical claims),600
October 2010,London,Aged 16-24,51805
October 2010,London,Aged 25-49,128380
October 2010,London,Aged 50+,33125
October 2010,South East,Age unknown (clerical claims),370
October 2010,South East,Aged 16-24,34840
October 2010,South East,Aged 25-49,69655
October 2010,South East,Aged 50+,22545
October 2010,South West,Age unknown (clerical claims),255
October 2010,South West,Aged 16-24,22560
October 2010,South West,Aged 25-49,41465
October 2010,South West,Aged 50+,13095
October 2010,Wales,Age unknown (clerical claims),120
October 2010,Wales,Aged 16-24,23290
October 2010,Wales,Aged 25-49,35515
October 2010,Wales,Aged 50+,9200
October 2010,Scotland,Age unknown (clerical claims),560
October 2010,Scotland,Aged 16-24,37345
October 2010,Scotland,Aged 25-49,71570
October 2010,Scotland,Aged 50+,19830
November 2010,North East,Age unknown (clerical claims),720
November 2010,North East,Aged 16-24,24430
November 2010,North East,Aged 25-49,41550
November 2010,North East,Aged 50+,11785
November 2010,North West,Age unknown (clerical claims),480
November 2010,North West,Aged 16-24,53070
November 2010,North West,Aged 25-49,95780
November 2010,North West,Aged 50+,24005
November 2010,Yorkshire and The Humber,Age unknown (clerical claims),565
November 2010,Yorkshire and The Humber,Aged 16-24,41935
November 2010,Yorkshire and The Humber,Aged 25-49,76685
November 2010,Yorkshire and The Humber,Aged 50+,19885
November 2010,East Midlands,Age unknown (clerical claims),280
November 2010,East Midlands,Aged 16-24,28255
November 2010,East Midlands,Aged 25-49,49685
November 2010,East Midlands,Aged 50+,14250
November 2010,West Midlands,Age unknown (clerical claims),500
November 2010,West Midlands,Aged 16-24,45490
November 2010,West Midlands,Aged 25-49,83480
November 2010,West Midlands,Aged 50+,22745
November 2010,East,Age unknown (clerical claims),245
November 2010,East,Aged 16-24,28920
November 2010,East,Aged 25-49,56325
November 2010,East,Aged 50+,17880
November 2010,London,Age unknown (clerical claims),575
November 2010,London,Aged 16-24,50045
November 2010,London,Aged 25-49,128135
November 2010,London,Aged 50+,33010
November 2010,South East,Age unknown (clerical claims),390
November 2010,South East,Aged 16-24,34280
November 2010,South East,Aged 25-49,69860
November 2010,South East,Aged 50+,22615
November 2010,South West,Age unknown (clerical claims),235
November 2010,South West,Aged 16-24,22845
November 2010,South West,Aged 25-49,42125
November 2010,South West,Aged 50+,13320
November 2010,Wales,Age unknown (clerical claims),110
November 2010,Wales,Aged 16-24,23145
November 2010,Wales,Aged 25-49,36185
November 2010,Wales,Aged 50+,9330
November 2010,Scotland,Age unknown (clerical claims),755
November 2010,Scotland,Aged 16-24,37520
November 2010,Scotland,Aged 25-49,72715
November 2010,Scotland,Aged 50+,20280
December 2010,North East,Age unknown (clerical claims),740
December 2010,North East,Aged 16-24,24375
December 2010,North East,Aged 25-49,42455
December 2010,North East,Aged 50+,11840
December 2010,North West,Age unknown (clerical claims),470
December 2010,North West,Aged 16-24,51580
December 2010,North West,Aged 25-49,96755
December 2010,North West,Aged 50+,24200
December 2010,Yorkshire and The Humber,Age unknown (clerical claims),480
December 2010,Yorkshire and The Humber,Aged 16-24,42065
December 2010,Yorkshire and The Humber,Aged 25-49,78940
December 2010,Yorkshire and The Humber,Aged 50+,20405
December 2010,East Midlands,Age unknown (clerical claims),280
December 2010,East Midlands,Aged 16-24,28635
December 2010,East Midlands,Aged 25-49,50765
December 2010,East Midlands,Aged 50+,14440
December 2010,West Midlands,Age unknown (clerical claims),365
December 2010,West Midlands,Aged 16-24,45140
December 2010,West Midlands,Aged 25-49,84530
December 2010,West Midlands,Aged 50+,23010
December 2010,East,Age unknown (clerical claims),135
December 2010,East,Aged 16-24,28230
December 2010,East,Aged 25-49,57105
December 2010,East,Aged 50+,18060
December 2010,London,Age unknown (clerical claims),495
December 2010,London,Aged 16-24,47855
December 2010,London,Aged 25-49,128255
December 2010,London,Aged 50+,33085
December 2010,South East,Age unknown (clerical claims),375
December 2010,South East,Aged 16-24,33815
December 2010,South East,Aged 25-49,70825
December 2010,South East,Aged 50+,22795
December 2010,South West,Age unknown (clerical claims),280
December 2010,South West,Aged 16-24,22700
December 2010,South West,Aged 25-49,42875
December 2010,South West,Aged 50+,13580
December 2010,Wales,Age unknown (clerical claims),115
December 2010,Wales,Aged 16-24,23375
December 2010,Wales,Aged 25-49,37165
December 2010,Wales,Aged 50+,9530
December 2010,Scotland,Age unknown (clerical claims),885
December 2010,Scotland,Aged 16-24,38290
December 2010,Scotland,Aged 25-49,75940
December 2010,Scotland,Aged 50+,21085
January 2011,North East,Age unknown (clerical claims),800
January 2011,North East,Aged 16-24,26020
January 2011,North East,Aged 25-49,44815
January 2011,North East,Aged 50+,12300
January 2011,North West,Age unknown (clerical claims),635
January 2011,North West,Aged 16-24,54305
January 2011,North West,Aged 25-49,103020
January 2011,North West,Aged 50+,25595
January 2011,Yorkshire and The Humber,Age unknown (clerical claims),535
January 2011,Yorkshire and The Humber,Aged 16-24,44225
January 2011,Yorkshire and The Humber,Aged 25-49,83345
January 2011,Yorkshire and The Humber,Aged 50+,21500
January 2011,East Midlands,Age unknown (clerical claims),280
January 2011,East Midlands,Aged 16-24,30075
January 2011,East Midlands,Aged 25-49,54220
January 2011,East Midlands,Aged 50+,15360
January 2011,West Midlands,Age unknown (clerical claims),265
January 2011,West Midlands,Aged 16-24,47480
January 2011,West Midlands,Aged 25-49,89645
January 2011,West Midlands,Aged 50+,24170
January 2011,East,Age unknown (clerical claims),205
January 2011,East,Aged 16-24,30230
January 2011,East,Aged 25-49,60505
January 2011,East,Aged 50+,19035
January 2011,London,Age unknown (clerical claims),840
January 2011,London,Aged 16-24,47850
January 2011,London,Aged 25-49,132085
January 2011,London,Aged 50+,33935
January 2011,South East,Age unknown (clerical claims),410
January 2011,South East,Aged 16-24,35750
January 2011,South East,Aged 25-49,75015
January 2011,South East,Aged 50+,24080
January 2011,South West,Age unknown (clerical claims),280
January 2011,South West,Aged 16-24,24480
January 2011,South West,Aged 25-49,46345
January 2011,South West,Aged 50+,14415
January 2011,Wales,Age unknown (clerical claims),125
January 2011,Wales,Aged 16-24,24850
January 2011,Wales,Aged 25-49,40000
January 2011,Wales,Aged 50+,10190
January 2011,Scotland,Age unknown (clerical claims),1115
January 2011,Scotland,Aged 16-24,41225
January 2011,Scotland,Aged 25-49,81315
January 2011,Scotland,Aged 50+,22505
February 2011,North East,Age unknown (clerical claims),615
February 2011,North East,Aged 16-24,27135
February 2011,North East,Aged 25-49,45165
February 2011,North East,Aged 50+,12120
February 2011,North West,Age unknown (clerical claims),525
February 2011,North West,Aged 16-24,57130
February 2011,North West,Aged 25-49,104615
February 2011,North West,Aged 50+,25785
February 2011,Yorkshire and The Humber,Age unknown (clerical claims),495
February 2011,Yorkshire and The Humber,Aged 16-24,46125
February 2011,Yorkshire and The Humber,Aged 25-49,84180
February 2011,Yorkshire and The Humber,Aged 50+,21500
February 2011,East Midlands,Age unknown (clerical claims),220
February 2011,East Midlands,Aged 16-24,31610
February 2011,East Midlands,Aged 25-49,55100
February 2011,East Midlands,Aged 50+,15395
February 2011,West Midlands,Age unknown (clerical claims),360
February 2011,West Midlands,Aged 16-24,49050
February 2011,West Midlands,Aged 25-49,90155
February 2011,West Midlands,Aged 50+,24240
February 2011,East,Age unknown (clerical claims),200
February 2011,East,Aged 16-24,32110
February 2011,East,Aged 25-49,61630
February 2011,East,Aged 50+,19115
February 2011,London,Age unknown (clerical claims),630
February 2011,London,Aged 16-24,50550
February 2011,London,Aged 25-49,134935
February 2011,London,Aged 50+,33945
February 2011,South East,Age unknown (clerical claims),420
February 2011,South East,Aged 16-24,38445
February 2011,South East,Aged 25-49,76575
February 2011,South East,Aged 50+,24400
February 2011,South West,Age unknown (clerical claims),280
February 2011,South West,Aged 16-24,26610
February 2011,South West,Aged 25-49,47515
February 2011,South West,Aged 50+,14585
February 2011,Wales,Age unknown (clerical claims),115
February 2011,Wales,Aged 16-24,25885
February 2011,Wales,Aged 25-49,40050
February 2011,Wales,Aged 50+,10185
February 2011,Scotland,Age unknown (clerical claims),1065
February 2011,Scotland,Aged 16-24,43070
February 2011,Scotland,Aged 25-49,81640
February 2011,Scotland,Aged 50+,22260
March 2011,North East,Age unknown (clerical claims),570
March 2011,North East,Aged 16-24,26775
March 2011,North East,Aged 25-49,44700
March 2011,North East,Aged 50+,11860
March 2011,North West,Age unknown (clerical claims),460
March 2011,North West,Aged 16-24,56095
March 2011,North West,Aged 25-49,104235
March 2011,North West,Aged 50+,25580
March 2011,Yorkshire and The Humber,Age unknown (clerical claims),435
March 2011,Yorkshire and The Humber,Aged 16-24,45535
March 2011,Yorkshire and The Humber,Aged 25-49,83935
March 2011,Yorkshire and The Humber,Aged 50+,21170
March 2011,East Midlands,Age unknown (clerical claims),275
March 2011,East Midlands,Aged 16-24,31785
March 2011,East Midlands,Aged 25-49,55305
March 2011,East Midlands,Aged 50+,15440
March 2011,West Midlands,Age unknown (clerical claims),265
March 2011,West Midlands,Aged 16-24,48680
March 2011,West Midlands,Aged 25-49,89905
March 2011,West Midlands,Aged 50+,23915
March 2011,East,Age unknown (clerical claims),185
March 2011,East,Aged 16-24,31480
March 2011,East,Aged 25-49,61515
March 2011,East,Aged 50+,18960
March 2011,London,Age unknown (clerical claims),710
March 2011,London,Aged 16-24,50625
March 2011,London,Aged 25-49,135680
March 2011,London,Aged 50+,33960
March 2011,South East,Age unknown (clerical claims),360
March 2011,South East,Aged 16-24,37995
March 2011,South East,Aged 25-49,76375
March 2011,South East,Aged 50+,24120
March 2011,South West,Age unknown (clerical claims),275
March 2011,South West,Aged 16-24,26130
March 2011,South West,Aged 25-49,46950
March 2011,South West,Aged 50+,14330
March 2011,Wales,Age unknown (clerical claims),155
March 2011,Wales,Aged 16-24,25375
March 2011,Wales,Aged 25-49,39275
March 2011,Wales,Aged 50+,10045
March 2011,Scotland,Age unknown (clerical claims),975
March 2011,Scotland,Aged 16-24,42610
March 2011,Scotland,Aged 25-49,80210
March 2011,Scotland,Aged 50+,21785
April 2011,North East,Age unknown (clerical claims),520
April 2011,North East,Aged 16-24,26830
April 2011,North East,Aged 25-49,45210
April 2011,North East,Aged 50+,12045
April 2011,North West,Age unknown (clerical claims),485
April 2011,North West,Aged 16-24,55400
April 2011,North West,Aged 25-49,104985
April 2011,North West,Aged 50+,25935
April 2011,Yorkshire and The Humber,Age unknown (clerical claims),320
April 2011,Yorkshire and The Humber,Aged 16-24,45080
April 2011,Yorkshire and The Humber,Aged 25-49,83495
April 2011,Yorkshire and The Humber,Aged 50+,21305
April 2011,East Midlands,Age unknown (clerical claims),275
April 2011,East Midlands,Aged 16-24,31780
April 2011,East Midlands,Aged 25-49,55700
April 2011,East Midlands,Aged 50+,15480
April 2011,West Midlands,Age unknown (clerical claims),305
April 2011,West Midlands,Aged 16-24,48310
April 2011,West Midlands,Aged 25-49,90230
April 2011,West Midlands,Aged 50+,24070
April 2011,East,Age unknown (clerical claims),200
April 2011,East,Aged 16-24,30460
April 2011,East,Aged 25-49,61120
April 2011,East,Aged 50+,18940
April 2011,London,Age unknown (clerical claims),765
April 2011,London,Aged 16-24,51145
April 2011,London,Aged 25-49,139115
April 2011,London,Aged 50+,35285
April 2011,South East,Age unknown (clerical claims),345
April 2011,South East,Aged 16-24,37310
April 2011,South East,Aged 25-49,75465
April 2011,South East,Aged 50+,23890
April 2011,South West,Age unknown (clerical claims),180
April 2011,South West,Aged 16-24,24660
April 2011,South West,Aged 25-49,45560
April 2011,South West,Aged 50+,13945
April 2011,Wales,Age unknown (clerical claims),100
April 2011,Wales,Aged 16-24,24275
April 2011,Wales,Aged 25-49,38760
April 2011,Wales,Aged 50+,9970
April 2011,Scotland,Age unknown (clerical claims),890
April 2011,Scotland,Aged 16-24,41355
April 2011,Scotland,Aged 25-49,78425
April 2011,Scotland,Aged 50+,21705
May 2011,North East,Age unknown (clerical claims),310
May 2011,North East,Aged 16-24,25990
May 2011,North East,Aged 25-49,45075
May 2011,North East,Aged 50+,11945
May 2011,North West,Age unknown (clerical claims),480
May 2011,North West,Aged 16-24,54455
May 2011,North West,Aged 25-49,105075
May 2011,North West,Aged 50+,25920
May 2011,Yorkshire and The Humber,Age unknown (clerical claims),360
May 2011,Yorkshire and The Humber,Aged 16-24,44355
May 2011,Yorkshire and The Humber,Aged 25-49,83680
May 2011,Yorkshire and The Humber,Aged 50+,21175
May 2011,East Midlands,Age unknown (clerical claims),245
May 2011,East Midlands,Aged 16-24,30735
May 2011,East Midlands,Aged 25-49,55030
May 2011,East Midlands,Aged 50+,15380
May 2011,West Midlands,Age unknown (clerical claims),295
May 2011,West Midlands,Aged 16-24,47190
May 2011,West Midlands,Aged 25-49,90305
May 2011,West Midlands,Aged 50+,23920
May 2011,East,Age unknown (clerical claims),110
May 2011,East,Aged 16-24,29360
May 2011,East,Aged 25-49,60735
May 2011,East,Aged 50+,18815
May 2011,London,Age unknown (clerical claims),785
May 2011,London,Aged 16-24,50155
May 2011,London,Aged 25-49,139280
May 2011,London,Aged 50+,35635
May 2011,South East,Age unknown (clerical claims),365
May 2011,South East,Aged 16-24,36195
May 2011,South East,Aged 25-49,75380
May 2011,South East,Aged 50+,23745
May 2011,South West,Age unknown (clerical claims),200
May 2011,South West,Aged 16-24,23270
May 2011,South West,Aged 25-49,44715
May 2011,South West,Aged 50+,13540
May 2011,Wales,Age unknown (clerical claims),120
May 2011,Wales,Aged 16-24,23500
May 2011,Wales,Aged 25-49,38505
May 2011,Wales,Aged 50+,9850
May 2011,Scotland,Age unknown (clerical claims),1080
May 2011,Scotland,Aged 16-24,40300
May 2011,Scotland,Aged 25-49,77365
May 2011,Scotland,Aged 50+,21360
June 2011,North East,Age unknown (clerical claims),395
June 2011,North East,Aged 16-24,25400
June 2011,North East,Aged 25-49,44515
June 2011,North East,Aged 50+,11915
June 2011,North West,Age unknown (clerical claims),500
June 2011,North West,Aged 16-24,53720
June 2011,North West,Aged 25-49,104705
June 2011,North West,Aged 50+,25895
June 2011,Yorkshire and The Humber,Age unknown (clerical claims),290
June 2011,Yorkshire and The Humber,Aged 16-24,44455
June 2011,Yorkshire and The Humber,Aged 25-49,83010
June 2011,Yorkshire and The Humber,Aged 50+,21015
June 2011,East Midlands,Age unknown (clerical claims),150
June 2011,East Midlands,Aged 16-24,30920
June 2011,East Midlands,Aged 25-49,54585
June 2011,East Midlands,Aged 50+,15295
June 2011,West Midlands,Age unknown (clerical claims),205
June 2011,West Midlands,Aged 16-24,46595
June 2011,West Midlands,Aged 25-49,89430
June 2011,West Midlands,Aged 50+,23820
June 2011,East,Age unknown (clerical claims),125
June 2011,East,Aged 16-24,29035
June 2011,East,Aged 25-49,60340
June 2011,East,Aged 50+,18735
June 2011,London,Age unknown (clerical claims),780
June 2011,London,Aged 16-24,49545
June 2011,London,Aged 25-49,138475
June 2011,London,Aged 50+,35735
June 2011,South East,Age unknown (clerical claims),350
June 2011,South East,Aged 16-24,34710
June 2011,South East,Aged 25-49,74065
June 2011,South East,Aged 50+,23420
June 2011,South West,Age unknown (clerical claims),175
June 2011,South West,Aged 16-24,22535
June 2011,South West,Aged 25-49,44020
June 2011,South West,Aged 50+,13380
June 2011,Wales,Age unknown (clerical claims),105
June 2011,Wales,Aged 16-24,23350
June 2011,Wales,Aged 25-49,38215
June 2011,Wales,Aged 50+,9925
June 2011,Scotland,Age unknown (clerical claims),940
June 2011,Scotland,Aged 16-24,41035
June 2011,Scotland,Aged 25-49,77395
June 2011,Scotland,Aged 50+,21185
July 2011,North East,Age unknown (clerical claims),385
July 2011,North East,Aged 16-24,27390
July 2011,North East,Aged 25-49,45135
July 2011,North East,Aged 50+,12070
July 2011,North West,Age unknown (clerical claims),430
July 2011,North West,Aged 16-24,58405
July 2011,North West,Aged 25-49,105635
July 2011,North West,Aged 50+,26225
July 2011,Yorkshire and The Humber,Age unknown (clerical claims),285
July 2011,Yorkshire and The Humber,Aged 16-24,48225
July 2011,Yorkshire and The Humber,Aged 25-49,83895
July 2011,Yorkshire and The Humber,Aged 50+,21340
July 2011,East Midlands,Age unknown (clerical claims),175
July 2011,East Midlands,Aged 16-24,33380
July 2011,East Midlands,Aged 25-49,54940
July 2011,East Midlands,Aged 50+,15580
July 2011,West Midlands,Age unknown (clerical claims),200
July 2011,West Midlands,Aged 16-24,50450
July 2011,West Midlands,Aged 25-49,90200
July 2011,West Midlands,Aged 50+,23945
July 2011,East,Age unknown (clerical claims),100
July 2011,East,Aged 16-24,32080
July 2011,East,Aged 25-49,60945
July 2011,East,Aged 50+,18965
July 2011,London,Age unknown (clerical claims),835
July 2011,London,Aged 16-24,54330
July 2011,London,Aged 25-49,138790
July 2011,London,Aged 50+,35990
July 2011,South East,Age unknown (clerical claims),435
July 2011,South East,Aged 16-24,37775
July 2011,South East,Aged 25-49,74320
July 2011,South East,Aged 50+,23715
July 2011,South West,Age unknown (clerical claims),160
July 2011,South West,Aged 16-24,24725
July 2011,South West,Aged 25-49,44575
July 2011,South West,Aged 50+,13455
July 2011,Wales,Age unknown (clerical claims),105
July 2011,Wales,Aged 16-24,25515
July 2011,Wales,Aged 25-49,39055
July 2011,Wales,Aged 50+,10080
July 2011,Scotland,Age unknown (clerical claims),850
July 2011,Scotland,Aged 16-24,46210
July 2011,Scotland,Aged 25-49,78720
July 2011,Scotland,Aged 50+,21135
August 2011,North East,Age unknown (clerical claims),330
August 2011,North East,Aged 16-24,28640
August 2011,North East,Aged 25-49,45340
August 2011,North East,Aged 50+,12310
August 2011,North West,Age unknown (clerical claims),505
August 2011,North West,Aged 16-24,61860
August 2011,North West,Aged 25-49,106655
August 2011,North West,Aged 50+,26865
August 2011,Yorkshire and The Humber,Age unknown (clerical claims),345
August 2011,Yorkshire and The Humber,Aged 16-24,50530
August 2011,Yorkshire and The Humber,Aged 25-49,84745
August 2011,Yorkshire and The Humber,Aged 50+,21590
August 2011,East Midlands,Age unknown (clerical claims),230
August 2011,East Midlands,Aged 16-24,34660
August 2011,East Midlands,Aged 25-49,55505
August 2011,East Midlands,Aged 50+,15710
August 2011,West Midlands,Age unknown (clerical claims),205
August 2011,West Midlands,Aged 16-24,53295
August 2011,West Midlands,Aged 25-49,91480
August 2011,West Midlands,Aged 50+,24370
August 2011,East,Age unknown (clerical claims),115
August 2011,East,Aged 16-24,33585
August 2011,East,Aged 25-49,61000
August 2011,East,Aged 50+,19130
August 2011,London,Age unknown (clerical claims),850
August 2011,London,Aged 16-24,58255
August 2011,London,Aged 25-49,140030
August 2011,London,Aged 50+,36565
August 2011,South East,Age unknown (clerical claims),465
August 2011,South East,Aged 16-24,40100
August 2011,South East,Aged 25-49,74715
August 2011,South East,Aged 50+,24005
August 2011,South West,Age unknown (clerical claims),170
August 2011,South West,Aged 16-24,26425
August 2011,South West,Aged 25-49,45160
August 2011,South West,Aged 50+,13805
August 2011,Wales,Age unknown (clerical claims),115
August 2011,Wales,Aged 16-24,26810
August 2011,Wales,Aged 25-49,39640
August 2011,Wales,Aged 50+,10220
August 2011,Scotland,Age unknown (clerical claims),620
August 2011,Scotland,Aged 16-24,47495
August 2011,Scotland,Aged 25-49,79195
August 2011,Scotland,Aged 50+,21390
September 2011,North East,Age unknown (clerical claims),335
September 2011,North East,Aged 16-24,29950
September 2011,North East,Aged 25-49,45580
September 2011,North East,Aged 50+,12290
September 2011,North West,Age unknown (clerical claims),500
September 2011,North West,Aged 16-24,64645
September 2011,North West,Aged 25-49,106695
September 2011,North West,Aged 50+,26775
September 2011,Yorkshire and The Humber,Age unknown (clerical claims),270
September 2011,Yorkshire and The Humber,Aged 16-24,51755
September 2011,Yorkshire and The Humber,Aged 25-49,84810
September 2011,Yorkshire and The Humber,Aged 50+,21555
September 2011,East Midlands,Age unknown (clerical claims),200
September 2011,East Midlands,Aged 16-24,35380
September 2011,East Midlands,Aged 25-49,55010
September 2011,East Midlands,Aged 50+,15655
September 2011,West Midlands,Age unknown (clerical claims),185
September 2011,West Midlands,Aged 16-24,54645
September 2011,West Midlands,Aged 25-49,90240
September 2011,West Midlands,Aged 50+,23990
September 2011,East,Age unknown (clerical claims),130
September 2011,East,Aged 16-24,34445
September 2011,East,Aged 25-49,60670
September 2011,East,Aged 50+,18970
September 2011,London,Age unknown (clerical claims),745
September 2011,London,Aged 16-24,60175
September 2011,London,Aged 25-49,140005
September 2011,London,Aged 50+,36630
September 2011,South East,Age unknown (clerical claims),430
September 2011,South East,Aged 16-24,41505
September 2011,South East,Aged 25-49,74405
September 2011,South East,Aged 50+,24040
September 2011,South West,Age unknown (clerical claims),200
September 2011,South West,Aged 16-24,27900
September 2011,South West,Aged 25-49,45635
September 2011,South West,Aged 50+,13985
September 2011,Wales,Age unknown (clerical claims),95
September 2011,Wales,Aged 16-24,27310
September 2011,Wales,Aged 25-49,39340
September 2011,Wales,Aged 50+,10115
September 2011,Scotland,Age unknown (clerical claims),490
September 2011,Scotland,Aged 16-24,42645
September 2011,Scotland,Aged 25-49,75870
September 2011,Scotland,Aged 50+,21005
October 2011,North East,Age unknown (clerical claims),245
October 2011,North East,Aged 16-24,29735
October 2011,North East,Aged 25-49,45155
October 2011,North East,Aged 50+,12290
October 2011,North West,Age unknown (clerical claims),390
October 2011,North West,Aged 16-24,64375
October 2011,North West,Aged 25-49,104930
October 2011,North West,Aged 50+,26645
October 2011,Yorkshire and The Humber,Age unknown (clerical claims),325
October 2011,Yorkshire and The Humber,Aged 16-24,50910
October 2011,Yorkshire and The Humber,Aged 25-49,84045
October 2011,Yorkshire and The Humber,Aged 50+,21705
October 2011,East Midlands,Age unknown (clerical claims),170
October 2011,East Midlands,Aged 16-24,34305
October 2011,East Midlands,Aged 25-49,54200
October 2011,East Midlands,Aged 50+,15660
October 2011,West Midlands,Age unknown (clerical claims),175
October 2011,West Midlands,Aged 16-24,53480
October 2011,West Midlands,Aged 25-49,88825
October 2011,West Midlands,Aged 50+,23900
October 2011,East,Age unknown (clerical claims),90
October 2011,East,Aged 16-24,34545
October 2011,East,Aged 25-49,60500
October 2011,East,Aged 50+,19000
October 2011,London,Age unknown (clerical claims),490
October 2011,London,Aged 16-24,59345
October 2011,London,Aged 25-49,140390
October 2011,London,Aged 50+,36845
October 2011,South East,Age unknown (clerical claims),335
October 2011,South East,Aged 16-24,40960
October 2011,South East,Aged 25-49,74115
October 2011,South East,Aged 50+,24240
October 2011,South West,Age unknown (clerical claims),175
October 2011,South West,Aged 16-24,27490
October 2011,South West,Aged 25-49,44750
October 2011,South West,Aged 50+,14010
October 2011,Wales,Age unknown (clerical claims),85
October 2011,Wales,Aged 16-24,27010
October 2011,Wales,Aged 25-49,39105
October 2011,Wales,Aged 50+,10220
October 2011,Scotland,Age unknown (clerical claims),560
October 2011,Scotland,Aged 16-24,41265
October 2011,Scotland,Aged 25-49,74600
October 2011,Scotland,Aged 50+,20945
November 2011,North East,Age unknown (clerical claims),275
November 2011,North East,Aged 16-24,29515
November 2011,North East,Aged 25-49,45500
November 2011,North East,Aged 50+,12535
November 2011,North West,Age unknown (clerical claims),355
November 2011,North West,Aged 16-24,63105
November 2011,North West,Aged 25-49,105190
November 2011,North West,Aged 50+,26910
November 2011,Yorkshire and The Humber,Age unknown (clerical claims),315
November 2011,Yorkshire and The Humber,Aged 16-24,50445
November 2011,Yorkshire and The Humber,Aged 25-49,84300
November 2011,Yorkshire and The Humber,Aged 50+,21945
November 2011,East Midlands,Age unknown (clerical claims),190
November 2011,East Midlands,Aged 16-24,34010
November 2011,East Midlands,Aged 25-49,54635
November 2011,East Midlands,Aged 50+,15910
November 2011,West Midlands,Age unknown (clerical claims),175
November 2011,West Midlands,Aged 16-24,52050
November 2011,West Midlands,Aged 25-49,88400
November 2011,West Midlands,Aged 50+,23900
November 2011,East,Age unknown (clerical claims),120
November 2011,East,Aged 16-24,33755
November 2011,East,Aged 25-49,60755
November 2011,East,Aged 50+,19075
November 2011,London,Age unknown (clerical claims),720
November 2011,London,Aged 16-24,57785
November 2011,London,Aged 25-49,139490
November 2011,London,Aged 50+,36865
November 2011,South East,Age unknown (clerical claims),325
November 2011,South East,Aged 16-24,40125
November 2011,South East,Aged 25-49,74155
November 2011,South East,Aged 50+,24340
November 2011,South West,Age unknown (clerical claims),175
November 2011,South West,Aged 16-24,27770
November 2011,South West,Aged 25-49,45585
November 2011,South West,Aged 50+,14445
November 2011,Wales,Age unknown (clerical claims),80
November 2011,Wales,Aged 16-24,26545
November 2011,Wales,Aged 25-49,39180
November 2011,Wales,Aged 50+,10400
November 2011,Scotland,Age unknown (clerical claims),475
November 2011,Scotland,Aged 16-24,41185
November 2011,Scotland,Aged 25-49,75135
November 2011,Scotland,Aged 50+,21235
December 2011,North East,Age unknown (clerical claims),310
December 2011,North East,Aged 16-24,29440
December 2011,North East,Aged 25-49,46645
December 2011,North East,Aged 50+,12975
December 2011,North West,Age unknown (clerical claims),340
December 2011,North West,Aged 16-24,62250
December 2011,North West,Aged 25-49,106270
December 2011,North West,Aged 50+,27370
December 2011,Yorkshire and The Humber,Age unknown (clerical claims),305
December 2011,Yorkshire and The Humber,Aged 16-24,50750
December 2011,Yorkshire and The Humber,Aged 25-49,86175
December 2011,Yorkshire and The Humber,Aged 50+,22685
December 2011,East Midlands,Age unknown (clerical claims),210
December 2011,East Midlands,Aged 16-24,33845
December 2011,East Midlands,Aged 25-49,55530
December 2011,East Midlands,Aged 50+,16275
December 2011,West Midlands,Age unknown (clerical claims),215
December 2011,West Midlands,Aged 16-24,51760
December 2011,West Midlands,Aged 25-49,89055
December 2011,West Midlands,Aged 50+,24220
December 2011,East,Age unknown (clerical claims),110
December 2011,East,Aged 16-24,33355
December 2011,East,Aged 25-49,61385
December 2011,East,Aged 50+,19365
December 2011,London,Age unknown (clerical claims),690
December 2011,London,Aged 16-24,56420
December 2011,London,Aged 25-49,139320
December 2011,London,Aged 50+,37245
December 2011,South East,Age unknown (clerical claims),335
December 2011,South East,Aged 16-24,39805
December 2011,South East,Aged 25-49,74995
December 2011,South East,Aged 50+,24885
December 2011,South West,Age unknown (clerical claims),165
December 2011,South West,Aged 16-24,28015
December 2011,South West,Aged 25-49,46355
December 2011,South West,Aged 50+,14805
December 2011,Wales,Age unknown (clerical claims),80
December 2011,Wales,Aged 16-24,26345
December 2011,Wales,Aged 25-49,39635
December 2011,Wales,Aged 50+,10650
December 2011,Scotland,Age unknown (clerical claims),375
December 2011,Scotland,Aged 16-24,40960
December 2011,Scotland,Aged 25-49,76060
December 2011,Scotland,Aged 50+,21740
January 2012,North East,Age unknown (clerical claims),285
January 2012,North East,Aged 16-24,30840
January 2012,North East,Aged 25-49,49600
January 2012,North East,Aged 50+,13805
January 2012,North West,Age unknown (clerical claims),365
January 2012,North West,Aged 16-24,64745
January 2012,North West,Aged 25-49,112445
January 2012,North West,Aged 50+,29570
January 2012,Yorkshire and The Humber,Age unknown (clerical claims),315
January 2012,Yorkshire and The Humber,Aged 16-24,53455
January 2012,Yorkshire and The Humber,Aged 25-49,91165
January 2012,Yorkshire and The Humber,Aged 50+,24230
January 2012,East Midlands,Age unknown (clerical claims),230
January 2012,East Midlands,Aged 16-24,35815
January 2012,East Midlands,Aged 25-49,59450
January 2012,East Midlands,Aged 50+,17540
January 2012,West Midlands,Age unknown (clerical claims),195
January 2012,West Midlands,Aged 16-24,53710
January 2012,West Midlands,Aged 25-49,93470
January 2012,West Midlands,Aged 50+,25680
January 2012,East,Age unknown (clerical claims),105
January 2012,East,Aged 16-24,35105
January 2012,East,Aged 25-49,64815
January 2012,East,Aged 50+,20450
January 2012,London,Age unknown (clerical claims),645
January 2012,London,Aged 16-24,55410
January 2012,London,Aged 25-49,141215
January 2012,London,Aged 50+,37910
January 2012,South East,Age unknown (clerical claims),295
January 2012,South East,Aged 16-24,41155
January 2012,South East,Aged 25-49,79190
January 2012,South East,Aged 50+,26320
January 2012,South West,Age unknown (clerical claims),170
January 2012,South West,Aged 16-24,29915
January 2012,South West,Aged 25-49,49915
January 2012,South West,Aged 50+,16085
January 2012,Wales,Age unknown (clerical claims),75
January 2012,Wales,Aged 16-24,28370
January 2012,Wales,Aged 25-49,43140
January 2012,Wales,Aged 50+,11550
January 2012,Scotland,Age unknown (clerical claims),325
January 2012,Scotland,Aged 16-24,43390
January 2012,Scotland,Aged 25-49,81085
January 2012,Scotland,Aged 50+,23355
February 2012,North East,Age unknown (clerical claims),340
February 2012,North East,Aged 16-24,31560
February 2012,North East,Aged 25-49,50155
February 2012,North East,Aged 50+,13905
February 2012,North West,Age unknown (clerical claims),350
February 2012,North West,Aged 16-24,67190
February 2012,North West,Aged 25-49,114275
February 2012,North West,Aged 50+,30150
February 2012,Yorkshire and The Humber,Age unknown (clerical claims),370
February 2012,Yorkshire and The Humber,Aged 16-24,54685
February 2012,Yorkshire and The Humber,Aged 25-49,92265
February 2012,Yorkshire and The Humber,Aged 50+,24600
February 2012,East Midlands,Age unknown (clerical claims),265
February 2012,East Midlands,Aged 16-24,37235
February 2012,East Midlands,Aged 25-49,60980
February 2012,East Midlands,Aged 50+,17890
February 2012,West Midlands,Age unknown (clerical claims),200
February 2012,West Midlands,Aged 16-24,54945
February 2012,West Midlands,Aged 25-49,94060
February 2012,West Midlands,Aged 50+,25925
February 2012,East,Age unknown (clerical claims),125
February 2012,East,Aged 16-24,36915
February 2012,East,Aged 25-49,66410
February 2012,East,Aged 50+,20985
February 2012,London,Age unknown (clerical claims),655
February 2012,London,Aged 16-24,57300
February 2012,London,Aged 25-49,143105
February 2012,London,Aged 50+,38495
February 2012,South East,Age unknown (clerical claims),480
February 2012,South East,Aged 16-24,43335
February 2012,South East,Aged 25-49,81340
February 2012,South East,Aged 50+,26920
February 2012,South West,Age unknown (clerical claims),220
February 2012,South West,Aged 16-24,31270
February 2012,South West,Aged 25-49,50980
February 2012,South West,Aged 50+,16470
February 2012,Wales,Age unknown (clerical claims),95
February 2012,Wales,Aged 16-24,29255
February 2012,Wales,Aged 25-49,43835
February 2012,Wales,Aged 50+,11760
February 2012,Scotland,Age unknown (clerical claims),330
February 2012,Scotland,Aged 16-24,45380
February 2012,Scotland,Aged 25-49,82430
February 2012,Scotland,Aged 50+,23755
March 2012,North East,Age unknown (clerical claims),350
March 2012,North East,Aged 16-24,31210
March 2012,North East,Aged 25-49,49805
March 2012,North East,Aged 50+,13890
March 2012,North West,Age unknown (clerical claims),400
March 2012,North West,Aged 16-24,66170
March 2012,North West,Aged 25-49,112935
March 2012,North West,Aged 50+,29865
March 2012,Yorkshire and The Humber,Age unknown (clerical claims),355
March 2012,Yorkshire and The Humber,Aged 16-24,53820
March 2012,Yorkshire and The Humber,Aged 25-49,91330
March 2012,Yorkshire and The Humber,Aged 50+,24355
March 2012,East Midlands,Age unknown (clerical claims),210
March 2012,East Midlands,Aged 16-24,37035
March 2012,East Midlands,Aged 25-49,60705
March 2012,East Midlands,Aged 50+,17835
March 2012,West Midlands,Age unknown (clerical claims),205
March 2012,West Midlands,Aged 16-24,53900
March 2012,West Midlands,Aged 25-49,92735
March 2012,West Midlands,Aged 50+,25605
March 2012,East,Age unknown (clerical claims),110
March 2012,East,Aged 16-24,36405
March 2012,East,Aged 25-49,65810
March 2012,East,Aged 50+,20810
March 2012,London,Age unknown (clerical claims),635
March 2012,London,Aged 16-24,56435
March 2012,London,Aged 25-49,141770
March 2012,London,Aged 50+,38295
March 2012,South East,Age unknown (clerical claims),390
March 2012,South East,Aged 16-24,43030
March 2012,South East,Aged 25-49,80580
March 2012,South East,Aged 50+,26550
March 2012,South West,Age unknown (clerical claims),205
March 2012,South West,Aged 16-24,30575
March 2012,South West,Aged 25-49,50070
March 2012,South West,Aged 50+,16130
March 2012,Wales,Age unknown (clerical claims),80
March 2012,Wales,Aged 16-24,28580
March 2012,Wales,Aged 25-49,43290
March 2012,Wales,Aged 50+,11680
March 2012,Scotland,Age unknown (clerical claims),435
March 2012,Scotland,Aged 16-24,44885
March 2012,Scotland,Aged 25-49,81485
March 2012,Scotland,Aged 50+,23575
April 2012,North East,Age unknown (clerical claims),270
April 2012,North East,Aged 16-24,30275
April 2012,North East,Aged 25-49,49670
April 2012,North East,Aged 50+,14040
April 2012,North West,Age unknown (clerical claims),345
April 2012,North West,Aged 16-24,62615
April 2012,North West,Aged 25-49,111455
April 2012,North West,Aged 50+,29920
April 2012,Yorkshire and The Humber,Age unknown (clerical claims),305
April 2012,Yorkshire and The Humber,Aged 16-24,51465
April 2012,Yorkshire and The Humber,Aged 25-49,90075
April 2012,Yorkshire and The Humber,Aged 50+,24175
April 2012,East Midlands,Age unknown (clerical claims),230
April 2012,East Midlands,Aged 16-24,35255
April 2012,East Midlands,Aged 25-49,59450
April 2012,East Midlands,Aged 50+,17765
April 2012,West Midlands,Age unknown (clerical claims),200
April 2012,West Midlands,Aged 16-24,50605
April 2012,West Midlands,Aged 25-49,90830
April 2012,West Midlands,Aged 50+,25445
April 2012,East,Age unknown (clerical claims),130
April 2012,East,Aged 16-24,33945
April 2012,East,Aged 25-49,63805
April 2012,East,Aged 50+,20400
April 2012,London,Age unknown (clerical claims),555
April 2012,London,Aged 16-24,53640
April 2012,London,Aged 25-49,139285
April 2012,London,Aged 50+,38450
April 2012,South East,Age unknown (clerical claims),345
April 2012,South East,Aged 16-24,39435
April 2012,South East,Aged 25-49,77480
April 2012,South East,Aged 50+,26125
April 2012,South West,Age unknown (clerical claims),155
April 2012,South West,Aged 16-24,27750
April 2012,South West,Aged 25-49,48085
April 2012,South West,Aged 50+,15795
April 2012,Wales,Age unknown (clerical claims),60
April 2012,Wales,Aged 16-24,26875
April 2012,Wales,Aged 25-49,41985
April 2012,Wales,Aged 50+,11520
April 2012,Scotland,Age unknown (clerical claims),425
April 2012,Scotland,Aged 16-24,42065
April 2012,Scotland,Aged 25-49,78700
April 2012,Scotland,Aged 50+,23160
May 2012,North East,Age unknown (clerical claims),290
May 2012,North East,Aged 16-24,29595
May 2012,North East,Aged 25-49,49355
May 2012,North East,Aged 50+,14130
May 2012,North West,Age unknown (clerical claims),310
May 2012,North West,Aged 16-24,60080
May 2012,North West,Aged 25-49,110140
May 2012,North West,Aged 50+,29765
May 2012,Yorkshire and The Humber,Age unknown (clerical claims),330
May 2012,Yorkshire and The Humber,Aged 16-24,50600
May 2012,Yorkshire and The Humber,Aged 25-49,90350
May 2012,Yorkshire and The Humber,Aged 50+,24315
May 2012,East Midlands,Age unknown (clerical claims),195
May 2012,East Midlands,Aged 16-24,34140
May 2012,East Midlands,Aged 25-49,58895
May 2012,East Midlands,Aged 50+,17605
May 2012,West Midlands,Age unknown (clerical claims),170
May 2012,West Midlands,Aged 16-24,48665
May 2012,West Midlands,Aged 25-49,90175
May 2012,West Midlands,Aged 50+,25515
May 2012,East,Age unknown (clerical claims),130
May 2012,East,Aged 16-24,32800
May 2012,East,Aged 25-49,62980
May 2012,East,Aged 50+,20350
May 2012,London,Age unknown (clerical claims),445
May 2012,London,Aged 16-24,51440
May 2012,London,Aged 25-49,137270
May 2012,London,Aged 50+,38295
May 2012,South East,Age unknown (clerical claims),415
May 2012,South East,Aged 16-24,37965
May 2012,South East,Aged 25-49,76655
May 2012,South East,Aged 50+,25925
May 2012,South West,Age unknown (clerical claims),155
May 2012,South West,Aged 16-24,26345
May 2012,South West,Aged 25-49,47390
May 2012,South West,Aged 50+,15455
May 2012,Wales,Age unknown (clerical claims),60
May 2012,Wales,Aged 16-24,26025
May 2012,Wales,Aged 25-49,41090
May 2012,Wales,Aged 50+,11360
May 2012,Scotland,Age unknown (clerical claims),420
May 2012,Scotland,Aged 16-24,41065
May 2012,Scotland,Aged 25-49,77395
May 2012,Scotland,Aged 50+,22950
June 2012,North East,Age unknown (clerical claims),300
June 2012,North East,Aged 16-24,28735
June 2012,North East,Aged 25-49,49055
June 2012,North East,Aged 50+,13995
June 2012,North West,Age unknown (clerical claims),295
June 2012,North West,Aged 16-24,58230
June 2012,North West,Aged 25-49,109530
June 2012,North West,Aged 50+,29545
June 2012,Yorkshire and The Humber,Age unknown (clerical claims),295
June 2012,Yorkshire and The Humber,Aged 16-24,49145
June 2012,Yorkshire and The Humber,Aged 25-49,89225
June 2012,Yorkshire and The Humber,Aged 50+,23945
June 2012,East Midlands,Age unknown (clerical claims),195
June 2012,East Midlands,Aged 16-24,32765
June 2012,East Midlands,Aged 25-49,57680
June 2012,East Midlands,Aged 50+,17185
June 2012,West Midlands,Age unknown (clerical claims),210
June 2012,West Midlands,Aged 16-24,47440
June 2012,West Midlands,Aged 25-49,89510
June 2012,West Midlands,Aged 50+,25245
June 2012,East,Age unknown (clerical claims),95
June 2012,East,Aged 16-24,31210
June 2012,East,Aged 25-49,61695
June 2012,East,Aged 50+,19770
June 2012,London,Age unknown (clerical claims),460
June 2012,London,Aged 16-24,49185
June 2012,London,Aged 25-49,135715
June 2012,London,Aged 50+,38030
June 2012,South East,Age unknown (clerical claims),585
June 2012,South East,Aged 16-24,36220
June 2012,South East,Aged 25-49,75220
June 2012,South East,Aged 50+,25495
June 2012,South West,Age unknown (clerical claims),190
June 2012,South West,Aged 16-24,24930
June 2012,South West,Aged 25-49,46295
June 2012,South West,Aged 50+,15050
June 2012,Wales,Age unknown (clerical claims),95
June 2012,Wales,Aged 16-24,24755
June 2012,Wales,Aged 25-49,40830
June 2012,Wales,Aged 50+,11180
June 2012,Scotland,Age unknown (clerical claims),470
June 2012,Scotland,Aged 16-24,42265
June 2012,Scotland,Aged 25-49,77610
June 2012,Scotland,Aged 50+,22485
July 2012,North East,Age unknown (clerical claims),300
July 2012,North East,Aged 16-24,29055
July 2012,North East,Aged 25-49,48925
July 2012,North East,Aged 50+,13860
July 2012,North West,Age unknown (clerical claims),280
July 2012,North West,Aged 16-24,59470
July 2012,North West,Aged 25-49,109915
July 2012,North West,Aged 50+,29440
July 2012,Yorkshire and The Humber,Age unknown (clerical claims),335
July 2012,Yorkshire and The Humber,Aged 16-24,50370
July 2012,Yorkshire and The Humber,Aged 25-49,89415
July 2012,Yorkshire and The Humber,Aged 50+,23775
July 2012,East Midlands,Age unknown (clerical claims),140
July 2012,East Midlands,Aged 16-24,33500
July 2012,East Midlands,Aged 25-49,57765
July 2012,East Midlands,Aged 50+,17120
July 2012,West Midlands,Age unknown (clerical claims),180
July 2012,West Midlands,Aged 16-24,48600
July 2012,West Midlands,Aged 25-49,89390
July 2012,West Midlands,Aged 50+,25125
July 2012,East,Age unknown (clerical claims),105
July 2012,East,Aged 16-24,31970
July 2012,East,Aged 25-49,61175
July 2012,East,Aged 50+,19650
July 2012,London,Age unknown (clerical claims),485
July 2012,London,Aged 16-24,50080
July 2012,London,Aged 25-49,134210
July 2012,London,Aged 50+,37355
July 2012,South East,Age unknown (clerical claims),555
July 2012,South East,Aged 16-24,36555
July 2012,South East,Aged 25-49,74165
July 2012,South East,Aged 50+,25245
July 2012,South West,Age unknown (clerical claims),205
July 2012,South West,Aged 16-24,25335
July 2012,South West,Aged 25-49,46070
July 2012,South West,Aged 50+,14825
July 2012,Wales,Age unknown (clerical claims),75
July 2012,Wales,Aged 16-24,25455
July 2012,Wales,Aged 25-49,41275
July 2012,Wales,Aged 50+,11150
July 2012,Scotland,Age unknown (clerical claims),510
July 2012,Scotland,Aged 16-24,44665
July 2012,Scotland,Aged 25-49,78500
July 2012,Scotland,Aged 50+,22355
August 2012,North East,Age unknown (clerical claims),300
August 2012,North East,Aged 16-24,28730
August 2012,North East,Aged 25-49,49115
August 2012,North East,Aged 50+,13965
August 2012,North West,Age unknown (clerical claims),315
August 2012,North West,Aged 16-24,59310
August 2012,North West,Aged 25-49,109950
August 2012,North West,Aged 50+,29335
August 2012,Yorkshire and The Humber,Age unknown (clerical claims),370
August 2012,Yorkshire and The Humber,Aged 16-24,50290
August 2012,Yorkshire and The Humber,Aged 25-49,89415
August 2012,Yorkshire and The Humber,Aged 50+,23745
August 2012,East Midlands,Age unknown (clerical claims),125
August 2012,East Midlands,Aged 16-24,33125
August 2012,East Midlands,Aged 25-49,57535
August 2012,East Midlands,Aged 50+,17095
August 2012,West Midlands,Age unknown (clerical claims),200
August 2012,West Midlands,Aged 16-24,49025
August 2012,West Midlands,Aged 25-49,90105
August 2012,West Midlands,Aged 50+,25330
August 2012,East,Age unknown (clerical claims),115
August 2012,East,Aged 16-24,32020
August 2012,East,Aged 25-49,60750
August 2012,East,Aged 50+,19380
August 2012,London,Age unknown (clerical claims),490
August 2012,London,Aged 16-24,49625
August 2012,London,Aged 25-49,131430
August 2012,London,Aged 50+,36660
August 2012,South East,Age unknown (clerical claims),560
August 2012,South East,Aged 16-24,36665
August 2012,South East,Aged 25-49,73835
August 2012,South East,Aged 50+,24965
August 2012,South West,Age unknown (clerical claims),210
August 2012,South West,Aged 16-24,25285
August 2012,South West,Aged 25-49,45875
August 2012,South West,Aged 50+,14740
August 2012,Wales,Age unknown (clerical claims),110
August 2012,Wales,Aged 16-24,25720
August 2012,Wales,Aged 25-49,41915
August 2012,Wales,Aged 50+,11230
August 2012,Scotland,Age unknown (clerical claims),560
August 2012,Scotland,Aged 16-24,44640
August 2012,Scotland,Aged 25-49,78710
August 2012,Scotland,Aged 50+,22335
September 2012,North East,Age unknown (clerical claims),310
September 2012,North East,Aged 16-24,29695
September 2012,North East,Aged 25-49,49290
September 2012,North East,Aged 50+,13845
September 2012,North West,Age unknown (clerical claims),275
September 2012,North West,Aged 16-24,59645
September 2012,North West,Aged 25-49,108840
September 2012,North West,Aged 50+,28895
September 2012,Yorkshire and The Humber,Age unknown (clerical claims),320
September 2012,Yorkshire and The Humber,Aged 16-24,49620
September 2012,Yorkshire and The Humber,Aged 25-49,88245
September 2012,Yorkshire and The Humber,Aged 50+,23200
September 2012,East Midlands,Age unknown (clerical claims),75
September 2012,East Midlands,Aged 16-24,32790
September 2012,East Midlands,Aged 25-49,56745
September 2012,East Midlands,Aged 50+,16780
September 2012,West Midlands,Age unknown (clerical claims),285
September 2012,West Midlands,Aged 16-24,49095
September 2012,West Midlands,Aged 25-49,89070
September 2012,West Midlands,Aged 50+,24945
September 2012,East,Age unknown (clerical claims),95
September 2012,East,Aged 16-24,32190
September 2012,East,Aged 25-49,60570
September 2012,East,Aged 50+,19040
September 2012,London,Age unknown (clerical claims),515
September 2012,London,Aged 16-24,50820
September 2012,London,Aged 25-49,133490
September 2012,London,Aged 50+,36880
September 2012,South East,Age unknown (clerical claims),645
September 2012,South East,Aged 16-24,36245
September 2012,South East,Aged 25-49,73025
September 2012,South East,Aged 50+,24225
September 2012,South West,Age unknown (clerical claims),250
September 2012,South West,Aged 16-24,25020
September 2012,South West,Aged 25-49,44960
September 2012,South West,Aged 50+,14375
September 2012,Wales,Age unknown (clerical claims),105
September 2012,Wales,Aged 16-24,25590
September 2012,Wales,Aged 25-49,41825
September 2012,Wales,Aged 50+,11190
September 2012,Scotland,Age unknown (clerical claims),300
September 2012,Scotland,Aged 16-24,38745
September 2012,Scotland,Aged 25-49,75000
September 2012,Scotland,Aged 50+,21690
October 2012,North East,Age unknown (clerical claims),320
October 2012,North East,Aged 16-24,29360
October 2012,North East,Aged 25-49,49755
October 2012,North East,Aged 50+,14255
October 2012,North West,Age unknown (clerical claims),305
October 2012,North West,Aged 16-24,58420
October 2012,North West,Aged 25-49,108620
October 2012,North West,Aged 50+,29085
October 2012,Yorkshire and The Humber,Age unknown (clerical claims),345
October 2012,Yorkshire and The Humber,Aged 16-24,48395
October 2012,Yorkshire and The Humber,Aged 25-49,87950
October 2012,Yorkshire and The Humber,Aged 50+,23460
October 2012,East Midlands,Age unknown (clerical claims),120
October 2012,East Midlands,Aged 16-24,31405
October 2012,East Midlands,Aged 25-49,56225
October 2012,East Midlands,Aged 50+,16850
October 2012,West Midlands,Age unknown (clerical claims),120
October 2012,West Midlands,Aged 16-24,47510
October 2012,West Midlands,Aged 25-49,88395
October 2012,West Midlands,Aged 50+,25005
October 2012,East,Age unknown (clerical claims),65
October 2012,East,Aged 16-24,31350
October 2012,East,Aged 25-49,60565
October 2012,East,Aged 50+,19200
October 2012,London,Age unknown (clerical claims),515
October 2012,London,Aged 16-24,50600
October 2012,London,Aged 25-49,136145
October 2012,London,Aged 50+,37535
October 2012,South East,Age unknown (clerical claims),585
October 2012,South East,Aged 16-24,35545
October 2012,South East,Aged 25-49,73140
October 2012,South East,Aged 50+,24565
October 2012,South West,Age unknown (clerical claims),250
October 2012,South West,Aged 16-24,24810
October 2012,South West,Aged 25-49,45250
October 2012,South West,Aged 50+,14685
October 2012,Wales,Age unknown (clerical claims),110
October 2012,Wales,Aged 16-24,25095
October 2012,Wales,Aged 25-49,42070
October 2012,Wales,Aged 50+,11505
October 2012,Scotland,Age unknown (clerical claims),320
October 2012,Scotland,Aged 16-24,37710
October 2012,Scotland,Aged 25-49,74595
October 2012,Scotland,Aged 50+,21825
November 2012,North East,Age unknown (clerical claims),325
November 2012,North East,Aged 16-24,28680
November 2012,North East,Aged 25-49,50120
November 2012,North East,Aged 50+,14365
November 2012,North West,Age unknown (clerical claims),320
November 2012,North West,Aged 16-24,56135
November 2012,North West,Aged 25-49,108565
November 2012,North West,Aged 50+,29000
November 2012,Yorkshire and The Humber,Age unknown (clerical claims),285
November 2012,Yorkshire and The Humber,Aged 16-24,46830
November 2012,Yorkshire and The Humber,Aged 25-49,87945
November 2012,Yorkshire and The Humber,Aged 50+,23770
November 2012,East Midlands,Age unknown (clerical claims),95
November 2012,East Midlands,Aged 16-24,30195
November 2012,East Midlands,Aged 25-49,56060
November 2012,East Midlands,Aged 50+,16895
November 2012,West Midlands,Age unknown (clerical claims),190
November 2012,West Midlands,Aged 16-24,45565
November 2012,West Midlands,Aged 25-49,88005
November 2012,West Midlands,Aged 50+,24895
November 2012,East,Age unknown (clerical claims),85
November 2012,East,Aged 16-24,30050
November 2012,East,Aged 25-49,60535
November 2012,East,Aged 50+,19240
November 2012,London,Age unknown (clerical claims),510
November 2012,London,Aged 16-24,49120
November 2012,London,Aged 25-49,136535
November 2012,London,Aged 50+,37575
November 2012,South East,Age unknown (clerical claims),570
November 2012,South East,Aged 16-24,34370
November 2012,South East,Aged 25-49,73510
November 2012,South East,Aged 50+,24740
November 2012,South West,Age unknown (clerical claims),205
November 2012,South West,Aged 16-24,24480
November 2012,South West,Aged 25-49,45525
November 2012,South West,Aged 50+,14905
November 2012,Wales,Age unknown (clerical claims),110
November 2012,Wales,Aged 16-24,23945
November 2012,Wales,Aged 25-49,41705
November 2012,Wales,Aged 50+,11620
November 2012,Scotland,Age unknown (clerical claims),285
November 2012,Scotland,Aged 16-24,36700
November 2012,Scotland,Aged 25-49,75055
November 2012,Scotland,Aged 50+,22055
December 2012,North East,Age unknown (clerical claims),270
December 2012,North East,Aged 16-24,27925
December 2012,North East,Aged 25-49,50485
December 2012,North East,Aged 50+,14585
December 2012,North West,Age unknown (clerical claims),260
December 2012,North West,Aged 16-24,53745
December 2012,North West,Aged 25-49,108385
December 2012,North West,Aged 50+,29085
December 2012,Yorkshire and The Humber,Age unknown (clerical claims),350
December 2012,Yorkshire and The Humber,Aged 16-24,46235
December 2012,Yorkshire and The Humber,Aged 25-49,88865
December 2012,Yorkshire and The Humber,Aged 50+,24060
December 2012,East Midlands,Age unknown (clerical claims),100
December 2012,East Midlands,Aged 16-24,29090
December 2012,East Midlands,Aged 25-49,56170
December 2012,East Midlands,Aged 50+,17065
December 2012,West Midlands,Age unknown (clerical claims),205
December 2012,West Midlands,Aged 16-24,43510
December 2012,West Midlands,Aged 25-49,88215
December 2012,West Midlands,Aged 50+,25115
December 2012,East,Age unknown (clerical claims),80
December 2012,East,Aged 16-24,28930
December 2012,East,Aged 25-49,60760
December 2012,East,Aged 50+,19500
December 2012,London,Age unknown (clerical claims),480
December 2012,London,Aged 16-24,45890
December 2012,London,Aged 25-49,135135
December 2012,London,Aged 50+,37785
December 2012,South East,Age unknown (clerical claims),515
December 2012,South East,Aged 16-24,32900
December 2012,South East,Aged 25-49,73610
December 2012,South East,Aged 50+,24850
December 2012,South West,Age unknown (clerical claims),260
December 2012,South West,Aged 16-24,23630
December 2012,South West,Aged 25-49,45515
December 2012,South West,Aged 50+,15095
December 2012,Wales,Age unknown (clerical claims),110
December 2012,Wales,Aged 16-24,23220
December 2012,Wales,Aged 25-49,42280
December 2012,Wales,Aged 50+,11870
December 2012,Scotland,Age unknown (clerical claims),335
December 2012,Scotland,Aged 16-24,35500
December 2012,Scotland,Aged 25-49,75300
December 2012,Scotland,Aged 50+,22370
January 2013,North East,Age unknown (clerical claims),375
January 2013,North East,Aged 16-24,28740
January 2013,North East,Aged 25-49,52350
January 2013,North East,Aged 50+,15285
January 2013,North West,Age unknown (clerical claims),265
January 2013,North West,Aged 16-24,55550
January 2013,North West,Aged 25-49,112480
January 2013,North West,Aged 50+,30260
January 2013,Yorkshire and The Humber,Age unknown (clerical claims),420
January 2013,Yorkshire and The Humber,Aged 16-24,47920
January 2013,Yorkshire and The Humber,Aged 25-49,92445
January 2013,Yorkshire and The Humber,Aged 50+,25125
January 2013,East Midlands,Age unknown (clerical claims),150
January 2013,East Midlands,Aged 16-24,30200
January 2013,East Midlands,Aged 25-49,58480
January 2013,East Midlands,Aged 50+,17950
January 2013,West Midlands,Age unknown (clerical claims),215
January 2013,West Midlands,Aged 16-24,45240
January 2013,West Midlands,Aged 25-49,91435
January 2013,West Midlands,Aged 50+,26040
January 2013,East,Age unknown (clerical claims),80
January 2013,East,Aged 16-24,30335
January 2013,East,Aged 25-49,63395
January 2013,East,Aged 50+,20430
January 2013,London,Age unknown (clerical claims),535
January 2013,London,Aged 16-24,45545
January 2013,London,Aged 25-49,136700
January 2013,London,Aged 50+,38340
January 2013,South East,Age unknown (clerical claims),720
January 2013,South East,Aged 16-24,34270
January 2013,South East,Aged 25-49,76420
January 2013,South East,Aged 50+,26030
January 2013,South West,Age unknown (clerical claims),345
January 2013,South West,Aged 16-24,24685
January 2013,South West,Aged 25-49,47820
January 2013,South West,Aged 50+,15965
January 2013,Wales,Age unknown (clerical claims),110
January 2013,Wales,Aged 16-24,24360
January 2013,Wales,Aged 25-49,44360
January 2013,Wales,Aged 50+,12500
January 2013,Scotland,Age unknown (clerical claims),430
January 2013,Scotland,Aged 16-24,37885
January 2013,Scotland,Aged 25-49,79890
January 2013,Scotland,Aged 50+,23765
February 2013,North East,Age unknown (clerical claims),395
February 2013,North East,Aged 16-24,28865
February 2013,North East,Aged 25-49,51515
February 2013,North East,Aged 50+,15090
February 2013,North West,Age unknown (clerical claims),335
February 2013,North West,Aged 16-24,57095
February 2013,North West,Aged 25-49,113400
February 2013,North West,Aged 50+,30780
February 2013,Yorkshire and The Humber,Age unknown (clerical claims),435
February 2013,Yorkshire and The Humber,Aged 16-24,49425
February 2013,Yorkshire and The Humber,Aged 25-49,93390
February 2013,Yorkshire and The Humber,Aged 50+,25435
February 2013,East Midlands,Age unknown (clerical claims),130
February 2013,East Midlands,Aged 16-24,31790
February 2013,East Midlands,Aged 25-49,59720
February 2013,East Midlands,Aged 50+,18130
February 2013,West Midlands,Age unknown (clerical claims),155
February 2013,West Midlands,Aged 16-24,46810
February 2013,West Midlands,Aged 25-49,93155
February 2013,West Midlands,Aged 50+,26485
February 2013,East,Age unknown (clerical claims),100
February 2013,East,Aged 16-24,32150
February 2013,East,Aged 25-49,65255
February 2013,East,Aged 50+,21010
February 2013,London,Age unknown (clerical claims),445
February 2013,London,Aged 16-24,47195
February 2013,London,Aged 25-49,139105
February 2013,London,Aged 50+,38880
February 2013,South East,Age unknown (clerical claims),545
February 2013,South East,Aged 16-24,36275
February 2013,South East,Aged 25-49,78105
February 2013,South East,Aged 50+,26605
February 2013,South West,Age unknown (clerical claims),265
February 2013,South West,Aged 16-24,25830
February 2013,South West,Aged 25-49,48320
February 2013,South West,Aged 50+,16250
February 2013,Wales,Age unknown (clerical claims),95
February 2013,Wales,Aged 16-24,25115
February 2013,Wales,Aged 25-49,44865
February 2013,Wales,Aged 50+,12725
February 2013,Scotland,Age unknown (clerical claims),405
February 2013,Scotland,Aged 16-24,39665
February 2013,Scotland,Aged 25-49,81395
February 2013,Scotland,Aged 50+,24450
March 2013,North East,Age unknown (clerical claims),265
March 2013,North East,Aged 16-24,28060
March 2013,North East,Aged 25-49,50200
March 2013,North East,Aged 50+,14740
March 2013,North West,Age unknown (clerical claims),305
March 2013,North West,Aged 16-24,56060
March 2013,North West,Aged 25-49,111395
March 2013,North West,Aged 50+,30335
March 2013,Yorkshire and The Humber,Age unknown (clerical claims),385
March 2013,Yorkshire and The Humber,Aged 16-24,47975
March 2013,Yorkshire and The Humber,Aged 25-49,92280
March 2013,Yorkshire and The Humber,Aged 50+,25130
March 2013,East Midlands,Age unknown (clerical claims),95
March 2013,East Midlands,Aged 16-24,31320
March 2013,East Midlands,Aged 25-49,59010
March 2013,East Midlands,Aged 50+,17985
March 2013,West Midlands,Age unknown (clerical claims),95
March 2013,West Midlands,Aged 16-24,45930
March 2013,West Midlands,Aged 25-49,91815
March 2013,West Midlands,Aged 50+,26225
March 2013,East,Age unknown (clerical claims),70
March 2013,East,Aged 16-24,31460
March 2013,East,Aged 25-49,64000
March 2013,East,Aged 50+,20930
March 2013,London,Age unknown (clerical claims),385
March 2013,London,Aged 16-24,46350
March 2013,London,Aged 25-49,137430
March 2013,London,Aged 50+,38835
March 2013,South East,Age unknown (clerical claims),465
March 2013,South East,Aged 16-24,35360
March 2013,South East,Aged 25-49,76105
March 2013,South East,Aged 50+,26100
March 2013,South West,Age unknown (clerical claims),175
March 2013,South West,Aged 16-24,25130
March 2013,South West,Aged 25-49,47085
March 2013,South West,Aged 50+,15955
March 2013,Wales,Age unknown (clerical claims),105
March 2013,Wales,Aged 16-24,24385
March 2013,Wales,Aged 25-49,43815
March 2013,Wales,Aged 50+,12530
March 2013,Scotland,Age unknown (clerical claims),300
March 2013,Scotland,Aged 16-24,38945
March 2013,Scotland,Aged 25-49,79725
March 2013,Scotland,Aged 50+,23995
April 2013,North East,Age unknown (clerical claims),200
April 2013,North East,Aged 16-24,26730
April 2013,North East,Aged 25-49,49240
April 2013,North East,Aged 50+,14510
April 2013,North West,Age unknown (clerical claims),260
April 2013,North West,Aged 16-24,53195
April 2013,North West,Aged 25-49,108985
April 2013,North West,Aged 50+,30420
April 2013,Yorkshire and The Humber,Age unknown (clerical claims),285
April 2013,Yorkshire and The Humber,Aged 16-24,45670
April 2013,Yorkshire and The Humber,Aged 25-49,90530
April 2013,Yorkshire and The Humber,Aged 50+,24970
April 2013,East Midlands,Age unknown (clerical claims),90
April 2013,East Midlands,Aged 16-24,30095
April 2013,East Midlands,Aged 25-49,57740
April 2013,East Midlands,Aged 50+,17775
April 2013,West Midlands,Age unknown (clerical claims),155
April 2013,West Midlands,Aged 16-24,43780
April 2013,West Midlands,Aged 25-49,90070
April 2013,West Midlands,Aged 50+,26275
April 2013,East,Age unknown (clerical claims),60
April 2013,East,Aged 16-24,29565
April 2013,East,Aged 25-49,62160
April 2013,East,Aged 50+,20545
April 2013,London,Age unknown (clerical claims),390
April 2013,London,Aged 16-24,44065
April 2013,London,Aged 25-49,135150
April 2013,London,Aged 50+,38915
April 2013,South East,Age unknown (clerical claims),435
April 2013,South East,Aged 16-24,32850
April 2013,South East,Aged 25-49,73365
April 2013,South East,Aged 50+,25435
April 2013,South West,Age unknown (clerical claims),230
April 2013,South West,Aged 16-24,22970
April 2013,South West,Aged 25-49,45265
April 2013,South West,Aged 50+,15700
April 2013,Wales,Age unknown (clerical claims),90
April 2013,Wales,Aged 16-24,23135
April 2013,Wales,Aged 25-49,42685
April 2013,Wales,Aged 50+,12410
April 2013,Scotland,Age unknown (clerical claims),300
April 2013,Scotland,Aged 16-24,36725
April 2013,Scotland,Aged 25-49,77450
April 2013,Scotland,Aged 50+,23560
May 2013,North East,Age unknown (clerical claims),195
May 2013,North East,Aged 16-24,25985
May 2013,North East,Aged 25-49,48095
May 2013,North East,Aged 50+,14295
May 2013,North West,Age unknown (clerical claims),255
May 2013,North West,Aged 16-24,51055
May 2013,North West,Aged 25-49,106670
May 2013,North West,Aged 50+,29945
May 2013,Yorkshire and The Humber,Age unknown (clerical claims),260
May 2013,Yorkshire and The Humber,Aged 16-24,44435
May 2013,Yorkshire and The Humber,Aged 25-49,88660
May 2013,Yorkshire and The Humber,Aged 50+,24530
May 2013,East Midlands,Age unknown (clerical claims),70
May 2013,East Midlands,Aged 16-24,28790
May 2013,East Midlands,Aged 25-49,55945
May 2013,East Midlands,Aged 50+,17405
May 2013,West Midlands,Age unknown (clerical claims),110
May 2013,West Midlands,Aged 16-24,42205
May 2013,West Midlands,Aged 25-49,88095
May 2013,West Midlands,Aged 50+,25840
May 2013,East,Age unknown (clerical claims),50
May 2013,East,Aged 16-24,28280
May 2013,East,Aged 25-49,60125
May 2013,East,Aged 50+,19830
May 2013,London,Age unknown (clerical claims),380
May 2013,London,Aged 16-24,42350
May 2013,London,Aged 25-49,131915
May 2013,London,Aged 50+,38650
May 2013,South East,Age unknown (clerical claims),535
May 2013,South East,Aged 16-24,30920
May 2013,South East,Aged 25-49,70650
May 2013,South East,Aged 50+,24705
May 2013,South West,Age unknown (clerical claims),180
May 2013,South West,Aged 16-24,21900
May 2013,South West,Aged 25-49,43835
May 2013,South West,Aged 50+,15270
May 2013,Wales,Age unknown (clerical claims),90
May 2013,Wales,Aged 16-24,22075
May 2013,Wales,Aged 25-49,41505
May 2013,Wales,Aged 50+,12120
May 2013,Scotland,Age unknown (clerical claims),305
May 2013,Scotland,Aged 16-24,35420
May 2013,Scotland,Aged 25-49,75505
May 2013,Scotland,Aged 50+,23175
June 2013,North East,Age unknown (clerical claims),165
June 2013,North East,Aged 16-24,24735
June 2013,North East,Aged 25-49,46190
June 2013,North East,Aged 50+,13930
June 2013,North West,Age unknown (clerical claims),300
June 2013,North West,Aged 16-24,49275
June 2013,North West,Aged 25-49,102615
June 2013,North West,Aged 50+,29295
June 2013,Yorkshire and The Humber,Age unknown (clerical claims),235
June 2013,Yorkshire and The Humber,Aged 16-24,42770
June 2013,Yorkshire and The Humber,Aged 25-49,85820
June 2013,Yorkshire and The Humber,Aged 50+,24120
June 2013,East Midlands,Age unknown (clerical claims),65
June 2013,East Midlands,Aged 16-24,27305
June 2013,East Midlands,Aged 25-49,53400
June 2013,East Midlands,Aged 50+,16705
June 2013,West Midlands,Age unknown (clerical claims),85
June 2013,West Midlands,Aged 16-24,40315
June 2013,West Midlands,Aged 25-49,85820
June 2013,West Midlands,Aged 50+,25405
June 2013,East,Age unknown (clerical claims),55
June 2013,East,Aged 16-24,26555
June 2013,East,Aged 25-49,57275
June 2013,East,Aged 50+,19170
June 2013,London,Age unknown (clerical claims),360
June 2013,London,Aged 16-24,40225
June 2013,London,Aged 25-49,127300
June 2013,London,Aged 50+,38010
June 2013,South East,Age unknown (clerical claims),610
June 2013,South East,Aged 16-24,28720
June 2013,South East,Aged 25-49,66390
June 2013,South East,Aged 50+,23660
June 2013,South West,Age unknown (clerical claims),170
June 2013,South West,Aged 16-24,20215
June 2013,South West,Aged 25-49,41310
June 2013,South West,Aged 50+,14530
June 2013,Wales,Age unknown (clerical claims),90
June 2013,Wales,Aged 16-24,20945
June 2013,Wales,Aged 25-49,39665
June 2013,Wales,Aged 50+,11770
June 2013,Scotland,Age unknown (clerical claims),255
June 2013,Scotland,Aged 16-24,35865
June 2013,Scotland,Aged 25-49,73895
June 2013,Scotland,Aged 50+,22555
July 2013,North East,Age unknown (clerical claims),130
July 2013,North East,Aged 16-24,24495
July 2013,North East,Aged 25-49,45170
July 2013,North East,Aged 50+,13625
July 2013,North West,Age unknown (clerical claims),245
July 2013,North West,Aged 16-24,49610
July 2013,North West,Aged 25-49,100950
July 2013,North West,Aged 50+,29165
July 2013,Yorkshire and The Humber,Age unknown (clerical claims),220
July 2013,Yorkshire and The Humber,Aged 16-24,42740
July 2013,Yorkshire and The Humber,Aged 25-49,83840
July 2013,Yorkshire and The Humber,Aged 50+,23570
July 2013,East Midlands,Age unknown (clerical claims),80
July 2013,East Midlands,Aged 16-24,27325
July 2013,East Midlands,Aged 25-49,51695
July 2013,East Midlands,Aged 50+,16300
July 2013,West Midlands,Age unknown (clerical claims),100
July 2013,West Midlands,Aged 16-24,40705
July 2013,West Midlands,Aged 25-49,84125
July 2013,West Midlands,Aged 50+,25065
July 2013,East,Age unknown (clerical claims),60
July 2013,East,Aged 16-24,26540
July 2013,East,Aged 25-49,55430
July 2013,East,Aged 50+,18540
July 2013,London,Age unknown (clerical claims),310
July 2013,London,Aged 16-24,40860
July 2013,London,Aged 25-49,123490
July 2013,London,Aged 50+,37085
July 2013,South East,Age unknown (clerical claims),555
July 2013,South East,Aged 16-24,28650
July 2013,South East,Aged 25-49,64105
July 2013,South East,Aged 50+,23005
July 2013,South West,Age unknown (clerical claims),160
July 2013,South West,Aged 16-24,20200
July 2013,South West,Aged 25-49,39805
July 2013,South West,Aged 50+,13990
July 2013,Wales,Age unknown (clerical claims),90
July 2013,Wales,Aged 16-24,21145
July 2013,Wales,Aged 25-49,38785
July 2013,Wales,Aged 50+,11580
July 2013,Scotland,Age unknown (clerical claims),545
July 2013,Scotland,Aged 16-24,37590
July 2013,Scotland,Aged 25-49,72700
July 2013,Scotland,Aged 50+,21880
August 2013,North East,Age unknown (clerical claims),115
August 2013,North East,Aged 16-24,23980
August 2013,North East,Aged 25-49,44090
August 2013,North East,Aged 50+,13310
August 2013,North West,Age unknown (clerical claims),230
August 2013,North West,Aged 16-24,48750
August 2013,North West,Aged 25-49,98220
August 2013,North West,Aged 50+,28760
August 2013,Yorkshire and The Humber,Age unknown (clerical claims),220
August 2013,Yorkshire and The Humber,Aged 16-24,41830
August 2013,Yorkshire and The Humber,Aged 25-49,81490
August 2013,Yorkshire and The Humber,Aged 50+,23010
August 2013,East Midlands,Age unknown (clerical claims),55
August 2013,East Midlands,Aged 16-24,26805
August 2013,East Midlands,Aged 25-49,50305
August 2013,East Midlands,Aged 50+,15980
August 2013,West Midlands,Age unknown (clerical claims),90
August 2013,West Midlands,Aged 16-24,40035
August 2013,West Midlands,Aged 25-49,82315
August 2013,West Midlands,Aged 50+,24770
August 2013,East,Age unknown (clerical claims),55
August 2013,East,Aged 16-24,25935
August 2013,East,Aged 25-49,53605
August 2013,East,Aged 50+,18110
August 2013,London,Age unknown (clerical claims),325
August 2013,London,Aged 16-24,41075
August 2013,London,Aged 25-49,120115
August 2013,London,Aged 50+,36605
August 2013,South East,Age unknown (clerical claims),485
August 2013,South East,Aged 16-24,28110
August 2013,South East,Aged 25-49,62300
August 2013,South East,Aged 50+,22465
August 2013,South West,Age unknown (clerical claims),155
August 2013,South West,Aged 16-24,19720
August 2013,South West,Aged 25-49,38870
August 2013,South West,Aged 50+,13530
August 2013,Wales,Age unknown (clerical claims),95
August 2013,Wales,Aged 16-24,21305
August 2013,Wales,Aged 25-49,38150
August 2013,Wales,Aged 50+,11575
August 2013,Scotland,Age unknown (clerical claims),535
August 2013,Scotland,Aged 16-24,36765
August 2013,Scotland,Aged 25-49,71270
August 2013,Scotland,Aged 50+,21585
September 2013,North East,Age unknown (clerical claims),105
September 2013,North East,Aged 16-24,23730
September 2013,North East,Aged 25-49,42115
September 2013,North East,Aged 50+,12570
September 2013,North West,Age unknown (clerical claims),225
September 2013,North West,Aged 16-24,47220
September 2013,North West,Aged 25-49,93430
September 2013,North West,Aged 50+,27490
September 2013,Yorkshire and The Humber,Age unknown (clerical claims),200
September 2013,Yorkshire and The Humber,Aged 16-24,40350
September 2013,Yorkshire and The Humber,Aged 25-49,77860
September 2013,Yorkshire and The Humber,Aged 50+,21925
September 2013,East Midlands,Age unknown (clerical claims),80
September 2013,East Midlands,Aged 16-24,25640
September 2013,East Midlands,Aged 25-49,47600
September 2013,East Midlands,Aged 50+,14970
September 2013,West Midlands,Age unknown (clerical claims),90
September 2013,West Midlands,Aged 16-24,39295
September 2013,West Midlands,Aged 25-49,78570
September 2013,West Midlands,Aged 50+,23685
September 2013,East,Age unknown (clerical claims),50
September 2013,East,Aged 16-24,24950
September 2013,East,Aged 25-49,51100
September 2013,East,Aged 50+,17420
September 2013,London,Age unknown (clerical claims),295
September 2013,London,Aged 16-24,40395
September 2013,London,Aged 25-49,115445
September 2013,London,Aged 50+,35445
September 2013,South East,Age unknown (clerical claims),460
September 2013,South East,Aged 16-24,27125
September 2013,South East,Aged 25-49,59335
September 2013,South East,Aged 50+,21355
September 2013,South West,Age unknown (clerical claims),155
September 2013,South West,Aged 16-24,19290
September 2013,South West,Aged 25-49,36815
September 2013,South West,Aged 50+,12895
September 2013,Wales,Age unknown (clerical claims),100
September 2013,Wales,Aged 16-24,20620
September 2013,Wales,Aged 25-49,36475
September 2013,Wales,Aged 50+,11045
September 2013,Scotland,Age unknown (clerical claims),320
September 2013,Scotland,Aged 16-24,30550
September 2013,Scotland,Aged 25-49,64995
September 2013,Scotland,Aged 50+,20340
October 2013,North East,Age unknown (clerical claims),85
October 2013,North East,Aged 16-24,22500
October 2013,North East,Aged 25-49,40780
October 2013,North East,Aged 50+,12330
October 2013,North West,Age unknown (clerical claims),235
October 2013,North West,Aged 16-24,44615
October 2013,North West,Aged 25-49,89580
October 2013,North West,Aged 50+,26840
October 2013,Yorkshire and The Humber,Age unknown (clerical claims),195
October 2013,Yorkshire and The Humber,Aged 16-24,37750
October 2013,Yorkshire and The Humber,Aged 25-49,74655
October 2013,Yorkshire and The Humber,Aged 50+,21555
October 2013,East Midlands,Age unknown (clerical claims),60
October 2013,East Midlands,Aged 16-24,23970
October 2013,East Midlands,Aged 25-49,45070
October 2013,East Midlands,Aged 50+,14485
October 2013,West Midlands,Age unknown (clerical claims),85
October 2013,West Midlands,Aged 16-24,36565
October 2013,West Midlands,Aged 25-49,75330
October 2013,West Midlands,Aged 50+,23105
October 2013,East,Age unknown (clerical claims),40
October 2013,East,Aged 16-24,23265
October 2013,East,Aged 25-49,48765
October 2013,East,Aged 50+,16855
October 2013,London,Age unknown (clerical claims),270
October 2013,London,Aged 16-24,37660
October 2013,London,Aged 25-49,110805
October 2013,London,Aged 50+,34440
October 2013,South East,Age unknown (clerical claims),385
October 2013,South East,Aged 16-24,25785
October 2013,South East,Aged 25-49,57210
October 2013,South East,Aged 50+,21010
October 2013,South West,Age unknown (clerical claims),160
October 2013,South West,Aged 16-24,18475
October 2013,South West,Aged 25-49,35525
October 2013,South West,Aged 50+,12615
October 2013,Wales,Age unknown (clerical claims),90
October 2013,Wales,Aged 16-24,19670
October 2013,Wales,Aged 25-49,35310
October 2013,Wales,Aged 50+,10790
October 2013,Scotland,Age unknown (clerical claims),225
October 2013,Scotland,Aged 16-24,28675
October 2013,Scotland,Aged 25-49,62545
October 2013,Scotland,Aged 50+,20130
November 2013,North East,Age unknown (clerical claims),80
November 2013,North East,Aged 16-24,21405
November 2013,North East,Aged 25-49,39760
November 2013,North East,Aged 50+,12310
November 2013,North West,Age unknown (clerical claims),185
November 2013,North West,Aged 16-24,41880
November 2013,North West,Aged 25-49,86435
November 2013,North West,Aged 50+,26080
November 2013,Yorkshire and The Humber,Age unknown (clerical claims),200
November 2013,Yorkshire and The Humber,Aged 16-24,35300
November 2013,Yorkshire and The Humber,Aged 25-49,72485
November 2013,Yorkshire and The Humber,Aged 50+,21275
November 2013,East Midlands,Age unknown (clerical claims),60
November 2013,East Midlands,Aged 16-24,22120
November 2013,East Midlands,Aged 25-49,43160
November 2013,East Midlands,Aged 50+,13995
November 2013,West Midlands,Age unknown (clerical claims),80
November 2013,West Midlands,Aged 16-24,34135
November 2013,West Midlands,Aged 25-49,72550
November 2013,West Midlands,Aged 50+,22485
November 2013,East,Age unknown (clerical claims),35
November 2013,East,Aged 16-24,21590
November 2013,East,Aged 25-49,46675
November 2013,East,Aged 50+,16590
November 2013,London,Age unknown (clerical claims),155
November 2013,London,Aged 16-24,35055
November 2013,London,Aged 25-49,106515
November 2013,London,Aged 50+,33580
November 2013,South East,Age unknown (clerical claims),175
November 2013,South East,Aged 16-24,24400
November 2013,South East,Aged 25-49,55850
November 2013,South East,Aged 50+,20495
November 2013,South West,Age unknown (clerical claims),160
November 2013,South West,Aged 16-24,18005
November 2013,South West,Aged 25-49,35095
November 2013,South West,Aged 50+,12595
November 2013,Wales,Age unknown (clerical claims),100
November 2013,Wales,Aged 16-24,18700
November 2013,Wales,Aged 25-49,34615
November 2013,Wales,Aged 50+,10755
November 2013,Scotland,Age unknown (clerical claims),220
November 2013,Scotland,Aged 16-24,27540
November 2013,Scotland,Aged 25-49,61500
November 2013,Scotland,Aged 50+,19920
December 2013,North East,Age unknown (clerical claims),70
December 2013,North East,Aged 16-24,20385
December 2013,North East,Aged 25-49,39690
December 2013,North East,Aged 50+,12335
December 2013,North West,Age unknown (clerical claims),175
December 2013,North West,Aged 16-24,40150
December 2013,North West,Aged 25-49,85755
December 2013,North West,Aged 50+,26010
December 2013,Yorkshire and The Humber,Age unknown (clerical claims),190
December 2013,Yorkshire and The Humber,Aged 16-24,34005
December 2013,Yorkshire and The Humber,Aged 25-49,72425
December 2013,Yorkshire and The Humber,Aged 50+,21380
December 2013,East Midlands,Age unknown (clerical claims),80
December 2013,East Midlands,Aged 16-24,21330
December 2013,East Midlands,Aged 25-49,42905
December 2013,East Midlands,Aged 50+,14020
December 2013,West Midlands,Age unknown (clerical claims),65
December 2013,West Midlands,Aged 16-24,32655
December 2013,West Midlands,Aged 25-49,72155
December 2013,West Midlands,Aged 50+,22420
December 2013,East,Age unknown (clerical claims),40
December 2013,East,Aged 16-24,20710
December 2013,East,Aged 25-49,45855
December 2013,East,Aged 50+,16265
December 2013,London,Age unknown (clerical claims),125
December 2013,London,Aged 16-24,32670
December 2013,London,Aged 25-49,103545
December 2013,London,Aged 50+,33345
December 2013,South East,Age unknown (clerical claims),115
December 2013,South East,Aged 16-24,23060
December 2013,South East,Aged 25-49,55050
December 2013,South East,Aged 50+,20235
December 2013,South West,Age unknown (clerical claims),175
December 2013,South West,Aged 16-24,17280
December 2013,South West,Aged 25-49,34635
December 2013,South West,Aged 50+,12625
December 2013,Wales,Age unknown (clerical claims),90
December 2013,Wales,Aged 16-24,18165
December 2013,Wales,Aged 25-49,34530
December 2013,Wales,Aged 50+,10745
December 2013,Scotland,Age unknown (clerical claims),200
December 2013,Scotland,Aged 16-24,26630
December 2013,Scotland,Aged 25-49,61410
December 2013,Scotland,Aged 50+,20075
January 2014,North East,Age unknown (clerical claims),70
January 2014,North East,Aged 16-24,20920
January 2014,North East,Aged 25-49,41325
January 2014,North East,Aged 50+,12990
January 2014,North West,Age unknown (clerical claims),195
January 2014,North West,Aged 16-24,41045
January 2014,North West,Aged 25-49,88765
January 2014,North West,Aged 50+,27055
January 2014,Yorkshire and The Humber,Age unknown (clerical claims),185
January 2014,Yorkshire and The Humber,Aged 16-24,35065
January 2014,Yorkshire and The Humber,Aged 25-49,75235
January 2014,Yorkshire and The Humber,Aged 50+,22135
January 2014,East Midlands,Age unknown (clerical claims),75
January 2014,East Midlands,Aged 16-24,22100
January 2014,East Midlands,Aged 25-49,44905
January 2014,East Midlands,Aged 50+,14780
January 2014,West Midlands,Age unknown (clerical claims),50
January 2014,West Midlands,Aged 16-24,33870
January 2014,West Midlands,Aged 25-49,74415
January 2014,West Midlands,Aged 50+,23170
January 2014,East,Age unknown (clerical claims),30
January 2014,East,Aged 16-24,21620
January 2014,East,Aged 25-49,47610
January 2014,East,Aged 50+,17015
January 2014,London,Age unknown (clerical claims),145
January 2014,London,Aged 16-24,32330
January 2014,London,Aged 25-49,104400
January 2014,London,Aged 50+,33595
January 2014,South East,Age unknown (clerical claims),110
January 2014,South East,Aged 16-24,23645
January 2014,South East,Aged 25-49,56910
January 2014,South East,Aged 50+,21050
January 2014,South West,Age unknown (clerical claims),150
January 2014,South West,Aged 16-24,17900
January 2014,South West,Aged 25-49,36320
January 2014,South West,Aged 50+,13305
January 2014,Wales,Age unknown (clerical claims),90
January 2014,Wales,Aged 16-24,19365
January 2014,Wales,Aged 25-49,36540
January 2014,Wales,Aged 50+,11520
January 2014,Scotland,Age unknown (clerical claims),240
January 2014,Scotland,Aged 16-24,28185
January 2014,Scotland,Aged 25-49,64295
January 2014,Scotland,Aged 50+,21070
February 2014,North East,Age unknown (clerical claims),70
February 2014,North East,Aged 16-24,20675
February 2014,North East,Aged 25-49,40300
February 2014,North East,Aged 50+,12760
February 2014,North West,Age unknown (clerical claims),195
February 2014,North West,Aged 16-24,42000
February 2014,North West,Aged 25-49,87630
February 2014,North West,Aged 50+,26855
February 2014,Yorkshire and The Humber,Age unknown (clerical claims),195
February 2014,Yorkshire and The Humber,Aged 16-24,35805
February 2014,Yorkshire and The Humber,Aged 25-49,74970
February 2014,Yorkshire and The Humber,Aged 50+,22135
February 2014,East Midlands,Age unknown (clerical claims),65
February 2014,East Midlands,Aged 16-24,22870
February 2014,East Midlands,Aged 25-49,45300
February 2014,East Midlands,Aged 50+,14945
February 2014,West Midlands,Age unknown (clerical claims),45
February 2014,West Midlands,Aged 16-24,34385
February 2014,West Midlands,Aged 25-49,73980
February 2014,West Midlands,Aged 50+,23010
February 2014,East,Age unknown (clerical claims),35
February 2014,East,Aged 16-24,22235
February 2014,East,Aged 25-49,47455
February 2014,East,Aged 50+,17005
February 2014,London,Age unknown (clerical claims),175
February 2014,London,Aged 16-24,33330
February 2014,London,Aged 25-49,103910
February 2014,London,Aged 50+,33165
February 2014,South East,Age unknown (clerical claims),100
February 2014,South East,Aged 16-24,24595
February 2014,South East,Aged 25-49,56650
February 2014,South East,Aged 50+,20810
February 2014,South West,Age unknown (clerical claims),130
February 2014,South West,Aged 16-24,18315
February 2014,South West,Aged 25-49,36205
February 2014,South West,Aged 50+,13245
February 2014,Wales,Age unknown (clerical claims),115
February 2014,Wales,Aged 16-24,19770
February 2014,Wales,Aged 25-49,36285
February 2014,Wales,Aged 50+,11485
February 2014,Scotland,Age unknown (clerical claims),265
February 2014,Scotland,Aged 16-24,29410
February 2014,Scotland,Aged 25-49,63805
February 2014,Scotland,Aged 50+,21130
March 2014,North East,Age unknown (clerical claims),85
March 2014,North East,Aged 16-24,19520
March 2014,North East,Aged 25-49,38685
March 2014,North East,Aged 50+,12210
March 2014,North West,Age unknown (clerical claims),190
March 2014,North West,Aged 16-24,39870
March 2014,North West,Aged 25-49,84010
March 2014,North West,Aged 50+,25965
March 2014,Yorkshire and The Humber,Age unknown (clerical claims),160
March 2014,Yorkshire and The Humber,Aged 16-24,34110
March 2014,Yorkshire and The Humber,Aged 25-49,72195
March 2014,Yorkshire and The Humber,Aged 50+,21525
March 2014,East Midlands,Age unknown (clerical claims),65
March 2014,East Midlands,Aged 16-24,21735
March 2014,East Midlands,Aged 25-49,43630
March 2014,East Midlands,Aged 50+,14515
March 2014,West Midlands,Age unknown (clerical claims),55
March 2014,West Midlands,Aged 16-24,32980
March 2014,West Midlands,Aged 25-49,71405
March 2014,West Midlands,Aged 50+,22275
March 2014,East,Age unknown (clerical claims),35
March 2014,East,Aged 16-24,21085
March 2014,East,Aged 25-49,45660
March 2014,East,Aged 50+,16490
March 2014,London,Age unknown (clerical claims),205
March 2014,London,Aged 16-24,32255
March 2014,London,Aged 25-49,101180
March 2014,London,Aged 50+,32780
March 2014,South East,Age unknown (clerical claims),100
March 2014,South East,Aged 16-24,23055
March 2014,South East,Aged 25-49,54045
March 2014,South East,Aged 50+,20060
March 2014,South West,Age unknown (clerical claims),80
March 2014,South West,Aged 16-24,17035
March 2014,South West,Aged 25-49,34320
March 2014,South West,Aged 50+,12635
March 2014,Wales,Age unknown (clerical claims),105
March 2014,Wales,Aged 16-24,18945
March 2014,Wales,Aged 25-49,35150
March 2014,Wales,Aged 50+,11120
March 2014,Scotland,Age unknown (clerical claims),330
March 2014,Scotland,Aged 16-24,28455
March 2014,Scotland,Aged 25-49,61700
March 2014,Scotland,Aged 50+,20460
April 2014,North East,Age unknown (clerical claims),75
April 2014,North East,Aged 16-24,18400
April 2014,North East,Aged 25-49,37405
April 2014,North East,Aged 50+,12110
April 2014,North West,Age unknown (clerical claims),150
April 2014,North West,Aged 16-24,36945
April 2014,North West,Aged 25-49,80620
April 2014,North West,Aged 50+,25540
April 2014,Yorkshire and The Humber,Age unknown (clerical claims),170
April 2014,Yorkshire and The Humber,Aged 16-24,31690
April 2014,Yorkshire and The Humber,Aged 25-49,69390
April 2014,Yorkshire and The Humber,Aged 50+,21125
April 2014,East Midlands,Age unknown (clerical claims),55
April 2014,East Midlands,Aged 16-24,19930
April 2014,East Midlands,Aged 25-49,41985
April 2014,East Midlands,Aged 50+,14250
April 2014,West Midlands,Age unknown (clerical claims),60
April 2014,West Midlands,Aged 16-24,30945
April 2014,West Midlands,Aged 25-49,68830
April 2014,West Midlands,Aged 50+,21770
April 2014,East,Age unknown (clerical claims),35
April 2014,East,Aged 16-24,19105
April 2014,East,Aged 25-49,43300
April 2014,East,Aged 50+,15880
April 2014,London,Age unknown (clerical claims),140
April 2014,London,Aged 16-24,30485
April 2014,London,Aged 25-49,97960
April 2014,London,Aged 50+,32415
April 2014,South East,Age unknown (clerical claims),75
April 2014,South East,Aged 16-24,20815
April 2014,South East,Aged 25-49,51015
April 2014,South East,Aged 50+,19355
April 2014,South West,Age unknown (clerical claims),50
April 2014,South West,Aged 16-24,15415
April 2014,South West,Aged 25-49,32250
April 2014,South West,Aged 50+,12100
April 2014,Wales,Age unknown (clerical claims),80
April 2014,Wales,Aged 16-24,17910
April 2014,Wales,Aged 25-49,33955
April 2014,Wales,Aged 50+,10970
April 2014,Scotland,Age unknown (clerical claims),275
April 2014,Scotland,Aged 16-24,26280
April 2014,Scotland,Aged 25-49,58980
April 2014,Scotland,Aged 50+,20085
May 2014,North East,Age unknown (clerical claims),65
May 2014,North East,Aged 16-24,17115
May 2014,North East,Aged 25-49,35875
May 2014,North East,Aged 50+,11650
May 2014,North West,Age unknown (clerical claims),140
May 2014,North West,Aged 16-24,34420
May 2014,North West,Aged 25-49,77305
May 2014,North West,Aged 50+,24535
May 2014,Yorkshire and The Humber,Age unknown (clerical claims),110
May 2014,Yorkshire and The Humber,Aged 16-24,29605
May 2014,Yorkshire and The Humber,Aged 25-49,66705
May 2014,Yorkshire and The Humber,Aged 50+,20490
May 2014,East Midlands,Age unknown (clerical claims),55
May 2014,East Midlands,Aged 16-24,18585
May 2014,East Midlands,Aged 25-49,40180
May 2014,East Midlands,Aged 50+,13740
May 2014,West Midlands,Age unknown (clerical claims),40
May 2014,West Midlands,Aged 16-24,28865
May 2014,West Midlands,Aged 25-49,66060
May 2014,West Midlands,Aged 50+,21130
May 2014,East,Age unknown (clerical claims),35
May 2014,East,Aged 16-24,17375
May 2014,East,Aged 25-49,40795
May 2014,East,Aged 50+,15130
May 2014,London,Age unknown (clerical claims),170
May 2014,London,Aged 16-24,28975
May 2014,London,Aged 25-49,95320
May 2014,London,Aged 50+,31710
May 2014,South East,Age unknown (clerical claims),45
May 2014,South East,Aged 16-24,19215
May 2014,South East,Aged 25-49,48405
May 2014,South East,Aged 50+,18575
May 2014,South West,Age unknown (clerical claims),45
May 2014,South West,Aged 16-24,14020
May 2014,South West,Aged 25-49,30370
May 2014,South West,Aged 50+,11445
May 2014,Wales,Age unknown (clerical claims),95
May 2014,Wales,Aged 16-24,16535
May 2014,Wales,Aged 25-49,32575
May 2014,Wales,Aged 50+,10580
May 2014,Scotland,Age unknown (clerical claims),290
May 2014,Scotland,Aged 16-24,24925
May 2014,Scotland,Aged 25-49,56775
May 2014,Scotland,Aged 50+,19330
June 2014,North East,Age unknown (clerical claims),65
June 2014,North East,Aged 16-24,15585
June 2014,North East,Aged 25-49,33595
June 2014,North East,Aged 50+,11070
June 2014,North West,Age unknown (clerical claims),115
June 2014,North West,Aged 16-24,31990
June 2014,North West,Aged 25-49,72005
June 2014,North West,Aged 50+,23175
June 2014,Yorkshire and The Humber,Age unknown (clerical claims),105
June 2014,Yorkshire and The Humber,Aged 16-24,27275
June 2014,Yorkshire and The Humber,Aged 25-49,62805
June 2014,Yorkshire and The Humber,Aged 50+,19425
June 2014,East Midlands,Age unknown (clerical claims),60
June 2014,East Midlands,Aged 16-24,17080
June 2014,East Midlands,Aged 25-49,37555
June 2014,East Midlands,Aged 50+,12935
June 2014,West Midlands,Age unknown (clerical claims),40
June 2014,West Midlands,Aged 16-24,26635
June 2014,West Midlands,Aged 25-49,62815
June 2014,West Midlands,Aged 50+,20240
June 2014,East,Age unknown (clerical claims),35
June 2014,East,Aged 16-24,15420
June 2014,East,Aged 25-49,37625
June 2014,East,Aged 50+,14210
June 2014,London,Age unknown (clerical claims),150
June 2014,London,Aged 16-24,26650
June 2014,London,Aged 25-49,89640
June 2014,London,Aged 50+,30475
June 2014,South East,Age unknown (clerical claims),55
June 2014,South East,Aged 16-24,17255
June 2014,South East,Aged 25-49,44605
June 2014,South East,Aged 50+,17355
June 2014,South West,Age unknown (clerical claims),45
June 2014,South West,Aged 16-24,12410
June 2014,South West,Aged 25-49,27770
June 2014,South West,Aged 50+,10565
June 2014,Wales,Age unknown (clerical claims),85
June 2014,Wales,Aged 16-24,15145
June 2014,Wales,Aged 25-49,30485
June 2014,Wales,Aged 50+,9995
June 2014,Scotland,Age unknown (clerical claims),230
June 2014,Scotland,Aged 16-24,24155
June 2014,Scotland,Aged 25-49,54455
June 2014,Scotland,Aged 50+,18475
July 2014,North East,Age unknown (clerical claims),60
July 2014,North East,Aged 16-24,15505
July 2014,North East,Aged 25-49,32520
July 2014,North East,Aged 50+,10790
July 2014,North West,Age unknown (clerical claims),120
July 2014,North West,Aged 16-24,31565
July 2014,North West,Aged 25-49,69020
July 2014,North West,Aged 50+,22135
July 2014,Yorkshire and The Humber,Age unknown (clerical claims),110
July 2014,Yorkshire and The Humber,Aged 16-24,27065
July 2014,Yorkshire and The Humber,Aged 25-49,60625
July 2014,Yorkshire and The Humber,Aged 50+,18750
July 2014,East Midlands,Age unknown (clerical claims),60
July 2014,East Midlands,Aged 16-24,16970
July 2014,East Midlands,Aged 25-49,36290
July 2014,East Midlands,Aged 50+,12555
July 2014,West Midlands,Age unknown (clerical claims),30
July 2014,West Midlands,Aged 16-24,26340
July 2014,West Midlands,Aged 25-49,61165
July 2014,West Midlands,Aged 50+,19665
July 2014,East,Age unknown (clerical claims),45
July 2014,East,Aged 16-24,15365
July 2014,East,Aged 25-49,36060
July 2014,East,Aged 50+,13670
July 2014,London,Age unknown (clerical claims),210
July 2014,London,Aged 16-24,27210
July 2014,London,Aged 25-49,87060
July 2014,London,Aged 50+,29645
July 2014,South East,Age unknown (clerical claims),80
July 2014,South East,Aged 16-24,17155
July 2014,South East,Aged 25-49,42665
July 2014,South East,Aged 50+,16710
July 2014,South West,Age unknown (clerical claims),40
July 2014,South West,Aged 16-24,12125
July 2014,South West,Aged 25-49,26385
July 2014,South West,Aged 50+,10140
July 2014,Wales,Age unknown (clerical claims),75
July 2014,Wales,Aged 16-24,15240
July 2014,Wales,Aged 25-49,29925
July 2014,Wales,Aged 50+,9760
July 2014,Scotland,Age unknown (clerical claims),275
July 2014,Scotland,Aged 16-24,25795
July 2014,Scotland,Aged 25-49,53445
July 2014,Scotland,Aged 50+,17710
August 2014,North East,Age unknown (clerical claims),60
August 2014,North East,Aged 16-24,15180
August 2014,North East,Aged 25-49,31410
August 2014,North East,Aged 50+,10615
August 2014,North West,Age unknown (clerical claims),105
August 2014,North West,Aged 16-24,30500
August 2014,North West,Aged 25-49,65980
August 2014,North West,Aged 50+,21395
August 2014,Yorkshire and The Humber,Age unknown (clerical claims),95
August 2014,Yorkshire and The Humber,Aged 16-24,26335
August 2014,Yorkshire and The Humber,Aged 25-49,58220
August 2014,Yorkshire and The Humber,Aged 50+,18125
August 2014,East Midlands,Age unknown (clerical claims),65
August 2014,East Midlands,Aged 16-24,16270
August 2014,East Midlands,Aged 25-49,34485
August 2014,East Midlands,Aged 50+,12085
August 2014,West Midlands,Age unknown (clerical claims),35
August 2014,West Midlands,Aged 16-24,25295
August 2014,West Midlands,Aged 25-49,58880
August 2014,West Midlands,Aged 50+,18930
August 2014,East,Age unknown (clerical claims),40
August 2014,East,Aged 16-24,14775
August 2014,East,Aged 25-49,34195
August 2014,East,Aged 50+,13155
August 2014,London,Age unknown (clerical claims),160
August 2014,London,Aged 16-24,28035
August 2014,London,Aged 25-49,84270
August 2014,London,Aged 50+,29255
August 2014,South East,Age unknown (clerical claims),50
August 2014,South East,Aged 16-24,16560
August 2014,South East,Aged 25-49,40780
August 2014,South East,Aged 50+,16175
August 2014,South West,Age unknown (clerical claims),40
August 2014,South West,Aged 16-24,11655
August 2014,South West,Aged 25-49,24885
August 2014,South West,Aged 50+,9600
August 2014,Wales,Age unknown (clerical claims),75
August 2014,Wales,Aged 16-24,14665
August 2014,Wales,Aged 25-49,28970
August 2014,Wales,Aged 50+,9555
August 2014,Scotland,Age unknown (clerical claims),265
August 2014,Scotland,Aged 16-24,24740
August 2014,Scotland,Aged 25-49,51885
August 2014,Scotland,Aged 50+,17435
September 2014,North East,Age unknown (clerical claims),50
September 2014,North East,Aged 16-24,15765
September 2014,North East,Aged 25-49,30405
September 2014,North East,Aged 50+,10275
September 2014,North West,Age unknown (clerical claims),105
September 2014,North West,Aged 16-24,30470
September 2014,North West,Aged 25-49,63170
September 2014,North West,Aged 50+,20790
September 2014,Yorkshire and The Humber,Age unknown (clerical claims),95
September 2014,Yorkshire and The Humber,Aged 16-24,26190
September 2014,Yorkshire and The Humber,Aged 25-49,55530
September 2014,Yorkshire and The Humber,Aged 50+,17500
September 2014,East Midlands,Age unknown (clerical claims),55
September 2014,East Midlands,Aged 16-24,15745
September 2014,East Midlands,Aged 25-49,32860
September 2014,East Midlands,Aged 50+,11550
September 2014,West Midlands,Age unknown (clerical claims),25
September 2014,West Midlands,Aged 16-24,25020
September 2014,West Midlands,Aged 25-49,56185
September 2014,West Midlands,Aged 50+,18105
September 2014,East,Age unknown (clerical claims),25
September 2014,East,Aged 16-24,14480
September 2014,East,Aged 25-49,32410
September 2014,East,Aged 50+,12265
September 2014,London,Age unknown (clerical claims),240
September 2014,London,Aged 16-24,28075
September 2014,London,Aged 25-49,81445
September 2014,London,Aged 50+,28440
September 2014,South East,Age unknown (clerical claims),40
September 2014,South East,Aged 16-24,16405
September 2014,South East,Aged 25-49,38915
September 2014,South East,Aged 50+,15570
September 2014,South West,Age unknown (clerical claims),40
September 2014,South West,Aged 16-24,11495
September 2014,South West,Aged 25-49,23885
September 2014,South West,Aged 50+,9260
September 2014,Wales,Age unknown (clerical claims),60
September 2014,Wales,Aged 16-24,14475
September 2014,Wales,Aged 25-49,27650
September 2014,Wales,Aged 50+,9340
September 2014,Scotland,Age unknown (clerical claims),200
September 2014,Scotland,Aged 16-24,20675
September 2014,Scotland,Aged 25-49,47865
September 2014,Scotland,Aged 50+,16850
October 2014,North East,Age unknown (clerical claims),55
October 2014,North East,Aged 16-24,15250
October 2014,North East,Aged 25-49,29180
October 2014,North East,Aged 50+,10120
October 2014,North West,Age unknown (clerical claims),65
October 2014,North West,Aged 16-24,28845
October 2014,North West,Aged 25-49,61110
October 2014,North West,Aged 50+,20735
October 2014,Yorkshire and The Humber,Age unknown (clerical claims),85
October 2014,Yorkshire and The Humber,Aged 16-24,24525
October 2014,Yorkshire and The Humber,Aged 25-49,53285
October 2014,Yorkshire and The Humber,Aged 50+,17205
October 2014,East Midlands,Age unknown (clerical claims),35
October 2014,East Midlands,Aged 16-24,14835
October 2014,East Midlands,Aged 25-49,31480
October 2014,East Midlands,Aged 50+,11325
October 2014,West Midlands,Age unknown (clerical claims),15
October 2014,West Midlands,Aged 16-24,23525
October 2014,West Midlands,Aged 25-49,53720
October 2014,West Midlands,Aged 50+,17495
October 2014,East,Age unknown (clerical claims),25
October 2014,East,Aged 16-24,13570
October 2014,East,Aged 25-49,30845
October 2014,East,Aged 50+,11955
October 2014,London,Age unknown (clerical claims),250
October 2014,London,Aged 16-24,26670
October 2014,London,Aged 25-49,78440
October 2014,London,Aged 50+,27945
October 2014,South East,Age unknown (clerical claims),40
October 2014,South East,Aged 16-24,15870
October 2014,South East,Aged 25-49,37615
October 2014,South East,Aged 50+,15365
October 2014,South West,Age unknown (clerical claims),40
October 2014,South West,Aged 16-24,11205
October 2014,South West,Aged 25-49,23115
October 2014,South West,Aged 50+,9105
October 2014,Wales,Age unknown (clerical claims),40
October 2014,Wales,Aged 16-24,13700
October 2014,Wales,Aged 25-49,26595
October 2014,Wales,Aged 50+,9175
October 2014,Scotland,Age unknown (clerical claims),200
October 2014,Scotland,Aged 16-24,19590
October 2014,Scotland,Aged 25-49,46450
October 2014,Scotland,Aged 50+,16775
November 2014,North East,Age unknown (clerical claims),70
November 2014,North East,Aged 16-24,14170
November 2014,North East,Aged 25-49,28305
November 2014,North East,Aged 50+,9910
November 2014,North West,Age unknown (clerical claims),70
November 2014,North West,Aged 16-24,26455
November 2014,North West,Aged 25-49,58680
November 2014,North West,Aged 50+,20205
November 2014,Yorkshire and The Humber,Age unknown (clerical claims),75
November 2014,Yorkshire and The Humber,Aged 16-24,22700
November 2014,Yorkshire and The Humber,Aged 25-49,51725
November 2014,Yorkshire and The Humber,Aged 50+,17090
November 2014,East Midlands,Age unknown (clerical claims),35
November 2014,East Midlands,Aged 16-24,13555
November 2014,East Midlands,Aged 25-49,29925
November 2014,East Midlands,Aged 50+,10840
November 2014,West Midlands,Age unknown (clerical claims),15
November 2014,West Midlands,Aged 16-24,21005
November 2014,West Midlands,Aged 25-49,50640
November 2014,West Midlands,Aged 50+,16805
November 2014,East,Age unknown (clerical claims),20
November 2014,East,Aged 16-24,12370
November 2014,East,Aged 25-49,29660
November 2014,East,Aged 50+,11845
November 2014,London,Age unknown (clerical claims),230
November 2014,London,Aged 16-24,24340
November 2014,London,Aged 25-49,75645
November 2014,London,Aged 50+,27335
November 2014,South East,Age unknown (clerical claims),45
November 2014,South East,Aged 16-24,14900
November 2014,South East,Aged 25-49,36440
November 2014,South East,Aged 50+,15190
November 2014,South West,Age unknown (clerical claims),25
November 2014,South West,Aged 16-24,10715
November 2014,South West,Aged 25-49,22600
November 2014,South West,Aged 50+,9040
November 2014,Wales,Age unknown (clerical claims),65
November 2014,Wales,Aged 16-24,13020
November 2014,Wales,Aged 25-49,25955
November 2014,Wales,Aged 50+,9000
November 2014,Scotland,Age unknown (clerical claims),165
November 2014,Scotland,Aged 16-24,18535
November 2014,Scotland,Aged 25-49,45360
November 2014,Scotland,Aged 50+,16785
December 2014,North East,Age unknown (clerical claims),65
December 2014,North East,Aged 16-24,13260
December 2014,North East,Aged 25-49,27730
December 2014,North East,Aged 50+,9755
December 2014,North West,Age unknown (clerical claims),60
December 2014,North West,Aged 16-24,24955
December 2014,North West,Aged 25-49,57205
December 2014,North West,Aged 50+,20035
December 2014,Yorkshire and The Humber,Age unknown (clerical claims),80
December 2014,Yorkshire and The Humber,Aged 16-24,21590
December 2014,Yorkshire and The Humber,Aged 25-49,51445
December 2014,Yorkshire and The Humber,Aged 50+,17215
December 2014,East Midlands,Age unknown (clerical claims),35
December 2014,East Midlands,Aged 16-24,12725
December 2014,East Midlands,Aged 25-49,29200
December 2014,East Midlands,Aged 50+,10685
December 2014,West Midlands,Age unknown (clerical claims),15
December 2014,West Midlands,Aged 16-24,19360
December 2014,West Midlands,Aged 25-49,49250
December 2014,West Midlands,Aged 50+,16520
December 2014,East,Age unknown (clerical claims),25
December 2014,East,Aged 16-24,11655
December 2014,East,Aged 25-49,29035
December 2014,East,Aged 50+,11685
December 2014,London,Age unknown (clerical claims),235
December 2014,London,Aged 16-24,22320
December 2014,London,Aged 25-49,73310
December 2014,London,Aged 50+,27020
December 2014,South East,Age unknown (clerical claims),60
December 2014,South East,Aged 16-24,14035
December 2014,South East,Aged 25-49,35840
December 2014,South East,Aged 50+,15165
December 2014,South West,Age unknown (clerical claims),30
December 2014,South West,Aged 16-24,10115
December 2014,South West,Aged 25-49,22135
December 2014,South West,Aged 50+,8905
December 2014,Wales,Age unknown (clerical claims),40
December 2014,Wales,Aged 16-24,12340
December 2014,Wales,Aged 25-49,25795
December 2014,Wales,Aged 50+,9135
December 2014,Scotland,Age unknown (clerical claims),185
December 2014,Scotland,Aged 16-24,17905
December 2014,Scotland,Aged 25-49,45135
December 2014,Scotland,Aged 50+,16855
January 2015,North East,Age unknown (clerical claims),65
January 2015,North East,Aged 16-24,13590
January 2015,North East,Aged 25-49,28710
January 2015,North East,Aged 50+,10140
January 2015,North West,Age unknown (clerical claims),70
January 2015,North West,Aged 16-24,25085
January 2015,North West,Aged 25-49,59640
January 2015,North West,Aged 50+,20855
January 2015,Yorkshire and The Humber,Age unknown (clerical claims),75
January 2015,Yorkshire and The Humber,Aged 16-24,22430
January 2015,Yorkshire and The Humber,Aged 25-49,53430
January 2015,Yorkshire and The Humber,Aged 50+,18015
January 2015,East Midlands,Age unknown (clerical claims),40
January 2015,East Midlands,Aged 16-24,13535
January 2015,East Midlands,Aged 25-49,30855
January 2015,East Midlands,Aged 50+,11140
January 2015,West Midlands,Age unknown (clerical claims),20
January 2015,West Midlands,Aged 16-24,20430
January 2015,West Midlands,Aged 25-49,51510
January 2015,West Midlands,Aged 50+,17135
January 2015,East,Age unknown (clerical claims),20
January 2015,East,Aged 16-24,12375
January 2015,East,Aged 25-49,30550
January 2015,East,Aged 50+,12260
January 2015,London,Age unknown (clerical claims),205
January 2015,London,Aged 16-24,21845
January 2015,London,Aged 25-49,73835
January 2015,London,Aged 50+,27350
January 2015,South East,Age unknown (clerical claims),75
January 2015,South East,Aged 16-24,14585
January 2015,South East,Aged 25-49,37555
January 2015,South East,Aged 50+,15895
January 2015,South West,Age unknown (clerical claims),30
January 2015,South West,Aged 16-24,10625
January 2015,South West,Aged 25-49,23685
January 2015,South West,Aged 50+,9460
January 2015,Wales,Age unknown (clerical claims),45
January 2015,Wales,Aged 16-24,13110
January 2015,Wales,Aged 25-49,27240
January 2015,Wales,Aged 50+,9605
January 2015,Scotland,Age unknown (clerical claims),190
January 2015,Scotland,Aged 16-24,19195
January 2015,Scotland,Aged 25-49,47765
January 2015,Scotland,Aged 50+,17505
February 2015,North East,Age unknown (clerical claims),80
February 2015,North East,Aged 16-24,13560
February 2015,North East,Aged 25-49,28080
February 2015,North East,Aged 50+,9875
February 2015,North West,Age unknown (clerical claims),75
February 2015,North West,Aged 16-24,27605
February 2015,North West,Aged 25-49,61395
February 2015,North West,Aged 50+,21430
February 2015,Yorkshire and The Humber,Age unknown (clerical claims),90
February 2015,Yorkshire and The Humber,Aged 16-24,23545
February 2015,Yorkshire and The Humber,Aged 25-49,53270
February 2015,Yorkshire and The Humber,Aged 50+,17955
February 2015,East Midlands,Age unknown (clerical claims),45
February 2015,East Midlands,Aged 16-24,14420
February 2015,East Midlands,Aged 25-49,31060
February 2015,East Midlands,Aged 50+,11295
February 2015,West Midlands,Age unknown (clerical claims),35
February 2015,West Midlands,Aged 16-24,21405
February 2015,West Midlands,Aged 25-49,51485
February 2015,West Midlands,Aged 50+,17180
February 2015,East,Age unknown (clerical claims),20
February 2015,East,Aged 16-24,13050
February 2015,East,Aged 25-49,30890
February 2015,East,Aged 50+,12375
February 2015,London,Age unknown (clerical claims),255
February 2015,London,Aged 16-24,22800
February 2015,London,Aged 25-49,74170
February 2015,London,Aged 50+,27265
February 2015,South East,Age unknown (clerical claims),100
February 2015,South East,Aged 16-24,15570
February 2015,South East,Aged 25-49,37630
February 2015,South East,Aged 50+,16070
February 2015,South West,Age unknown (clerical claims),50
February 2015,South West,Aged 16-24,11345
February 2015,South West,Aged 25-49,23610
February 2015,South West,Aged 50+,9600
February 2015,Wales,Age unknown (clerical claims),45
February 2015,Wales,Aged 16-24,13735
February 2015,Wales,Aged 25-49,27080
February 2015,Wales,Aged 50+,9570
February 2015,Scotland,Age unknown (clerical claims),205
February 2015,Scotland,Aged 16-24,20445
February 2015,Scotland,Aged 25-49,48655
February 2015,Scotland,Aged 50+,17735
March 2015,North East,Age unknown (clerical claims),65
March 2015,North East,Aged 16-24,12880
March 2015,North East,Aged 25-49,27405
March 2015,North East,Aged 50+,9830
March 2015,North West,Age unknown (clerical claims),80
March 2015,North West,Aged 16-24,27455
March 2015,North West,Aged 25-49,60060
March 2015,North West,Aged 50+,21060
March 2015,Yorkshire and The Humber,Age unknown (clerical claims),80
March 2015,Yorkshire and The Humber,Aged 16-24,22500
March 2015,Yorkshire and The Humber,Aged 25-49,51290
March 2015,Yorkshire and The Humber,Aged 50+,17395
March 2015,East Midlands,Age unknown (clerical claims),45
March 2015,East Midlands,Aged 16-24,13475
March 2015,East Midlands,Aged 25-49,29820
March 2015,East Midlands,Aged 50+,10900
March 2015,West Midlands,Age unknown (clerical claims),35
March 2015,West Midlands,Aged 16-24,20655
March 2015,West Midlands,Aged 25-49,50080
March 2015,West Midlands,Aged 50+,16845
March 2015,East,Age unknown (clerical claims),15
March 2015,East,Aged 16-24,12435
March 2015,East,Aged 25-49,29680
March 2015,East,Aged 50+,11945
March 2015,London,Age unknown (clerical claims),190
March 2015,London,Aged 16-24,22030
March 2015,London,Aged 25-49,72480
March 2015,London,Aged 50+,26735
March 2015,South East,Age unknown (clerical claims),75
March 2015,South East,Aged 16-24,14905
March 2015,South East,Aged 25-49,36105
March 2015,South East,Aged 50+,15595
March 2015,South West,Age unknown (clerical claims),45
March 2015,South West,Aged 16-24,10495
March 2015,South West,Aged 25-49,22525
March 2015,South West,Aged 50+,9285
March 2015,Wales,Age unknown (clerical claims),35
March 2015,Wales,Aged 16-24,13220
March 2015,Wales,Aged 25-49,25920
March 2015,Wales,Aged 50+,9285
March 2015,Scotland,Age unknown (clerical claims),170
March 2015,Scotland,Aged 16-24,19765
March 2015,Scotland,Aged 25-49,47500
March 2015,Scotland,Aged 50+,17535
April 2015,North East,Age unknown (clerical claims),50
April 2015,North East,Aged 16-24,12265
April 2015,North East,Aged 25-49,26660
April 2015,North East,Aged 50+,9810
April 2015,North West,Age unknown (clerical claims),65
April 2015,North West,Aged 16-24,28445
April 2015,North West,Aged 25-49,60355
April 2015,North West,Aged 50+,21420
April 2015,Yorkshire and The Humber,Age unknown (clerical claims),60
April 2015,Yorkshire and The Humber,Aged 16-24,21125
April 2015,Yorkshire and The Humber,Aged 25-49,50315
April 2015,Yorkshire and The Humber,Aged 50+,17435
April 2015,East Midlands,Age unknown (clerical claims),40
April 2015,East Midlands,Aged 16-24,12550
April 2015,East Midlands,Aged 25-49,29090
April 2015,East Midlands,Aged 50+,10910
April 2015,West Midlands,Age unknown (clerical claims),25
April 2015,West Midlands,Aged 16-24,19370
April 2015,West Midlands,Aged 25-49,48975
April 2015,West Midlands,Aged 50+,16905
April 2015,East,Age unknown (clerical claims),15
April 2015,East,Aged 16-24,11375
April 2015,East,Aged 25-49,28515
April 2015,East,Aged 50+,11900
April 2015,London,Age unknown (clerical claims),185
April 2015,London,Aged 16-24,20935
April 2015,London,Aged 25-49,71010
April 2015,London,Aged 50+,26835
April 2015,South East,Age unknown (clerical claims),55
April 2015,South East,Aged 16-24,13370
April 2015,South East,Aged 25-49,34770
April 2015,South East,Aged 50+,15435
April 2015,South West,Age unknown (clerical claims),35
April 2015,South West,Aged 16-24,9485
April 2015,South West,Aged 25-49,21525
April 2015,South West,Aged 50+,9090
April 2015,Wales,Age unknown (clerical claims),40
April 2015,Wales,Aged 16-24,12260
April 2015,Wales,Aged 25-49,25130
April 2015,Wales,Aged 50+,9345
April 2015,Scotland,Age unknown (clerical claims),190
April 2015,Scotland,Aged 16-24,18350
April 2015,Scotland,Aged 25-49,45795
April 2015,Scotland,Aged 50+,17325
May 2015,North East,Age unknown (clerical claims),60
May 2015,North East,Aged 16-24,11555
May 2015,North East,Aged 25-49,25780
May 2015,North East,Aged 50+,9690
May 2015,North West,Age unknown (clerical claims),60
May 2015,North West,Aged 16-24,27690
May 2015,North West,Aged 25-49,59865
May 2015,North West,Aged 50+,21310
May 2015,Yorkshire and The Humber,Age unknown (clerical claims),70
May 2015,Yorkshire and The Humber,Aged 16-24,19850
May 2015,Yorkshire and The Humber,Aged 25-49,48370
May 2015,Yorkshire and The Humber,Aged 50+,17015
May 2015,East Midlands,Age unknown (clerical claims),50
May 2015,East Midlands,Aged 16-24,11695
May 2015,East Midlands,Aged 25-49,27965
May 2015,East Midlands,Aged 50+,10590
May 2015,West Midlands,Age unknown (clerical claims),20
May 2015,West Midlands,Aged 16-24,18110
May 2015,West Midlands,Aged 25-49,47505
May 2015,West Midlands,Aged 50+,16415
May 2015,East,Age unknown (clerical claims),10
May 2015,East,Aged 16-24,10745
May 2015,East,Aged 25-49,27320
May 2015,East,Aged 50+,11680
May 2015,London,Age unknown (clerical claims),195
May 2015,London,Aged 16-24,20110
May 2015,London,Aged 25-49,69580
May 2015,London,Aged 50+,26765
May 2015,South East,Age unknown (clerical claims),55
May 2015,South East,Aged 16-24,12315
May 2015,South East,Aged 25-49,33275
May 2015,South East,Aged 50+,15015
May 2015,South West,Age unknown (clerical claims),25
May 2015,South West,Aged 16-24,8905
May 2015,South West,Aged 25-49,20620
May 2015,South West,Aged 50+,8900
May 2015,Wales,Age unknown (clerical claims),40
May 2015,Wales,Aged 16-24,11625
May 2015,Wales,Aged 25-49,24360
May 2015,Wales,Aged 50+,9225
May 2015,Scotland,Age unknown (clerical claims),125
May 2015,Scotland,Aged 16-24,17555
May 2015,Scotland,Aged 25-49,44675
May 2015,Scotland,Aged 50+,16995
June 2015,North East,Age unknown (clerical claims),70
June 2015,North East,Aged 16-24,11065
June 2015,North East,Aged 25-49,25130
June 2015,North East,Aged 50+,9545
June 2015,North West,Age unknown (clerical claims),60
June 2015,North West,Aged 16-24,26525
June 2015,North West,Aged 25-49,58410
June 2015,North West,Aged 50+,21075
June 2015,Yorkshire and The Humber,Age unknown (clerical claims),65
June 2015,Yorkshire and The Humber,Aged 16-24,18890
June 2015,Yorkshire and The Humber,Aged 25-49,46590
June 2015,Yorkshire and The Humber,Aged 50+,16490
June 2015,East Midlands,Age unknown (clerical claims),50
June 2015,East Midlands,Aged 16-24,11145
June 2015,East Midlands,Aged 25-49,27000
June 2015,East Midlands,Aged 50+,10350
June 2015,West Midlands,Age unknown (clerical claims),20
June 2015,West Midlands,Aged 16-24,17340
June 2015,West Midlands,Aged 25-49,45860
June 2015,West Midlands,Aged 50+,16120
June 2015,East,Age unknown (clerical claims),30
June 2015,East,Aged 16-24,10310
June 2015,East,Aged 25-49,26440
June 2015,East,Aged 50+,11435
June 2015,London,Age unknown (clerical claims),340
June 2015,London,Aged 16-24,19460
June 2015,London,Aged 25-49,67470
June 2015,London,Aged 50+,26560
June 2015,South East,Age unknown (clerical claims),65
June 2015,South East,Aged 16-24,11620
June 2015,South East,Aged 25-49,31970
June 2015,South East,Aged 50+,14515
June 2015,South West,Age unknown (clerical claims),30
June 2015,South West,Aged 16-24,8315
June 2015,South West,Aged 25-49,19785
June 2015,South West,Aged 50+,8695
June 2015,Wales,Age unknown (clerical claims),50
June 2015,Wales,Aged 16-24,11270
June 2015,Wales,Aged 25-49,23805
June 2015,Wales,Aged 50+,9080
June 2015,Scotland,Age unknown (clerical claims),105
June 2015,Scotland,Aged 16-24,17760
June 2015,Scotland,Aged 25-49,43665
June 2015,Scotland,Aged 50+,16480
July 2015,North East,Age unknown (clerical claims),50
July 2015,North East,Aged 16-24,11230
July 2015,North East,Aged 25-49,24885
July 2015,North East,Aged 50+,9450
July 2015,North West,Age unknown (clerical claims),60
July 2015,North West,Aged 16-24,27235
July 2015,North West,Aged 25-49,58545
July 2015,North West,Aged 50+,21060
July 2015,Yorkshire and The Humber,Age unknown (clerical claims),65
July 2015,Yorkshire and The Humber,Aged 16-24,18945
July 2015,Yorkshire and The Humber,Aged 25-49,45910
July 2015,Yorkshire and The Humber,Aged 50+,16370
July 2015,East Midlands,Age unknown (clerical claims),50
July 2015,East Midlands,Aged 16-24,11445
July 2015,East Midlands,Aged 25-49,26570
July 2015,East Midlands,Aged 50+,10320
July 2015,West Midlands,Age unknown (clerical claims),25
July 2015,West Midlands,Aged 16-24,17625
July 2015,West Midlands,Aged 25-49,45490
July 2015,West Midlands,Aged 50+,15980
July 2015,East,Age unknown (clerical claims),20
July 2015,East,Aged 16-24,10630
July 2015,East,Aged 25-49,26190
July 2015,East,Aged 50+,11415
July 2015,London,Age unknown (clerical claims),345
July 2015,London,Aged 16-24,19890
July 2015,London,Aged 25-49,66100
July 2015,London,Aged 50+,26350
July 2015,South East,Age unknown (clerical claims),55
July 2015,South East,Aged 16-24,11830
July 2015,South East,Aged 25-49,31455
July 2015,South East,Aged 50+,14295
July 2015,South West,Age unknown (clerical claims),30
July 2015,South West,Aged 16-24,8385
July 2015,South West,Aged 25-49,19740
July 2015,South West,Aged 50+,8685
July 2015,Wales,Age unknown (clerical claims),50
July 2015,Wales,Aged 16-24,11535
July 2015,Wales,Aged 25-49,23750
July 2015,Wales,Aged 50+,9120
July 2015,Scotland,Age unknown (clerical claims),175
July 2015,Scotland,Aged 16-24,19580
July 2015,Scotland,Aged 25-49,44580
July 2015,Scotland,Aged 50+,16430
August 2015,North East,Age unknown (clerical claims),45
August 2015,North East,Aged 16-24,11400
August 2015,North East,Aged 25-49,24795
August 2015,North East,Aged 50+,9610
August 2015,North West,Age unknown (clerical claims),60
August 2015,North West,Aged 16-24,27870
August 2015,North West,Aged 25-49,58165
August 2015,North West,Aged 50+,20965
August 2015,Yorkshire and The Humber,Age unknown (clerical claims),70
August 2015,Yorkshire and The Humber,Aged 16-24,18850
August 2015,Yorkshire and The Humber,Aged 25-49,44730
August 2015,Yorkshire and The Humber,Aged 50+,16240
August 2015,East Midlands,Age unknown (clerical claims),45
August 2015,East Midlands,Aged 16-24,11690
August 2015,East Midlands,Aged 25-49,26310
August 2015,East Midlands,Aged 50+,10410
August 2015,West Midlands,Age unknown (clerical claims),20
August 2015,West Midlands,Aged 16-24,18265
August 2015,West Midlands,Aged 25-49,45205
August 2015,West Midlands,Aged 50+,16035
August 2015,East,Age unknown (clerical claims),20
August 2015,East,Aged 16-24,10705
August 2015,East,Aged 25-49,25900
August 2015,East,Aged 50+,11430
August 2015,London,Age unknown (clerical claims),265
August 2015,London,Aged 16-24,20530
August 2015,London,Aged 25-49,65525
August 2015,London,Aged 50+,26755
August 2015,South East,Age unknown (clerical claims),65
August 2015,South East,Aged 16-24,12050
August 2015,South East,Aged 25-49,30925
August 2015,South East,Aged 50+,14225
August 2015,South West,Age unknown (clerical claims),30
August 2015,South West,Aged 16-24,8545
August 2015,South West,Aged 25-49,19505
August 2015,South West,Aged 50+,8645
August 2015,Wales,Age unknown (clerical claims),50
August 2015,Wales,Aged 16-24,11710
August 2015,Wales,Aged 25-49,23715
August 2015,Wales,Aged 50+,9220
August 2015,Scotland,Age unknown (clerical claims),175
August 2015,Scotland,Aged 16-24,19820
August 2015,Scotland,Aged 25-49,43925
August 2015,Scotland,Aged 50+,16370
September 2015,North East,Age unknown (clerical claims),50
September 2015,North East,Aged 16-24,11680
September 2015,North East,Aged 25-49,24260
September 2015,North East,Aged 50+,9370
September 2015,North West,Age unknown (clerical claims),50
September 2015,North West,Aged 16-24,27650
September 2015,North West,Aged 25-49,57520
September 2015,North West,Aged 50+,20770
September 2015,Yorkshire and The Humber,Age unknown (clerical claims),60
September 2015,Yorkshire and The Humber,Aged 16-24,18820
September 2015,Yorkshire and The Humber,Aged 25-49,43330
September 2015,Yorkshire and The Humber,Aged 50+,15750
September 2015,East Midlands,Age unknown (clerical claims),50
September 2015,East Midlands,Aged 16-24,11345
September 2015,East Midlands,Aged 25-49,25555
September 2015,East Midlands,Aged 50+,10110
September 2015,West Midlands,Age unknown (clerical claims),20
September 2015,West Midlands,Aged 16-24,18345
September 2015,West Midlands,Aged 25-49,43980
September 2015,West Midlands,Aged 50+,15810
September 2015,East,Age unknown (clerical claims),25
September 2015,East,Aged 16-24,10720
September 2015,East,Aged 25-49,25595
September 2015,East,Aged 50+,11230
September 2015,London,Age unknown (clerical claims),260
September 2015,London,Aged 16-24,20680
September 2015,London,Aged 25-49,64895
September 2015,London,Aged 50+,26600
September 2015,South East,Age unknown (clerical claims),75
September 2015,South East,Aged 16-24,12250
September 2015,South East,Aged 25-49,30495
September 2015,South East,Aged 50+,14150
September 2015,South West,Age unknown (clerical claims),35
September 2015,South West,Aged 16-24,8760
September 2015,South West,Aged 25-49,19520
September 2015,South West,Aged 50+,8725
September 2015,Wales,Age unknown (clerical claims),55
September 2015,Wales,Aged 16-24,11560
September 2015,Wales,Aged 25-49,23300
September 2015,Wales,Aged 50+,9160
September 2015,Scotland,Age unknown (clerical claims),195
September 2015,Scotland,Aged 16-24,17490
September 2015,Scotland,Aged 25-49,40905
September 2015,Scotland,Aged 50+,15975
October 2015,North East,Age unknown (clerical claims),50
October 2015,North East,Aged 16-24,11445
October 2015,North East,Aged 25-49,24670
October 2015,North East,Aged 50+,9915
October 2015,North West,Age unknown (clerical claims),60
October 2015,North West,Aged 16-24,27785
October 2015,North West,Aged 25-49,56990
October 2015,North West,Aged 50+,20780
October 2015,Yorkshire and The Humber,Age unknown (clerical claims),60
October 2015,Yorkshire and The Humber,Aged 16-24,18120
October 2015,Yorkshire and The Humber,Aged 25-49,42155
October 2015,Yorkshire and The Humber,Aged 50+,15730
October 2015,East Midlands,Age unknown (clerical claims),95
October 2015,East Midlands,Aged 16-24,10835
October 2015,East Midlands,Aged 25-49,24490
October 2015,East Midlands,Aged 50+,9910
October 2015,West Midlands,Age unknown (clerical claims),25
October 2015,West Midlands,Aged 16-24,18005
October 2015,West Midlands,Aged 25-49,42940
October 2015,West Midlands,Aged 50+,15660
October 2015,East,Age unknown (clerical claims),25
October 2015,East,Aged 16-24,10525
October 2015,East,Aged 25-49,25115
October 2015,East,Aged 50+,11210
October 2015,London,Age unknown (clerical claims),225
October 2015,London,Aged 16-24,20060
October 2015,London,Aged 25-49,63760
October 2015,London,Aged 50+,26850
October 2015,South East,Age unknown (clerical claims),75
October 2015,South East,Aged 16-24,11985
October 2015,South East,Aged 25-49,30175
October 2015,South East,Aged 50+,14200
October 2015,South West,Age unknown (clerical claims),35
October 2015,South West,Aged 16-24,8710
October 2015,South West,Aged 25-49,19530
October 2015,South West,Aged 50+,8930
October 2015,Wales,Age unknown (clerical claims),60
October 2015,Wales,Aged 16-24,11335
October 2015,Wales,Aged 25-49,22650
October 2015,Wales,Aged 50+,9245
October 2015,Scotland,Age unknown (clerical claims),240
October 2015,Scotland,Aged 16-24,16745
October 2015,Scotland,Aged 25-49,39615
October 2015,Scotland,Aged 50+,15745
November 2015,North East,Age unknown (clerical claims),45
November 2015,North East,Aged 16-24,11090
November 2015,North East,Aged 25-49,24890
November 2015,North East,Aged 50+,10360
November 2015,North West,Age unknown (clerical claims),45
November 2015,North West,Aged 16-24,25470
November 2015,North West,Aged 25-49,55610
November 2015,North West,Aged 50+,20895
November 2015,Yorkshire and The Humber,Age unknown (clerical claims),55
November 2015,Yorkshire and The Humber,Aged 16-24,16945
November 2015,Yorkshire and The Humber,Aged 25-49,40895
November 2015,Yorkshire and The Humber,Aged 50+,15565
November 2015,East Midlands,Age unknown (clerical claims),115
November 2015,East Midlands,Aged 16-24,10070
November 2015,East Midlands,Aged 25-49,23745
November 2015,East Midlands,Aged 50+,9740
November 2015,West Midlands,Age unknown (clerical claims),20
November 2015,West Midlands,Aged 16-24,16720
November 2015,West Midlands,Aged 25-49,41965
November 2015,West Midlands,Aged 50+,15850
November 2015,East,Age unknown (clerical claims),35
November 2015,East,Aged 16-24,9835
November 2015,East,Aged 25-49,24550
November 2015,East,Aged 50+,11060
November 2015,London,Age unknown (clerical claims),230
November 2015,London,Aged 16-24,18590
November 2015,London,Aged 25-49,61935
November 2015,London,Aged 50+,27025
November 2015,South East,Age unknown (clerical claims),70
November 2015,South East,Aged 16-24,11415
November 2015,South East,Aged 25-49,29985
November 2015,South East,Aged 50+,14455
November 2015,South West,Age unknown (clerical claims),40
November 2015,South West,Aged 16-24,8415
November 2015,South West,Aged 25-49,19440
November 2015,South West,Aged 50+,9035
November 2015,Wales,Age unknown (clerical claims),60
November 2015,Wales,Aged 16-24,10570
November 2015,Wales,Aged 25-49,22180
November 2015,Wales,Aged 50+,9235
November 2015,Scotland,Age unknown (clerical claims),275
November 2015,Scotland,Aged 16-24,15850
November 2015,Scotland,Aged 25-49,39005
November 2015,Scotland,Aged 50+,15805
December 2015,North East,Age unknown (clerical claims),45
December 2015,North East,Aged 16-24,10715
December 2015,North East,Aged 25-49,25300
December 2015,North East,Aged 50+,10675
December 2015,North West,Age unknown (clerical claims),50
December 2015,North West,Aged 16-24,24185
December 2015,North West,Aged 25-49,55805
December 2015,North West,Aged 50+,21060
December 2015,Yorkshire and The Humber,Age unknown (clerical claims),60
December 2015,Yorkshire and The Humber,Aged 16-24,16495
December 2015,Yorkshire and The Humber,Aged 25-49,40775
December 2015,Yorkshire and The Humber,Aged 50+,15660
December 2015,East Midlands,Age unknown (clerical claims),115
December 2015,East Midlands,Aged 16-24,9540
December 2015,East Midlands,Aged 25-49,23550
December 2015,East Midlands,Aged 50+,9780
December 2015,West Midlands,Age unknown (clerical claims),25
December 2015,West Midlands,Aged 16-24,15935
December 2015,West Midlands,Aged 25-49,41870
December 2015,West Midlands,Aged 50+,16325
December 2015,East,Age unknown (clerical claims),40
December 2015,East,Aged 16-24,9415
December 2015,East,Aged 25-49,24185
December 2015,East,Aged 50+,11115
December 2015,London,Age unknown (clerical claims),235
December 2015,London,Aged 16-24,17530
December 2015,London,Aged 25-49,61285
December 2015,London,Aged 50+,27265
December 2015,South East,Age unknown (clerical claims),70
December 2015,South East,Aged 16-24,11055
December 2015,South East,Aged 25-49,30345
December 2015,South East,Aged 50+,14670
December 2015,South West,Age unknown (clerical claims),40
December 2015,South West,Aged 16-24,8295
December 2015,South West,Aged 25-49,19625
December 2015,South West,Aged 50+,9235
December 2015,Wales,Age unknown (clerical claims),65
December 2015,Wales,Aged 16-24,10345
December 2015,Wales,Aged 25-49,22265
December 2015,Wales,Aged 50+,9340
December 2015,Scotland,Age unknown (clerical claims),250
December 2015,Scotland,Aged 16-24,15485
December 2015,Scotland,Aged 25-49,39285
December 2015,Scotland,Aged 50+,16145
January 2016,North East,Age unknown (clerical claims),60
January 2016,North East,Aged 16-24,11175
January 2016,North East,Aged 25-49,26985
January 2016,North East,Aged 50+,11455
January 2016,North West,Age unknown (clerical claims),50
January 2016,North West,Aged 16-24,24030
January 2016,North West,Aged 25-49,57830
January 2016,North West,Aged 50+,21830
January 2016,Yorkshire and The Humber,Age unknown (clerical claims),65
January 2016,Yorkshire and The Humber,Aged 16-24,17380
January 2016,Yorkshire and The Humber,Aged 25-49,43230
January 2016,Yorkshire and The Humber,Aged 50+,16670
January 2016,East Midlands,Age unknown (clerical claims),80
January 2016,East Midlands,Aged 16-24,10250
January 2016,East Midlands,Aged 25-49,25485
January 2016,East Midlands,Aged 50+,10575
January 2016,West Midlands,Age unknown (clerical claims),25
January 2016,West Midlands,Aged 16-24,16790
January 2016,West Midlands,Aged 25-49,44705
January 2016,West Midlands,Aged 50+,17295
January 2016,East,Age unknown (clerical claims),20
January 2016,East,Aged 16-24,10000
January 2016,East,Aged 25-49,25830
January 2016,East,Aged 50+,11795
January 2016,London,Age unknown (clerical claims),275
January 2016,London,Aged 16-24,17710
January 2016,London,Aged 25-49,62590
January 2016,London,Aged 50+,27915
January 2016,South East,Age unknown (clerical claims),85
January 2016,South East,Aged 16-24,11620
January 2016,South East,Aged 25-49,32425
January 2016,South East,Aged 50+,15670
January 2016,South West,Age unknown (clerical claims),40
January 2016,South West,Aged 16-24,8725
January 2016,South West,Aged 25-49,21305
January 2016,South West,Aged 50+,10110
January 2016,Wales,Age unknown (clerical claims),65
January 2016,Wales,Aged 16-24,10825
January 2016,Wales,Aged 25-49,23785
January 2016,Wales,Aged 50+,9830
January 2016,Scotland,Age unknown (clerical claims),190
January 2016,Scotland,Aged 16-24,16300
January 2016,Scotland,Aged 25-49,42255
January 2016,Scotland,Aged 50+,17435
February 2016,North East,Age unknown (clerical claims),65
February 2016,North East,Aged 16-24,11810
February 2016,North East,Aged 25-49,27695
February 2016,North East,Aged 50+,11910
February 2016,North West,Age unknown (clerical claims),50
February 2016,North West,Aged 16-24,25570
February 2016,North West,Aged 25-49,60120
February 2016,North West,Aged 50+,22575
February 2016,Yorkshire and The Humber,Age unknown (clerical claims),70
February 2016,Yorkshire and The Humber,Aged 16-24,18225
February 2016,Yorkshire and The Humber,Aged 25-49,43840
February 2016,Yorkshire and The Humber,Aged 50+,16935
February 2016,East Midlands,Age unknown (clerical claims),70
February 2016,East Midlands,Aged 16-24,11120
February 2016,East Midlands,Aged 25-49,26255
February 2016,East Midlands,Aged 50+,10830
February 2016,West Midlands,Age unknown (clerical claims),15
February 2016,West Midlands,Aged 16-24,18110
February 2016,West Midlands,Aged 25-49,45940
February 2016,West Midlands,Aged 50+,17505
February 2016,East,Age unknown (clerical claims),15
February 2016,East,Aged 16-24,10730
February 2016,East,Aged 25-49,26595
February 2016,East,Aged 50+,12185
February 2016,London,Age unknown (clerical claims),295
February 2016,London,Aged 16-24,18370
February 2016,London,Aged 25-49,64310
February 2016,London,Aged 50+,28725
February 2016,South East,Age unknown (clerical claims),80
February 2016,South East,Aged 16-24,12560
February 2016,South East,Aged 25-49,33625
February 2016,South East,Aged 50+,16230
February 2016,South West,Age unknown (clerical claims),40
February 2016,South West,Aged 16-24,9465
February 2016,South West,Aged 25-49,22265
February 2016,South West,Aged 50+,10530
February 2016,Wales,Age unknown (clerical claims),45
February 2016,Wales,Aged 16-24,11700
February 2016,Wales,Aged 25-49,24310
February 2016,Wales,Aged 50+,9965
February 2016,Scotland,Age unknown (clerical claims),185
February 2016,Scotland,Aged 16-24,17865
February 2016,Scotland,Aged 25-49,43545
February 2016,Scotland,Aged 50+,18140
March 2016,North East,Age unknown (clerical claims),45
March 2016,North East,Aged 16-24,11920
March 2016,North East,Aged 25-49,27880
March 2016,North East,Aged 50+,12140
March 2016,North West,Age unknown (clerical claims),55
March 2016,North West,Aged 16-24,26365
March 2016,North West,Aged 25-49,60485
March 2016,North West,Aged 50+,22640
March 2016,Yorkshire and The Humber,Age unknown (clerical claims),70
March 2016,Yorkshire and The Humber,Aged 16-24,18215
March 2016,Yorkshire and The Humber,Aged 25-49,43500
March 2016,Yorkshire and The Humber,Aged 50+,16970
March 2016,East Midlands,Age unknown (clerical claims),60
March 2016,East Midlands,Aged 16-24,11290
March 2016,East Midlands,Aged 25-49,25955
March 2016,East Midlands,Aged 50+,10755
March 2016,West Midlands,Age unknown (clerical claims),25
March 2016,West Midlands,Aged 16-24,18595
March 2016,West Midlands,Aged 25-49,46655
March 2016,West Midlands,Aged 50+,17860
March 2016,East,Age unknown (clerical claims),20
March 2016,East,Aged 16-24,10830
March 2016,East,Aged 25-49,26655
March 2016,East,Aged 50+,12245
March 2016,London,Age unknown (clerical claims),305
March 2016,London,Aged 16-24,18485
March 2016,London,Aged 25-49,64465
March 2016,London,Aged 50+,28950
March 2016,South East,Age unknown (clerical claims),90
March 2016,South East,Aged 16-24,12790
March 2016,South East,Aged 25-49,33595
March 2016,South East,Aged 50+,16255
March 2016,South West,Age unknown (clerical claims),50
March 2016,South West,Aged 16-24,9730
March 2016,South West,Aged 25-49,22360
March 2016,South West,Aged 50+,10465
March 2016,Wales,Age unknown (clerical claims),65
March 2016,Wales,Aged 16-24,11700
March 2016,Wales,Aged 25-49,24330
March 2016,Wales,Aged 50+,9905
March 2016,Scotland,Age unknown (clerical claims),205
March 2016,Scotland,Aged 16-24,18240
March 2016,Scotland,Aged 25-49,43920
March 2016,Scotland,Aged 50+,18285
April 2016,North East,Age unknown (clerical claims),50
April 2016,North East,Aged 16-24,11550
April 2016,North East,Aged 25-49,27060
April 2016,North East,Aged 50+,11910
April 2016,North West,Age unknown (clerical claims),50
April 2016,North West,Aged 16-24,25700
April 2016,North West,Aged 25-49,59985
April 2016,North West,Aged 50+,22575
April 2016,Yorkshire and The Humber,Age unknown (clerical claims),60
April 2016,Yorkshire and The Humber,Aged 16-24,17620
April 2016,Yorkshire and The Humber,Aged 25-49,42770
April 2016,Yorkshire and The Humber,Aged 50+,16970
April 2016,East Midlands,Age unknown (clerical claims),65
April 2016,East Midlands,Aged 16-24,10920
April 2016,East Midlands,Aged 25-49,25660
April 2016,East Midlands,Aged 50+,10765
April 2016,West Midlands,Age unknown (clerical claims),20
April 2016,West Midlands,Aged 16-24,18450
April 2016,West Midlands,Aged 25-49,46880
April 2016,West Midlands,Aged 50+,18375
April 2016,East,Age unknown (clerical claims),25
April 2016,East,Aged 16-24,10400
April 2016,East,Aged 25-49,25865
April 2016,East,Aged 50+,11970
April 2016,London,Age unknown (clerical claims),175
April 2016,London,Aged 16-24,18065
April 2016,London,Aged 25-49,64455
April 2016,London,Aged 50+,29445
April 2016,South East,Age unknown (clerical claims),60
April 2016,South East,Aged 16-24,12345
April 2016,South East,Aged 25-49,32840
April 2016,South East,Aged 50+,16275
April 2016,South West,Age unknown (clerical claims),30
April 2016,South West,Aged 16-24,9445
April 2016,South West,Aged 25-49,21805
April 2016,South West,Aged 50+,10345
April 2016,Wales,Age unknown (clerical claims),80
April 2016,Wales,Aged 16-24,11270
April 2016,Wales,Aged 25-49,23620
April 2016,Wales,Aged 50+,9920
April 2016,Scotland,Age unknown (clerical claims),180
April 2016,Scotland,Aged 16-24,17785
April 2016,Scotland,Aged 25-49,43130
April 2016,Scotland,Aged 50+,18300
May 2016,North East,Age unknown (clerical claims),40
May 2016,North East,Aged 16-24,11320
May 2016,North East,Aged 25-49,26600
May 2016,North East,Aged 50+,11770
May 2016,North West,Age unknown (clerical claims),45
May 2016,North West,Aged 16-24,24910
May 2016,North West,Aged 25-49,59350
May 2016,North West,Aged 50+,22600
May 2016,Yorkshire and The Humber,Age unknown (clerical claims),50
May 2016,Yorkshire and The Humber,Aged 16-24,17010
May 2016,Yorkshire and The Humber,Aged 25-49,41830
May 2016,Yorkshire and The Humber,Aged 50+,16775
May 2016,East Midlands,Age unknown (clerical claims),55
May 2016,East Midlands,Aged 16-24,10700
May 2016,East Midlands,Aged 25-49,25390
May 2016,East Midlands,Aged 50+,10735
May 2016,West Midlands,Age unknown (clerical claims),15
May 2016,West Midlands,Aged 16-24,18055
May 2016,West Midlands,Aged 25-49,46525
May 2016,West Midlands,Aged 50+,18460
May 2016,East,Age unknown (clerical claims),25
May 2016,East,Aged 16-24,10185
May 2016,East,Aged 25-49,25550
May 2016,East,Aged 50+,12025
May 2016,London,Age unknown (clerical claims),200
May 2016,London,Aged 16-24,17635
May 2016,London,Aged 25-49,63950
May 2016,London,Aged 50+,29415
May 2016,South East,Age unknown (clerical claims),50
May 2016,South East,Aged 16-24,12005
May 2016,South East,Aged 25-49,32070
May 2016,South East,Aged 50+,16235
May 2016,South West,Age unknown (clerical claims),10
May 2016,South West,Aged 16-24,9005
May 2016,South West,Aged 25-49,21280
May 2016,South West,Aged 50+,10095
May 2016,Wales,Age unknown (clerical claims),55
May 2016,Wales,Aged 16-24,10765
May 2016,Wales,Aged 25-49,23270
May 2016,Wales,Aged 50+,9670
May 2016,Scotland,Age unknown (clerical claims),165
May 2016,Scotland,Aged 16-24,17410
May 2016,Scotland,Aged 25-49,42620
May 2016,Scotland,Aged 50+,18005
June 2016,North East,Age unknown (clerical claims),40
June 2016,North East,Aged 16-24,11125
June 2016,North East,Aged 25-49,26125
June 2016,North East,Aged 50+,11745
June 2016,North West,Age unknown (clerical claims),45
June 2016,North West,Aged 16-24,24025
June 2016,North West,Aged 25-49,58320
June 2016,North West,Aged 50+,22265
June 2016,Yorkshire and The Humber,Age unknown (clerical claims),55
June 2016,Yorkshire and The Humber,Aged 16-24,16545
June 2016,Yorkshire and The Humber,Aged 25-49,41120
June 2016,Yorkshire and The Humber,Aged 50+,16645
June 2016,East Midlands,Age unknown (clerical claims),50
June 2016,East Midlands,Aged 16-24,10405
June 2016,East Midlands,Aged 25-49,24780
June 2016,East Midlands,Aged 50+,10580
June 2016,West Midlands,Age unknown (clerical claims),10
June 2016,West Midlands,Aged 16-24,17740
June 2016,West Midlands,Aged 25-49,46055
June 2016,West Midlands,Aged 50+,18420
June 2016,East,Age unknown (clerical claims),20
June 2016,East,Aged 16-24,9865
June 2016,East,Aged 25-49,24755
June 2016,East,Aged 50+,11880
June 2016,London,Age unknown (clerical claims),180
June 2016,London,Aged 16-24,17325
June 2016,London,Aged 25-49,63115
June 2016,London,Aged 50+,29745
June 2016,South East,Age unknown (clerical claims),50
June 2016,South East,Aged 16-24,11640
June 2016,South East,Aged 25-49,31085
June 2016,South East,Aged 50+,15945
June 2016,South West,Age unknown (clerical claims),40
June 2016,South West,Aged 16-24,8550
June 2016,South West,Aged 25-49,20560
June 2016,South West,Aged 50+,9900
June 2016,Wales,Age unknown (clerical claims),80
June 2016,Wales,Aged 16-24,10440
June 2016,Wales,Aged 25-49,22590
June 2016,Wales,Aged 50+,9590
June 2016,Scotland,Age unknown (clerical claims),185
June 2016,Scotland,Aged 16-24,17615
June 2016,Scotland,Aged 25-49,42435
June 2016,Scotland,Aged 50+,17980
July 2016,North East,Age unknown (clerical claims),40
July 2016,North East,Aged 16-24,11250
July 2016,North East,Aged 25-49,25810
July 2016,North East,Aged 50+,11715
July 2016,North West,Age unknown (clerical claims),40
July 2016,North West,Aged 16-24,24105
July 2016,North West,Aged 25-49,57570
July 2016,North West,Aged 50+,21980
July 2016,Yorkshire and The Humber,Age unknown (clerical claims),45
July 2016,Yorkshire and The Humber,Aged 16-24,16695
July 2016,Yorkshire and The Humber,Aged 25-49,40480
July 2016,Yorkshire and The Humber,Aged 50+,16585
July 2016,East Midlands,Age unknown (clerical claims),50
July 2016,East Midlands,Aged 16-24,10445
July 2016,East Midlands,Aged 25-49,24130
July 2016,East Midlands,Aged 50+,10315
July 2016,West Midlands,Age unknown (clerical claims),35
July 2016,West Midlands,Aged 16-24,18005
July 2016,West Midlands,Aged 25-49,45880
July 2016,West Midlands,Aged 50+,18410
July 2016,East,Age unknown (clerical claims),30
July 2016,East,Aged 16-24,9930
July 2016,East,Aged 25-49,24335
July 2016,East,Aged 50+,11735
July 2016,London,Age unknown (clerical claims),125
July 2016,London,Aged 16-24,17845
July 2016,London,Aged 25-49,62820
July 2016,London,Aged 50+,29995
July 2016,South East,Age unknown (clerical claims),40
July 2016,South East,Aged 16-24,11610
July 2016,South East,Aged 25-49,30730
July 2016,South East,Aged 50+,15905
July 2016,South West,Age unknown (clerical claims),35
July 2016,South West,Aged 16-24,8515
July 2016,South West,Aged 25-49,20435
July 2016,South West,Aged 50+,9845
July 2016,Wales,Age unknown (clerical claims),75
July 2016,Wales,Aged 16-24,10610
July 2016,Wales,Aged 25-49,22390
July 2016,Wales,Aged 50+,9405
July 2016,Scotland,Age unknown (clerical claims),175
July 2016,Scotland,Aged 16-24,19135
July 2016,Scotland,Aged 25-49,42800
July 2016,Scotland,Aged 50+,17675
August 2016,North East,Age unknown (clerical claims),55
August 2016,North East,Aged 16-24,11570
August 2016,North East,Aged 25-49,25835
August 2016,North East,Aged 50+,11870
August 2016,North West,Age unknown (clerical claims),35
August 2016,North West,Aged 16-24,24535
August 2016,North West,Aged 25-49,57945
August 2016,North West,Aged 50+,22160
August 2016,Yorkshire and The Humber,Age unknown (clerical claims),50
August 2016,Yorkshire and The Humber,Aged 16-24,17345
August 2016,Yorkshire and The Humber,Aged 25-49,40560
August 2016,Yorkshire and The Humber,Aged 50+,16700
August 2016,East Midlands,Age unknown (clerical claims),50
August 2016,East Midlands,Aged 16-24,10825
August 2016,East Midlands,Aged 25-49,23900
August 2016,East Midlands,Aged 50+,10310
August 2016,West Midlands,Age unknown (clerical claims),30
August 2016,West Midlands,Aged 16-24,18790
August 2016,West Midlands,Aged 25-49,46045
August 2016,West Midlands,Aged 50+,18685
August 2016,East,Age unknown (clerical claims),20
August 2016,East,Aged 16-24,10185
August 2016,East,Aged 25-49,24350
August 2016,East,Aged 50+,11805
August 2016,London,Age unknown (clerical claims),150
August 2016,London,Aged 16-24,18660
August 2016,London,Aged 25-49,62465
August 2016,London,Aged 50+,30355
August 2016,South East,Age unknown (clerical claims),45
August 2016,South East,Aged 16-24,12065
August 2016,South East,Aged 25-49,30980
August 2016,South East,Aged 50+,16065
August 2016,South West,Age unknown (clerical claims),45
August 2016,South West,Aged 16-24,8755
August 2016,South West,Aged 25-49,20325
August 2016,South West,Aged 50+,9875
August 2016,Wales,Age unknown (clerical claims),90
August 2016,Wales,Aged 16-24,11050
August 2016,Wales,Aged 25-49,22345
August 2016,Wales,Aged 50+,9475
August 2016,Scotland,Age unknown (clerical claims),170
August 2016,Scotland,Aged 16-24,19660
August 2016,Scotland,Aged 25-49,43265
August 2016,Scotland,Aged 50+,17890
September 2016,North East,Age unknown (clerical claims),55
September 2016,North East,Aged 16-24,11785
September 2016,North East,Aged 25-49,25700
September 2016,North East,Aged 50+,11860
September 2016,North West,Age unknown (clerical claims),30
September 2016,North West,Aged 16-24,24630
September 2016,North West,Aged 25-49,57525
September 2016,North West,Aged 50+,22045
September 2016,Yorkshire and The Humber,Age unknown (clerical claims),35
September 2016,Yorkshire and The Humber,Aged 16-24,17535
September 2016,Yorkshire and The Humber,Aged 25-49,40255
September 2016,Yorkshire and The Humber,Aged 50+,16600
September 2016,East Midlands,Age unknown (clerical claims),30
September 2016,East Midlands,Aged 16-24,10900
September 2016,East Midlands,Aged 25-49,23240
September 2016,East Midlands,Aged 50+,10015
September 2016,West Midlands,Age unknown (clerical claims),30
September 2016,West Midlands,Aged 16-24,19055
September 2016,West Midlands,Aged 25-49,45850
September 2016,West Midlands,Aged 50+,18655
September 2016,East,Age unknown (clerical claims),20
September 2016,East,Aged 16-24,10150
September 2016,East,Aged 25-49,24145
September 2016,East,Aged 50+,11645
September 2016,London,Age unknown (clerical claims),170
September 2016,London,Aged 16-24,19025
September 2016,London,Aged 25-49,62325
September 2016,London,Aged 50+,30580
September 2016,South East,Age unknown (clerical claims),45
September 2016,South East,Aged 16-24,12360
September 2016,South East,Aged 25-49,30960
September 2016,South East,Aged 50+,16015
September 2016,South West,Age unknown (clerical claims),45
September 2016,South West,Aged 16-24,8745
September 2016,South West,Aged 25-49,20205
September 2016,South West,Aged 50+,9955
September 2016,Wales,Age unknown (clerical claims),75
September 2016,Wales,Aged 16-24,10910
September 2016,Wales,Aged 25-49,21980
September 2016,Wales,Aged 50+,9360
September 2016,Scotland,Age unknown (clerical claims),180
September 2016,Scotland,Aged 16-24,18740
September 2016,Scotland,Aged 25-49,41105
September 2016,Scotland,Aged 50+,17475
October 2016,North East,Age unknown (clerical claims),55
October 2016,North East,Aged 16-24,12335
October 2016,North East,Aged 25-49,25705
October 2016,North East,Aged 50+,12040
October 2016,North West,Age unknown (clerical claims),30
October 2016,North West,Aged 16-24,24605
October 2016,North West,Aged 25-49,56770
October 2016,North West,Aged 50+,22050
October 2016,Yorkshire and The Humber,Age unknown (clerical claims),35
October 2016,Yorkshire and The Humber,Aged 16-24,17685
October 2016,Yorkshire and The Humber,Aged 25-49,39525
October 2016,Yorkshire and The Humber,Aged 50+,16595
October 2016,East Midlands,Age unknown (clerical claims),20
October 2016,East Midlands,Aged 16-24,10750
October 2016,East Midlands,Aged 25-49,22300
October 2016,East Midlands,Aged 50+,9840
October 2016,West Midlands,Age unknown (clerical claims),30
October 2016,West Midlands,Aged 16-24,19340
October 2016,West Midlands,Aged 25-49,45225
October 2016,West Midlands,Aged 50+,18720
October 2016,East,Age unknown (clerical claims),5
October 2016,East,Aged 16-24,10325
October 2016,East,Aged 25-49,23895
October 2016,East,Aged 50+,11710
October 2016,London,Age unknown (clerical claims),165
October 2016,London,Aged 16-24,19445
October 2016,London,Aged 25-49,62335
October 2016,London,Aged 50+,31085
October 2016,South East,Age unknown (clerical claims),45
October 2016,South East,Aged 16-24,12785
October 2016,South East,Aged 25-49,30890
October 2016,South East,Aged 50+,16130
October 2016,South West,Age unknown (clerical claims),45
October 2016,South West,Aged 16-24,9000
October 2016,South West,Aged 25-49,20390
October 2016,South West,Aged 50+,10375
October 2016,Wales,Age unknown (clerical claims),45
October 2016,Wales,Aged 16-24,10845
October 2016,Wales,Aged 25-49,21210
October 2016,Wales,Aged 50+,9245
October 2016,Scotland,Age unknown (clerical claims),165
October 2016,Scotland,Aged 16-24,18045
October 2016,Scotland,Aged 25-49,40070
October 2016,Scotland,Aged 50+,17730
November 2016,North East,Age unknown (clerical claims),30
November 2016,North East,Aged 16-24,12190
November 2016,North East,Aged 25-49,25965
November 2016,North East,Aged 50+,12240
November 2016,North West,Age unknown (clerical claims),35
November 2016,North West,Aged 16-24,23685
November 2016,North West,Aged 25-49,56090
November 2016,North West,Aged 50+,22175
November 2016,Yorkshire and The Humber,Age unknown (clerical claims),25
November 2016,Yorkshire and The Humber,Aged 16-24,16955
November 2016,Yorkshire and The Humber,Aged 25-49,39025
November 2016,Yorkshire and The Humber,Aged 50+,16530
November 2016,East Midlands,Age unknown (clerical claims),15
November 2016,East Midlands,Aged 16-24,10335
November 2016,East Midlands,Aged 25-49,21895
November 2016,East Midlands,Aged 50+,9910
November 2016,West Midlands,Age unknown (clerical claims),25
November 2016,West Midlands,Aged 16-24,18705
November 2016,West Midlands,Aged 25-49,44295
November 2016,West Midlands,Aged 50+,18555
November 2016,East,Age unknown (clerical claims),5
November 2016,East,Aged 16-24,10045
November 2016,East,Aged 25-49,23735
November 2016,East,Aged 50+,11730
November 2016,London,Age unknown (clerical claims),170
November 2016,London,Aged 16-24,19095
November 2016,London,Aged 25-49,62250
November 2016,London,Aged 50+,31310
November 2016,South East,Age unknown (clerical claims),45
November 2016,South East,Aged 16-24,12565
November 2016,South East,Aged 25-49,30820
November 2016,South East,Aged 50+,16220
November 2016,South West,Age unknown (clerical claims),25
November 2016,South West,Aged 16-24,8995
November 2016,South West,Aged 25-49,20580
November 2016,South West,Aged 50+,10480
November 2016,Wales,Age unknown (clerical claims),45
November 2016,Wales,Aged 16-24,10490
November 2016,Wales,Aged 25-49,20790
November 2016,Wales,Aged 50+,9155
November 2016,Scotland,Age unknown (clerical claims),130
November 2016,Scotland,Aged 16-24,17240
November 2016,Scotland,Aged 25-49,40060
November 2016,Scotland,Aged 50+,18075
December 2016,North East,Age unknown (clerical claims),30
December 2016,North East,Aged 16-24,11850
December 2016,North East,Aged 25-49,26195
December 2016,North East,Aged 50+,12540
December 2016,North West,Age unknown (clerical claims),40
December 2016,North West,Aged 16-24,22330
December 2016,North West,Aged 25-49,55710
December 2016,North West,Aged 50+,22410
December 2016,Yorkshire and The Humber,Age unknown (clerical claims),30
December 2016,Yorkshire and The Humber,Aged 16-24,16235
December 2016,Yorkshire and The Humber,Aged 25-49,38665
December 2016,Yorkshire and The Humber,Aged 50+,16700
December 2016,East Midlands,Age unknown (clerical claims),15
December 2016,East Midlands,Aged 16-24,9700
December 2016,East Midlands,Aged 25-49,21645
December 2016,East Midlands,Aged 50+,10050
December 2016,West Midlands,Age unknown (clerical claims),20
December 2016,West Midlands,Aged 16-24,17675
December 2016,West Midlands,Aged 25-49,43775
December 2016,West Midlands,Aged 50+,18580
December 2016,East,Age unknown (clerical claims),5
December 2016,East,Aged 16-24,9640
December 2016,East,Aged 25-49,24135
December 2016,East,Aged 50+,12150
December 2016,London,Age unknown (clerical claims),165
December 2016,London,Aged 16-24,18200
December 2016,London,Aged 25-49,61545
December 2016,London,Aged 50+,31530
December 2016,South East,Age unknown (clerical claims),55
December 2016,South East,Aged 16-24,12110
December 2016,South East,Aged 25-49,30675
December 2016,South East,Aged 50+,16290
December 2016,South West,Age unknown (clerical claims),45
December 2016,South West,Aged 16-24,8700
December 2016,South West,Aged 25-49,20750
December 2016,South West,Aged 50+,10725
December 2016,Wales,Age unknown (clerical claims),40
December 2016,Wales,Aged 16-24,9920
December 2016,Wales,Aged 25-49,20525
December 2016,Wales,Aged 50+,9110
December 2016,Scotland,Age unknown (clerical claims),105
December 2016,Scotland,Aged 16-24,16415
December 2016,Scotland,Aged 25-49,39910
December 2016,Scotland,Aged 50+,18485
January 2017,North East,Age unknown (clerical claims),35
January 2017,North East,Aged 16-24,11585
January 2017,North East,Aged 25-49,27375
January 2017,North East,Aged 50+,13140
January 2017,North West,Age unknown (clerical claims),45
January 2017,North West,Aged 16-24,21560
January 2017,North West,Aged 25-49,57085
January 2017,North West,Aged 50+,23350
January 2017,Yorkshire and The Humber,Age unknown (clerical claims),35
January 2017,Yorkshire and The Humber,Aged 16-24,16335
January 2017,Yorkshire and The Humber,Aged 25-49,40740
January 2017,Yorkshire and The Humber,Aged 50+,17490
January 2017,East Midlands,Age unknown (clerical claims),15
January 2017,East Midlands,Aged 16-24,9710
January 2017,East Midlands,Aged 25-49,22915
January 2017,East Midlands,Aged 50+,10695
January 2017,West Midlands,Age unknown (clerical claims),20
January 2017,West Midlands,Aged 16-24,17325
January 2017,West Midlands,Aged 25-49,45635
January 2017,West Midlands,Aged 50+,19440
January 2017,East,Age unknown (clerical claims),10
January 2017,East,Aged 16-24,9675
January 2017,East,Aged 25-49,25355
January 2017,East,Aged 50+,12960
January 2017,London,Age unknown (clerical claims),165
January 2017,London,Aged 16-24,17290
January 2017,London,Aged 25-49,62305
January 2017,London,Aged 50+,32330
January 2017,South East,Age unknown (clerical claims),65
January 2017,South East,Aged 16-24,11780
January 2017,South East,Aged 25-49,32025
January 2017,South East,Aged 50+,17070
January 2017,South West,Age unknown (clerical claims),50
January 2017,South West,Aged 16-24,8695
January 2017,South West,Aged 25-49,21800
January 2017,South West,Aged 50+,11345
January 2017,Wales,Age unknown (clerical claims),40
January 2017,Wales,Aged 16-24,9830
January 2017,Wales,Aged 25-49,21435
January 2017,Wales,Aged 50+,9495
January 2017,Scotland,Age unknown (clerical claims),125
January 2017,Scotland,Aged 16-24,16205
January 2017,Scotland,Aged 25-49,42325
January 2017,Scotland,Aged 50+,19525
February 2017,North East,Age unknown (clerical claims),30
February 2017,North East,Aged 16-24,11845
February 2017,North East,Aged 25-49,28080
February 2017,North East,Aged 50+,13315
February 2017,North West,Age unknown (clerical claims),40
February 2017,North West,Aged 16-24,22600
February 2017,North West,Aged 25-49,59325
February 2017,North West,Aged 50+,24285
February 2017,Yorkshire and The Humber,Age unknown (clerical claims),25
February 2017,Yorkshire and The Humber,Aged 16-24,17170
February 2017,Yorkshire and The Humber,Aged 25-49,42425
February 2017,Yorkshire and The Humber,Aged 50+,18000
February 2017,East Midlands,Age unknown (clerical claims),25
February 2017,East Midlands,Aged 16-24,10325
February 2017,East Midlands,Aged 25-49,24150
February 2017,East Midlands,Aged 50+,11100
February 2017,West Midlands,Age unknown (clerical claims),15
February 2017,West Midlands,Aged 16-24,18150
February 2017,West Midlands,Aged 25-49,47270
February 2017,West Midlands,Aged 50+,20095
February 2017,East,Age unknown (clerical claims),15
February 2017,East,Aged 16-24,10295
February 2017,East,Aged 25-49,26465
February 2017,East,Aged 50+,13420
February 2017,London,Age unknown (clerical claims),95
February 2017,London,Aged 16-24,17795
February 2017,London,Aged 25-49,64270
February 2017,London,Aged 50+,33180
February 2017,South East,Age unknown (clerical claims),60
February 2017,South East,Aged 16-24,12350
February 2017,South East,Aged 25-49,33510
February 2017,South East,Aged 50+,17750
February 2017,South West,Age unknown (clerical claims),45
February 2017,South West,Aged 16-24,9240
February 2017,South West,Aged 25-49,23005
February 2017,South West,Aged 50+,11785
February 2017,Wales,Age unknown (clerical claims),40
February 2017,Wales,Aged 16-24,10400
February 2017,Wales,Aged 25-49,22165
February 2017,Wales,Aged 50+,9635
February 2017,Scotland,Age unknown (clerical claims),160
February 2017,Scotland,Aged 16-24,17350
February 2017,Scotland,Aged 25-49,44015
February 2017,Scotland,Aged 50+,20195
March 2017,North East,Age unknown (clerical claims),25
March 2017,North East,Aged 16-24,12285
March 2017,North East,Aged 25-49,28105
March 2017,North East,Aged 50+,13195
March 2017,North West,Age unknown (clerical claims),45
March 2017,North West,Aged 16-24,23765
March 2017,North West,Aged 25-49,61050
March 2017,North West,Aged 50+,24920
March 2017,Yorkshire and The Humber,Age unknown (clerical claims),30
March 2017,Yorkshire and The Humber,Aged 16-24,17855
March 2017,Yorkshire and The Humber,Aged 25-49,42990
March 2017,Yorkshire and The Humber,Aged 50+,17990
March 2017,East Midlands,Age unknown (clerical claims),15
March 2017,East Midlands,Aged 16-24,10890
March 2017,East Midlands,Aged 25-49,24740
March 2017,East Midlands,Aged 50+,11320
March 2017,West Midlands,Age unknown (clerical claims),15
March 2017,West Midlands,Aged 16-24,19035
March 2017,West Midlands,Aged 25-49,48260
March 2017,West Midlands,Aged 50+,20405
March 2017,East,Age unknown (clerical claims),10
March 2017,East,Aged 16-24,10845
March 2017,East,Aged 25-49,26740
March 2017,East,Aged 50+,13565
March 2017,London,Age unknown (clerical claims),125
March 2017,London,Aged 16-24,18455
March 2017,London,Aged 25-49,65820
March 2017,London,Aged 50+,33885
March 2017,South East,Age unknown (clerical claims),55
March 2017,South East,Aged 16-24,12935
March 2017,South East,Aged 25-49,34205
March 2017,South East,Aged 50+,18130
March 2017,South West,Age unknown (clerical claims),45
March 2017,South West,Aged 16-24,9730
March 2017,South West,Aged 25-49,23540
March 2017,South West,Aged 50+,12040
March 2017,Wales,Age unknown (clerical claims),45
March 2017,Wales,Aged 16-24,10890
March 2017,Wales,Aged 25-49,22220
March 2017,Wales,Aged 50+,9670
March 2017,Scotland,Age unknown (clerical claims),105
March 2017,Scotland,Aged 16-24,18295
March 2017,Scotland,Aged 25-49,44795
March 2017,Scotland,Aged 50+,20400
April 2017,North East,Age unknown (clerical claims),20
April 2017,North East,Aged 16-24,12320
April 2017,North East,Aged 25-49,27890
April 2017,North East,Aged 50+,13175
April 2017,North West,Age unknown (clerical claims),40
April 2017,North West,Aged 16-24,23855
April 2017,North West,Aged 25-49,62765
April 2017,North West,Aged 50+,25200
April 2017,Yorkshire and The Humber,Age unknown (clerical claims),20
April 2017,Yorkshire and The Humber,Aged 16-24,17670
April 2017,Yorkshire and The Humber,Aged 25-49,42535
April 2017,Yorkshire and The Humber,Aged 50+,18100
April 2017,East Midlands,Age unknown (clerical claims),15
April 2017,East Midlands,Aged 16-24,10795
April 2017,East Midlands,Aged 25-49,24790
April 2017,East Midlands,Aged 50+,11565
April 2017,West Midlands,Age unknown (clerical claims),15
April 2017,West Midlands,Aged 16-24,18985
April 2017,West Midlands,Aged 25-49,48835
April 2017,West Midlands,Aged 50+,20815
April 2017,East,Age unknown (clerical claims),10
April 2017,East,Aged 16-24,10660
April 2017,East,Aged 25-49,26815
April 2017,East,Aged 50+,13740
April 2017,London,Age unknown (clerical claims),125
April 2017,London,Aged 16-24,18865
April 2017,London,Aged 25-49,67185
April 2017,London,Aged 50+,34980
April 2017,South East,Age unknown (clerical claims),55
April 2017,South East,Aged 16-24,12885
April 2017,South East,Aged 25-49,34035
April 2017,South East,Aged 50+,18410
April 2017,South West,Age unknown (clerical claims),45
April 2017,South West,Aged 16-24,9650
April 2017,South West,Aged 25-49,23765
April 2017,South West,Aged 50+,12160
April 2017,Wales,Age unknown (clerical claims),50
April 2017,Wales,Aged 16-24,10630
April 2017,Wales,Aged 25-49,21880
April 2017,Wales,Aged 50+,9670
April 2017,Scotland,Age unknown (clerical claims),170
April 2017,Scotland,Aged 16-24,18165
April 2017,Scotland,Aged 25-49,44695
April 2017,Scotland,Aged 50+,20515
May 2017,North East,Age unknown (clerical claims),25
May 2017,North East,Aged 16-24,11870
May 2017,North East,Aged 25-49,27770
May 2017,North East,Aged 50+,13105
May 2017,North West,Age unknown (clerical claims),40
May 2017,North West,Aged 16-24,23240
May 2017,North West,Aged 25-49,63185
May 2017,North West,Aged 50+,25100
May 2017,Yorkshire and The Humber,Age unknown (clerical claims),25
May 2017,Yorkshire and The Humber,Aged 16-24,17025
May 2017,Yorkshire and The Humber,Aged 25-49,41830
May 2017,Yorkshire and The Humber,Aged 50+,17955
May 2017,East Midlands,Age unknown (clerical claims),10
May 2017,East Midlands,Aged 16-24,10550
May 2017,East Midlands,Aged 25-49,24530
May 2017,East Midlands,Aged 50+,11595
May 2017,West Midlands,Age unknown (clerical claims),15
May 2017,West Midlands,Aged 16-24,18350
May 2017,West Midlands,Aged 25-49,48260
May 2017,West Midlands,Aged 50+,20680
May 2017,East,Age unknown (clerical claims),10
May 2017,East,Aged 16-24,10300
May 2017,East,Aged 25-49,26425
May 2017,East,Aged 50+,13625
May 2017,London,Age unknown (clerical claims),135
May 2017,London,Aged 16-24,18725
May 2017,London,Aged 25-49,68005
May 2017,London,Aged 50+,35220
May 2017,South East,Age unknown (clerical claims),55
May 2017,South East,Aged 16-24,12410
May 2017,South East,Aged 25-49,33755
May 2017,South East,Aged 50+,18410
May 2017,South West,Age unknown (clerical claims),45
May 2017,South West,Aged 16-24,9245
May 2017,South West,Aged 25-49,23285
May 2017,South West,Aged 50+,11935
May 2017,Wales,Age unknown (clerical claims),40
May 2017,Wales,Aged 16-24,10135
May 2017,Wales,Aged 25-49,21070
May 2017,Wales,Aged 50+,9360
May 2017,Scotland,Age unknown (clerical claims),155
May 2017,Scotland,Aged 16-24,17610
May 2017,Scotland,Aged 25-49,44050
May 2017,Scotland,Aged 50+,20210
June 2017,North East,Age unknown (clerical claims),20
June 2017,North East,Aged 16-24,11710
June 2017,North East,Aged 25-49,27500
June 2017,North East,Aged 50+,13025
June 2017,North West,Age unknown (clerical claims),40
June 2017,North West,Aged 16-24,22705
June 2017,North West,Aged 25-49,62595
June 2017,North West,Aged 50+,25015
June 2017,Yorkshire and The Humber,Age unknown (clerical claims),25
June 2017,Yorkshire and The Humber,Aged 16-24,16580
June 2017,Yorkshire and The Humber,Aged 25-49,41170
June 2017,Yorkshire and The Humber,Aged 50+,17660
June 2017,East Midlands,Age unknown (clerical claims),10
June 2017,East Midlands,Aged 16-24,10425
June 2017,East Midlands,Aged 25-49,24530
June 2017,East Midlands,Aged 50+,11530
June 2017,West Midlands,Age unknown (clerical claims),15
June 2017,West Midlands,Aged 16-24,17965
June 2017,West Midlands,Aged 25-49,47700
June 2017,West Midlands,Aged 50+,20415
June 2017,East,Age unknown (clerical claims),10
June 2017,East,Aged 16-24,9980
June 2017,East,Aged 25-49,25880
June 2017,East,Aged 50+,13500
June 2017,London,Age unknown (clerical claims),120
June 2017,London,Aged 16-24,18525
June 2017,London,Aged 25-49,67635
June 2017,London,Aged 50+,35485
June 2017,South East,Age unknown (clerical claims),55
June 2017,South East,Aged 16-24,12075
June 2017,South East,Aged 25-49,33305
June 2017,South East,Aged 50+,18270
June 2017,South West,Age unknown (clerical claims),45
June 2017,South West,Aged 16-24,8865
June 2017,South West,Aged 25-49,22635
June 2017,South West,Aged 50+,11695
June 2017,Wales,Age unknown (clerical claims),30
June 2017,Wales,Aged 16-24,9740
June 2017,Wales,Aged 25-49,20545
June 2017,Wales,Aged 50+,9115
June 2017,Scotland,Age unknown (clerical claims),150
June 2017,Scotland,Aged 16-24,17355
June 2017,Scotland,Aged 25-49,43760
June 2017,Scotland,Aged 50+,19925
July 2017,North East,Age unknown (clerical claims),25
July 2017,North East,Aged 16-24,11655
July 2017,North East,Aged 25-49,27190
July 2017,North East,Aged 50+,12980
July 2017,North West,Age unknown (clerical claims),35
July 2017,North West,Aged 16-24,22515
July 2017,North West,Aged 25-49,62010
July 2017,North West,Aged 50+,24865
July 2017,Yorkshire and The Humber,Age unknown (clerical claims),25
July 2017,Yorkshire and The Humber,Aged 16-24,16490
July 2017,Yorkshire and The Humber,Aged 25-49,40545
July 2017,Yorkshire and The Humber,Aged 50+,17440
July 2017,East Midlands,Age unknown (clerical claims),10
July 2017,East Midlands,Aged 16-24,10450
July 2017,East Midlands,Aged 25-49,24415
July 2017,East Midlands,Aged 50+,11580
July 2017,West Midlands,Age unknown (clerical claims),15
July 2017,West Midlands,Aged 16-24,17735
July 2017,West Midlands,Aged 25-49,47040
July 2017,West Midlands,Aged 50+,20220
July 2017,East,Age unknown (clerical claims),5
July 2017,East,Aged 16-24,9800
July 2017,East,Aged 25-49,25500
July 2017,East,Aged 50+,13385
July 2017,London,Age unknown (clerical claims),100
July 2017,London,Aged 16-24,18450
July 2017,London,Aged 25-49,67075
July 2017,London,Aged 50+,35385
July 2017,South East,Age unknown (clerical claims),35
July 2017,South East,Aged 16-24,12015
July 2017,South East,Aged 25-49,33295
July 2017,South East,Aged 50+,18425
July 2017,South West,Age unknown (clerical claims),45
July 2017,South West,Aged 16-24,8845
July 2017,South West,Aged 25-49,22425
July 2017,South West,Aged 50+,11460
July 2017,Wales,Age unknown (clerical claims),45
July 2017,Wales,Aged 16-24,9630
July 2017,Wales,Aged 25-49,20070
July 2017,Wales,Aged 50+,9040
July 2017,Scotland,Age unknown (clerical claims),180
July 2017,Scotland,Aged 16-24,18110
July 2017,Scotland,Aged 25-49,44395
July 2017,Scotland,Aged 50+,19560
August 2017,North East,Age unknown (clerical claims),20
August 2017,North East,Aged 16-24,11890
August 2017,North East,Aged 25-49,27550
August 2017,North East,Aged 50+,13115
August 2017,North West,Age unknown (clerical claims),30
August 2017,North West,Aged 16-24,22880
August 2017,North West,Aged 25-49,62250
August 2017,North West,Aged 50+,25085
August 2017,Yorkshire and The Humber,Age unknown (clerical claims),20
August 2017,Yorkshire and The Humber,Aged 16-24,16615
August 2017,Yorkshire and The Humber,Aged 25-49,40525
August 2017,Yorkshire and The Humber,Aged 50+,17700
August 2017,East Midlands,Age unknown (clerical claims),10
August 2017,East Midlands,Aged 16-24,10535
August 2017,East Midlands,Aged 25-49,24495
August 2017,East Midlands,Aged 50+,11690
August 2017,West Midlands,Age unknown (clerical claims),15
August 2017,West Midlands,Aged 16-24,18070
August 2017,West Midlands,Aged 25-49,46735
August 2017,West Midlands,Aged 50+,20450
August 2017,East,Age unknown (clerical claims),5
August 2017,East,Aged 16-24,9820
August 2017,East,Aged 25-49,25335
August 2017,East,Aged 50+,13290
August 2017,London,Age unknown (clerical claims),110
August 2017,London,Aged 16-24,18665
August 2017,London,Aged 25-49,66700
August 2017,London,Aged 50+,35390
August 2017,South East,Age unknown (clerical claims),30
August 2017,South East,Aged 16-24,12335
August 2017,South East,Aged 25-49,33170
August 2017,South East,Aged 50+,18560
August 2017,South West,Age unknown (clerical claims),45
August 2017,South West,Aged 16-24,8925
August 2017,South West,Aged 25-49,22325
August 2017,South West,Aged 50+,11380
August 2017,Wales,Age unknown (clerical claims),55
August 2017,Wales,Aged 16-24,9715
August 2017,Wales,Aged 25-49,19965
August 2017,Wales,Aged 50+,9010
August 2017,Scotland,Age unknown (clerical claims),180
August 2017,Scotland,Aged 16-24,18325
August 2017,Scotland,Aged 25-49,44150
August 2017,Scotland,Aged 50+,19495
September 2017,North East,Age unknown (clerical claims),20
September 2017,North East,Aged 16-24,12080
September 2017,North East,Aged 25-49,27445
September 2017,North East,Aged 50+,13075
September 2017,North West,Age unknown (clerical claims),25
September 2017,North West,Aged 16-24,23160
September 2017,North West,Aged 25-49,62175
September 2017,North West,Aged 50+,24925
September 2017,Yorkshire and The Humber,Age unknown (clerical claims),25
September 2017,Yorkshire and The Humber,Aged 16-24,16805
September 2017,Yorkshire and The Humber,Aged 25-49,39995
September 2017,Yorkshire and The Humber,Aged 50+,17555
September 2017,East Midlands,Age unknown (clerical claims),15
September 2017,East Midlands,Aged 16-24,10540
September 2017,East Midlands,Aged 25-49,24350
September 2017,East Midlands,Aged 50+,11670
September 2017,West Midlands,Age unknown (clerical claims),15
September 2017,West Midlands,Aged 16-24,18320
September 2017,West Midlands,Aged 25-49,46600
September 2017,West Midlands,Aged 50+,20400
September 2017,East,Age unknown (clerical claims),10
September 2017,East,Aged 16-24,9800
September 2017,East,Aged 25-49,24995
September 2017,East,Aged 50+,13115
September 2017,London,Age unknown (clerical claims),125
September 2017,London,Aged 16-24,18915
September 2017,London,Aged 25-49,66485
September 2017,London,Aged 50+,35255
September 2017,South East,Age unknown (clerical claims),35
September 2017,South East,Aged 16-24,12490
September 2017,South East,Aged 25-49,33060
September 2017,South East,Aged 50+,18480
September 2017,South West,Age unknown (clerical claims),45
September 2017,South West,Aged 16-24,9010
September 2017,South West,Aged 25-49,22450
September 2017,South West,Aged 50+,11360
September 2017,Wales,Age unknown (clerical claims),40
September 2017,Wales,Aged 16-24,9615
September 2017,Wales,Aged 25-49,19435
September 2017,Wales,Aged 50+,8815
September 2017,Scotland,Age unknown (clerical claims),130
September 2017,Scotland,Aged 16-24,17405
September 2017,Scotland,Aged 25-49,41625
September 2017,Scotland,Aged 50+,18995
October 2017,North East,Age unknown (clerical claims),20
October 2017,North East,Aged 16-24,12050
October 2017,North East,Aged 25-49,27255
October 2017,North East,Aged 50+,13230
October 2017,North West,Age unknown (clerical claims),25
October 2017,North West,Aged 16-24,22735
October 2017,North West,Aged 25-49,61625
October 2017,North West,Aged 50+,24990
October 2017,Yorkshire and The Humber,Age unknown (clerical claims),20
October 2017,Yorkshire and The Humber,Aged 16-24,16700
October 2017,Yorkshire and The Humber,Aged 25-49,39820
October 2017,Yorkshire and The Humber,Aged 50+,17690
October 2017,East Midlands,Age unknown (clerical claims),10
October 2017,East Midlands,Aged 16-24,10320
October 2017,East Midlands,Aged 25-49,23975
October 2017,East Midlands,Aged 50+,11590
October 2017,West Midlands,Age unknown (clerical claims),15
October 2017,West Midlands,Aged 16-24,18140
October 2017,West Midlands,Aged 25-49,45825
October 2017,West Midlands,Aged 50+,20305
October 2017,East,Age unknown (clerical claims),15
October 2017,East,Aged 16-24,9830
October 2017,East,Aged 25-49,25035
October 2017,East,Aged 50+,13340
October 2017,London,Age unknown (clerical claims),135
October 2017,London,Aged 16-24,18980
October 2017,London,Aged 25-49,66270
October 2017,London,Aged 50+,35540
October 2017,South East,Age unknown (clerical claims),45
October 2017,South East,Aged 16-24,12610
October 2017,South East,Aged 25-49,33385
October 2017,South East,Aged 50+,18825
October 2017,South West,Age unknown (clerical claims),50
October 2017,South West,Aged 16-24,9095
October 2017,South West,Aged 25-49,22470
October 2017,South West,Aged 50+,11455
October 2017,Wales,Age unknown (clerical claims),25
October 2017,Wales,Aged 16-24,9495
October 2017,Wales,Aged 25-49,19030
October 2017,Wales,Aged 50+,8745
October 2017,Scotland,Age unknown (clerical claims),170
October 2017,Scotland,Aged 16-24,16540
October 2017,Scotland,Aged 25-49,40820
October 2017,Scotland,Aged 50+,19115
November 2017,North East,Age unknown (clerical claims),25
November 2017,North East,Aged 16-24,11955
November 2017,North East,Aged 25-49,27500
November 2017,North East,Aged 50+,13485
November 2017,North West,Age unknown (clerical claims),25
November 2017,North West,Aged 16-24,22275
November 2017,North West,Aged 25-49,60925
November 2017,North West,Aged 50+,25035
November 2017,Yorkshire and The Humber,Age unknown (clerical claims),20
November 2017,Yorkshire and The Humber,Aged 16-24,16315
November 2017,Yorkshire and The Humber,Aged 25-49,39695
November 2017,Yorkshire and The Humber,Aged 50+,17850
November 2017,East Midlands,Age unknown (clerical claims),10
November 2017,East Midlands,Aged 16-24,10080
November 2017,East Midlands,Aged 25-49,23865
November 2017,East Midlands,Aged 50+,11780
November 2017,West Midlands,Age unknown (clerical claims),10
November 2017,West Midlands,Aged 16-24,17745
November 2017,West Midlands,Aged 25-49,45475
November 2017,West Midlands,Aged 50+,20345
November 2017,East,Age unknown (clerical claims),10
November 2017,East,Aged 16-24,9835
November 2017,East,Aged 25-49,24985
November 2017,East,Aged 50+,13540
November 2017,London,Age unknown (clerical claims),155
November 2017,London,Aged 16-24,18445
November 2017,London,Aged 25-49,65725
November 2017,London,Aged 50+,35565
November 2017,South East,Age unknown (clerical claims),45
November 2017,South East,Aged 16-24,12485
November 2017,South East,Aged 25-49,33465
November 2017,South East,Aged 50+,18980
November 2017,South West,Age unknown (clerical claims),50
November 2017,South West,Aged 16-24,9085
November 2017,South West,Aged 25-49,22735
November 2017,South West,Aged 50+,11740
November 2017,Wales,Age unknown (clerical claims),25
November 2017,Wales,Aged 16-24,9330
November 2017,Wales,Aged 25-49,18960
November 2017,Wales,Aged 50+,8840
November 2017,Scotland,Age unknown (clerical claims),130
November 2017,Scotland,Aged 16-24,16045
November 2017,Scotland,Aged 25-49,41170
November 2017,Scotland,Aged 50+,19660
December 2017,North East,Age unknown (clerical claims),25
December 2017,North East,Aged 16-24,11770
December 2017,North East,Aged 25-49,28180
December 2017,North East,Aged 50+,13940
December 2017,North West,Age unknown (clerical claims),25
December 2017,North West,Aged 16-24,21470
December 2017,North West,Aged 25-49,61550
December 2017,North West,Aged 50+,25815
December 2017,Yorkshire and The Humber,Age unknown (clerical claims),20
December 2017,Yorkshire and The Humber,Aged 16-24,15910
December 2017,Yorkshire and The Humber,Aged 25-49,40800
December 2017,Yorkshire and The Humber,Aged 50+,18560
December 2017,East Midlands,Age unknown (clerical claims),15
December 2017,East Midlands,Aged 16-24,9840
December 2017,East Midlands,Aged 25-49,24220
December 2017,East Midlands,Aged 50+,12040
December 2017,West Midlands,Age unknown (clerical claims),10
December 2017,West Midlands,Aged 16-24,17270
December 2017,West Midlands,Aged 25-49,45995
December 2017,West Midlands,Aged 50+,21145
December 2017,East,Age unknown (clerical claims),10
December 2017,East,Aged 16-24,9640
December 2017,East,Aged 25-49,25555
December 2017,East,Aged 50+,14070
December 2017,London,Age unknown (clerical claims),175
December 2017,London,Aged 16-24,17635
December 2017,London,Aged 25-49,65530
December 2017,London,Aged 50+,36125
December 2017,South East,Age unknown (clerical claims),40
December 2017,South East,Aged 16-24,12335
December 2017,South East,Aged 25-49,34315
December 2017,South East,Aged 50+,19475
December 2017,South West,Age unknown (clerical claims),45
December 2017,South West,Aged 16-24,9135
December 2017,South West,Aged 25-49,23345
December 2017,South West,Aged 50+,12115
December 2017,Wales,Age unknown (clerical claims),20
December 2017,Wales,Aged 16-24,9010
December 2017,Wales,Aged 25-49,19405
December 2017,Wales,Aged 50+,9270
December 2017,Scotland,Age unknown (clerical claims),175
December 2017,Scotland,Aged 16-24,15875
December 2017,Scotland,Aged 25-49,42330
December 2017,Scotland,Aged 50+,20655
January 2018,North East,Age unknown (clerical claims),25
January 2018,North East,Aged 16-24,11875
January 2018,North East,Aged 25-49,29450
January 2018,North East,Aged 50+,14450
January 2018,North West,Age unknown (clerical claims),25
January 2018,North West,Aged 16-24,21895
January 2018,North West,Aged 25-49,63775
January 2018,North West,Aged 50+,26785
January 2018,Yorkshire and The Humber,Age unknown (clerical claims),15
January 2018,Yorkshire and The Humber,Aged 16-24,16135
January 2018,Yorkshire and The Humber,Aged 25-49,42645
January 2018,Yorkshire and The Humber,Aged 50+,19300
January 2018,East Midlands,Age unknown (clerical claims),20
January 2018,East Midlands,Aged 16-24,10185
January 2018,East Midlands,Aged 25-49,25550
January 2018,East Midlands,Aged 50+,12525
January 2018,West Midlands,Age unknown (clerical claims),5
January 2018,West Midlands,Aged 16-24,17510
January 2018,West Midlands,Aged 25-49,48020
January 2018,West Midlands,Aged 50+,22120
January 2018,East,Age unknown (clerical claims),15
January 2018,East,Aged 16-24,9870
January 2018,East,Aged 25-49,26980
January 2018,East,Aged 50+,14590
January 2018,London,Age unknown (clerical claims),155
January 2018,London,Aged 16-24,17555
January 2018,London,Aged 25-49,66500
January 2018,London,Aged 50+,36680
January 2018,South East,Age unknown (clerical claims),50
January 2018,South East,Aged 16-24,12820
January 2018,South East,Aged 25-49,35985
January 2018,South East,Aged 50+,20310
January 2018,South West,Age unknown (clerical claims),50
January 2018,South West,Aged 16-24,9470
January 2018,South West,Aged 25-49,24425
January 2018,South West,Aged 50+,12715
January 2018,Wales,Age unknown (clerical claims),30
January 2018,Wales,Aged 16-24,9175
January 2018,Wales,Aged 25-49,20570
January 2018,Wales,Aged 50+,9735
January 2018,Scotland,Age unknown (clerical claims),215
January 2018,Scotland,Aged 16-24,16230
January 2018,Scotland,Aged 25-49,44350
January 2018,Scotland,Aged 50+,21525
February 2018,North East,Age unknown (clerical claims),20
February 2018,North East,Aged 16-24,12620
February 2018,North East,Aged 25-49,30615
February 2018,North East,Aged 50+,14870
February 2018,North West,Age unknown (clerical claims),35
February 2018,North West,Aged 16-24,23570
February 2018,North West,Aged 25-49,67510
February 2018,North West,Aged 50+,28060
February 2018,Yorkshire and The Humber,Age unknown (clerical claims),20
February 2018,Yorkshire and The Humber,Aged 16-24,17285
February 2018,Yorkshire and The Humber,Aged 25-49,45060
February 2018,Yorkshire and The Humber,Aged 50+,20200
February 2018,East Midlands,Age unknown (clerical claims),15
February 2018,East Midlands,Aged 16-24,11090
February 2018,East Midlands,Aged 25-49,27095
February 2018,East Midlands,Aged 50+,13095
February 2018,West Midlands,Age unknown (clerical claims),5
February 2018,West Midlands,Aged 16-24,18670
February 2018,West Midlands,Aged 25-49,50610
February 2018,West Midlands,Aged 50+,23185
February 2018,East,Age unknown (clerical claims),10
February 2018,East,Aged 16-24,10730
February 2018,East,Aged 25-49,28555
February 2018,East,Aged 50+,15370
February 2018,London,Age unknown (clerical claims),210
February 2018,London,Aged 16-24,18395
February 2018,London,Aged 25-49,69800
February 2018,London,Aged 50+,37525
February 2018,South East,Age unknown (clerical claims),65
February 2018,South East,Aged 16-24,13780
February 2018,South East,Aged 25-49,37930
February 2018,South East,Aged 50+,21385
February 2018,South West,Age unknown (clerical claims),65
February 2018,South West,Aged 16-24,10055
February 2018,South West,Aged 25-49,26040
February 2018,South West,Aged 50+,13415
February 2018,Wales,Age unknown (clerical claims),50
February 2018,Wales,Aged 16-24,10035
February 2018,Wales,Aged 25-49,21820
February 2018,Wales,Aged 50+,10245
February 2018,Scotland,Age unknown (clerical claims),235
February 2018,Scotland,Aged 16-24,17410
February 2018,Scotland,Aged 25-49,46670
February 2018,Scotland,Aged 50+,22380
March 2018,North East,Age unknown (clerical claims),20
March 2018,North East,Aged 16-24,13025
March 2018,North East,Aged 25-49,31380
March 2018,North East,Aged 50+,15015
March 2018,North West,Age unknown (clerical claims),40
March 2018,North West,Aged 16-24,24310
March 2018,North West,Aged 25-49,69060
March 2018,North West,Aged 50+,28545
March 2018,Yorkshire and The Humber,Age unknown (clerical claims),15
March 2018,Yorkshire and The Humber,Aged 16-24,17950
March 2018,Yorkshire and The Humber,Aged 25-49,45975
March 2018,Yorkshire and The Humber,Aged 50+,20845
March 2018,East Midlands,Age unknown (clerical claims),10
March 2018,East Midlands,Aged 16-24,11330
March 2018,East Midlands,Aged 25-49,27685
March 2018,East Midlands,Aged 50+,13385
March 2018,West Midlands,Age unknown (clerical claims),5
March 2018,West Midlands,Aged 16-24,19360
March 2018,West Midlands,Aged 25-49,52050
March 2018,West Midlands,Aged 50+,23785
March 2018,East,Age unknown (clerical claims),10
March 2018,East,Aged 16-24,11115
March 2018,East,Aged 25-49,29580
March 2018,East,Aged 50+,15865
March 2018,London,Age unknown (clerical claims),165
March 2018,London,Aged 16-24,18915
March 2018,London,Aged 25-49,70380
March 2018,London,Aged 50+,37930
March 2018,South East,Age unknown (clerical claims),60
March 2018,South East,Aged 16-24,14170
March 2018,South East,Aged 25-49,38330
March 2018,South East,Aged 50+,21645
March 2018,South West,Age unknown (clerical claims),55
March 2018,South West,Aged 16-24,10355
March 2018,South West,Aged 25-49,26680
March 2018,South West,Aged 50+,13715
March 2018,Wales,Age unknown (clerical claims),20
March 2018,Wales,Aged 16-24,10130
March 2018,Wales,Aged 25-49,22210
March 2018,Wales,Aged 50+,10490
March 2018,Scotland,Age unknown (clerical claims),140
March 2018,Scotland,Aged 16-24,18200
March 2018,Scotland,Aged 25-49,47825
March 2018,Scotland,Aged 50+,22750
April 2018,North East,Age unknown (clerical claims),20
April 2018,North East,Aged 16-24,13140
April 2018,North East,Aged 25-49,32290
April 2018,North East,Aged 50+,15370
April 2018,North West,Age unknown (clerical claims),35
April 2018,North West,Aged 16-24,24805
April 2018,North West,Aged 25-49,72490
April 2018,North West,Aged 50+,29730
April 2018,Yorkshire and The Humber,Age unknown (clerical claims),20
April 2018,Yorkshire and The Humber,Aged 16-24,18235
April 2018,Yorkshire and The Humber,Aged 25-49,47970
April 2018,Yorkshire and The Humber,Aged 50+,21500
April 2018,East Midlands,Age unknown (clerical claims),10
April 2018,East Midlands,Aged 16-24,11510
April 2018,East Midlands,Aged 25-49,28605
April 2018,East Midlands,Aged 50+,13745
April 2018,West Midlands,Age unknown (clerical claims),0
April 2018,West Midlands,Aged 16-24,19890
April 2018,West Midlands,Aged 25-49,54450
April 2018,West Midlands,Aged 50+,24820
April 2018,East,Age unknown (clerical claims),5
April 2018,East,Aged 16-24,11620
April 2018,East,Aged 25-49,31675
April 2018,East,Aged 50+,16780
April 2018,London,Age unknown (clerical claims),165
April 2018,London,Aged 16-24,18930
April 2018,London,Aged 25-49,73125
April 2018,London,Aged 50+,38990
April 2018,South East,Age unknown (clerical claims),55
April 2018,South East,Aged 16-24,14335
April 2018,South East,Aged 25-49,40190
April 2018,South East,Aged 50+,22280
April 2018,South West,Age unknown (clerical claims),60
April 2018,South West,Aged 16-24,10650
April 2018,South West,Aged 25-49,29245
April 2018,South West,Aged 50+,14505
April 2018,Wales,Age unknown (clerical claims),25
April 2018,Wales,Aged 16-24,10165
April 2018,Wales,Aged 25-49,23180
April 2018,Wales,Aged 50+,10900
April 2018,Scotland,Age unknown (clerical claims),145
April 2018,Scotland,Aged 16-24,18655
April 2018,Scotland,Aged 25-49,49775
April 2018,Scotland,Aged 50+,23540
May 2018,North East,Age unknown (clerical claims),25
May 2018,North East,Aged 16-24,12720
May 2018,North East,Aged 25-49,31460
May 2018,North East,Aged 50+,15110
May 2018,North West,Age unknown (clerical claims),30
May 2018,North West,Aged 16-24,24260
May 2018,North West,Aged 25-49,70215
May 2018,North West,Aged 50+,29510
May 2018,Yorkshire and The Humber,Age unknown (clerical claims),15
May 2018,Yorkshire and The Humber,Aged 16-24,17795
May 2018,Yorkshire and The Humber,Aged 25-49,46615
May 2018,Yorkshire and The Humber,Aged 50+,21155
May 2018,East Midlands,Age unknown (clerical claims),10
May 2018,East Midlands,Aged 16-24,11155
May 2018,East Midlands,Aged 25-49,28145
May 2018,East Midlands,Aged 50+,13620
May 2018,West Midlands,Age unknown (clerical claims),5
May 2018,West Midlands,Aged 16-24,19805
May 2018,West Midlands,Aged 25-49,54530
May 2018,West Midlands,Aged 50+,25130
May 2018,East,Age unknown (clerical claims),10
May 2018,East,Aged 16-24,11175
May 2018,East,Aged 25-49,30630
May 2018,East,Aged 50+,16545
May 2018,London,Age unknown (clerical claims),175
May 2018,London,Aged 16-24,18655
May 2018,London,Aged 25-49,70890
May 2018,London,Aged 50+,38765
May 2018,South East,Age unknown (clerical claims),55
May 2018,South East,Aged 16-24,13760
May 2018,South East,Aged 25-49,38890
May 2018,South East,Aged 50+,22155
May 2018,South West,Age unknown (clerical claims),60
May 2018,South West,Aged 16-24,10035
May 2018,South West,Aged 25-49,27525
May 2018,South West,Aged 50+,14195
May 2018,Wales,Age unknown (clerical claims),25
May 2018,Wales,Aged 16-24,9790
May 2018,Wales,Aged 25-49,22645
May 2018,Wales,Aged 50+,10740
May 2018,Scotland,Age unknown (clerical claims),145
May 2018,Scotland,Aged 16-24,18180
May 2018,Scotland,Aged 25-49,48360
May 2018,Scotland,Aged 50+,23220
June 2018,North East,Age unknown (clerical claims),20
June 2018,North East,Aged 16-24,12265
June 2018,North East,Aged 25-49,30945
June 2018,North East,Aged 50+,14835
June 2018,North West,Age unknown (clerical claims),35
June 2018,North West,Aged 16-24,23835
June 2018,North West,Aged 25-49,70315
June 2018,North West,Aged 50+,29710
June 2018,Yorkshire and The Humber,Age unknown (clerical claims),20
June 2018,Yorkshire and The Humber,Aged 16-24,17175
June 2018,Yorkshire and The Humber,Aged 25-49,46005
June 2018,Yorkshire and The Humber,Aged 50+,20820
June 2018,East Midlands,Age unknown (clerical claims),15
June 2018,East Midlands,Aged 16-24,10685
June 2018,East Midlands,Aged 25-49,27655
June 2018,East Midlands,Aged 50+,13370
June 2018,West Midlands,Age unknown (clerical claims),35
June 2018,West Midlands,Aged 16-24,19470
June 2018,West Midlands,Aged 25-49,54685
June 2018,West Midlands,Aged 50+,25360
June 2018,East,Age unknown (clerical claims),10
June 2018,East,Aged 16-24,10860
June 2018,East,Aged 25-49,30405
June 2018,East,Aged 50+,16555
June 2018,London,Age unknown (clerical claims),70
June 2018,London,Aged 16-24,18270
June 2018,London,Aged 25-49,70530
June 2018,London,Aged 50+,39115
June 2018,South East,Age unknown (clerical claims),50
June 2018,South East,Aged 16-24,13285
June 2018,South East,Aged 25-49,38345
June 2018,South East,Aged 50+,21835
June 2018,South West,Age unknown (clerical claims),65
June 2018,South West,Aged 16-24,9845
June 2018,South West,Aged 25-49,27285
June 2018,South West,Aged 50+,14140
June 2018,Wales,Age unknown (clerical claims),10
June 2018,Wales,Aged 16-24,9650
June 2018,Wales,Aged 25-49,22725
June 2018,Wales,Aged 50+,10800
June 2018,Scotland,Age unknown (clerical claims),150
June 2018,Scotland,Aged 16-24,18325
June 2018,Scotland,Aged 25-49,48960
June 2018,Scotland,Aged 50+,23420
July 2018,North East,Age unknown (clerical claims),20
July 2018,North East,Aged 16-24,12145
July 2018,North East,Aged 25-49,30795
July 2018,North East,Aged 50+,14770
July 2018,North West,Age unknown (clerical claims),30
July 2018,North West,Aged 16-24,23715
July 2018,North West,Aged 25-49,70395
July 2018,North West,Aged 50+,29895
July 2018,Yorkshire and The Humber,Age unknown (clerical claims),20
July 2018,Yorkshire and The Humber,Aged 16-24,16930
July 2018,Yorkshire and The Humber,Aged 25-49,45590
July 2018,Yorkshire and The Humber,Aged 50+,20785
July 2018,East Midlands,Age unknown (clerical claims),10
July 2018,East Midlands,Aged 16-24,10560
July 2018,East Midlands,Aged 25-49,27430
July 2018,East Midlands,Aged 50+,13250
July 2018,West Midlands,Age unknown (clerical claims),65
July 2018,West Midlands,Aged 16-24,19555
July 2018,West Midlands,Aged 25-49,55045
July 2018,West Midlands,Aged 50+,25645
July 2018,East,Age unknown (clerical claims),15
July 2018,East,Aged 16-24,10970
July 2018,East,Aged 25-49,30535
July 2018,East,Aged 50+,16610
July 2018,London,Age unknown (clerical claims),40
July 2018,London,Aged 16-24,18305
July 2018,London,Aged 25-49,70455
July 2018,London,Aged 50+,38980
July 2018,South East,Age unknown (clerical claims),55
July 2018,South East,Aged 16-24,13380
July 2018,South East,Aged 25-49,38705
July 2018,South East,Aged 50+,21780
July 2018,South West,Age unknown (clerical claims),60
July 2018,South West,Aged 16-24,9900
July 2018,South West,Aged 25-49,27695
July 2018,South West,Aged 50+,14310
July 2018,Wales,Age unknown (clerical claims),15
July 2018,Wales,Aged 16-24,9575
July 2018,Wales,Aged 25-49,23040
July 2018,Wales,Aged 50+,10860
July 2018,Scotland,Age unknown (clerical claims),190
July 2018,Scotland,Aged 16-24,19190
July 2018,Scotland,Aged 25-49,50025
July 2018,Scotland,Aged 50+,23375
August 2018,North East,Age unknown (clerical claims),25
August 2018,North East,Aged 16-24,12315
August 2018,North East,Aged 25-49,31285
August 2018,North East,Aged 50+,15015
August 2018,North West,Age unknown (clerical claims),25
August 2018,North West,Aged 16-24,24295
August 2018,North West,Aged 25-49,71335
August 2018,North West,Aged 50+,30435
August 2018,Yorkshire and The Humber,Age unknown (clerical claims),20
August 2018,Yorkshire and The Humber,Aged 16-24,17210
August 2018,Yorkshire and The Humber,Aged 25-49,46375
August 2018,Yorkshire and The Humber,Aged 50+,21120
August 2018,East Midlands,Age unknown (clerical claims),10
August 2018,East Midlands,Aged 16-24,10685
August 2018,East Midlands,Aged 25-49,27645
August 2018,East Midlands,Aged 50+,13540
August 2018,West Midlands,Age unknown (clerical claims),100
August 2018,West Midlands,Aged 16-24,19805
August 2018,West Midlands,Aged 25-49,55670
August 2018,West Midlands,Aged 50+,26145
August 2018,East,Age unknown (clerical claims),5
August 2018,East,Aged 16-24,11000
August 2018,East,Aged 25-49,30975
August 2018,East,Aged 50+,16925
August 2018,London,Age unknown (clerical claims),30
August 2018,London,Aged 16-24,18695
August 2018,London,Aged 25-49,70925
August 2018,London,Aged 50+,39275
August 2018,South East,Age unknown (clerical claims),50
August 2018,South East,Aged 16-24,13685
August 2018,South East,Aged 25-49,39510
August 2018,South East,Aged 50+,22295
August 2018,South West,Age unknown (clerical claims),65
August 2018,South West,Aged 16-24,10155
August 2018,South West,Aged 25-49,28450
August 2018,South West,Aged 50+,14550
August 2018,Wales,Age unknown (clerical claims),10
August 2018,Wales,Aged 16-24,9715
August 2018,Wales,Aged 25-49,23385
August 2018,Wales,Aged 50+,10935
August 2018,Scotland,Age unknown (clerical claims),200
August 2018,Scotland,Aged 16-24,19535
August 2018,Scotland,Aged 25-49,50730
August 2018,Scotland,Aged 50+,23755
September 2018,North East,Age unknown (clerical claims),25
September 2018,North East,Aged 16-24,12850
September 2018,North East,Aged 25-49,31985
September 2018,North East,Aged 50+,15380
September 2018,North West,Age unknown (clerical claims),45
September 2018,North West,Aged 16-24,24605
September 2018,North West,Aged 25-49,72095
September 2018,North West,Aged 50+,30630
September 2018,Yorkshire and The Humber,Age unknown (clerical claims),15
September 2018,Yorkshire and The Humber,Aged 16-24,17625
September 2018,Yorkshire and The Humber,Aged 25-49,46880
September 2018,Yorkshire and The Humber,Aged 50+,21245
September 2018,East Midlands,Age unknown (clerical claims),5
September 2018,East Midlands,Aged 16-24,10940
September 2018,East Midlands,Aged 25-49,27635
September 2018,East Midlands,Aged 50+,13575
September 2018,West Midlands,Age unknown (clerical claims),75
September 2018,West Midlands,Aged 16-24,20220
September 2018,West Midlands,Aged 25-49,56185
September 2018,West Midlands,Aged 50+,26450
September 2018,East,Age unknown (clerical claims),15
September 2018,East,Aged 16-24,11215
September 2018,East,Aged 25-49,31480
September 2018,East,Aged 50+,16985
September 2018,London,Age unknown (clerical claims),40
September 2018,London,Aged 16-24,19615
September 2018,London,Aged 25-49,72740
September 2018,London,Aged 50+,40100
September 2018,South East,Age unknown (clerical claims),40
September 2018,South East,Aged 16-24,14190
September 2018,South East,Aged 25-49,40595
September 2018,South East,Aged 50+,22530
September 2018,South West,Age unknown (clerical claims),65
September 2018,South West,Aged 16-24,10270
September 2018,South West,Aged 25-49,28895
September 2018,South West,Aged 50+,14650
September 2018,Wales,Age unknown (clerical claims),10
September 2018,Wales,Aged 16-24,9835
September 2018,Wales,Aged 25-49,23690
September 2018,Wales,Aged 50+,10900
September 2018,Scotland,Age unknown (clerical claims),105
September 2018,Scotland,Aged 16-24,18300
September 2018,Scotland,Aged 25-49,49835
September 2018,Scotland,Aged 50+,23730
October 2018,North East,Age unknown (clerical claims),20
October 2018,North East,Aged 16-24,13380
October 2018,North East,Aged 25-49,32670
October 2018,North East,Aged 50+,15685
October 2018,North West,Age unknown (clerical claims),40
October 2018,North West,Aged 16-24,25220
October 2018,North West,Aged 25-49,72875
October 2018,North West,Aged 50+,31320
October 2018,Yorkshire and The Humber,Age unknown (clerical claims),15
October 2018,Yorkshire and The Humber,Aged 16-24,17840
October 2018,Yorkshire and The Humber,Aged 25-49,47355
October 2018,Yorkshire and The Humber,Aged 50+,21480
October 2018,East Midlands,Age unknown (clerical claims),5
October 2018,East Midlands,Aged 16-24,11105
October 2018,East Midlands,Aged 25-49,28070
October 2018,East Midlands,Aged 50+,13765
October 2018,West Midlands,Age unknown (clerical claims),50
October 2018,West Midlands,Aged 16-24,20610
October 2018,West Midlands,Aged 25-49,56615
October 2018,West Midlands,Aged 50+,26885
October 2018,East,Age unknown (clerical claims),15
October 2018,East,Aged 16-24,11645
October 2018,East,Aged 25-49,32160
October 2018,East,Aged 50+,17235
October 2018,London,Age unknown (clerical claims),45
October 2018,London,Aged 16-24,20170
October 2018,London,Aged 25-49,74080
October 2018,London,Aged 50+,40655
October 2018,South East,Age unknown (clerical claims),35
October 2018,South East,Aged 16-24,14765
October 2018,South East,Aged 25-49,41670
October 2018,South East,Aged 50+,22935
October 2018,South West,Age unknown (clerical claims),70
October 2018,South West,Aged 16-24,10635
October 2018,South West,Aged 25-49,29675
October 2018,South West,Aged 50+,14880
October 2018,Wales,Age unknown (clerical claims),10
October 2018,Wales,Aged 16-24,9980
October 2018,Wales,Aged 25-49,23700
October 2018,Wales,Aged 50+,11000
October 2018,Scotland,Age unknown (clerical claims),85
October 2018,Scotland,Aged 16-24,18045
October 2018,Scotland,Aged 25-49,49780
October 2018,Scotland,Aged 50+,23930
November 2018,North East,Age unknown (clerical claims),20
November 2018,North East,Aged 16-24,13600
November 2018,North East,Aged 25-49,33285
November 2018,North East,Aged 50+,15945
November 2018,North West,Age unknown (clerical claims),10
November 2018,North West,Aged 16-24,25440
November 2018,North West,Aged 25-49,74105
November 2018,North West,Aged 50+,31770
November 2018,Yorkshire and The Humber,Age unknown (clerical claims),10
November 2018,Yorkshire and The Humber,Aged 16-24,17930
November 2018,Yorkshire and The Humber,Aged 25-49,47705
November 2018,Yorkshire and The Humber,Aged 50+,21875
November 2018,East Midlands,Age unknown (clerical claims),0
November 2018,East Midlands,Aged 16-24,11105
November 2018,East Midlands,Aged 25-49,28670
November 2018,East Midlands,Aged 50+,14190
November 2018,West Midlands,Age unknown (clerical claims),35
November 2018,West Midlands,Aged 16-24,20400
November 2018,West Midlands,Aged 25-49,57035
November 2018,West Midlands,Aged 50+,27225
November 2018,East,Age unknown (clerical claims),5
November 2018,East,Aged 16-24,11755
November 2018,East,Aged 25-49,32800
November 2018,East,Aged 50+,17580
November 2018,London,Age unknown (clerical claims),45
November 2018,London,Aged 16-24,20435
November 2018,London,Aged 25-49,75065
November 2018,London,Aged 50+,41325
November 2018,South East,Age unknown (clerical claims),35
November 2018,South East,Aged 16-24,15150
November 2018,South East,Aged 25-49,42725
November 2018,South East,Aged 50+,23540
November 2018,South West,Age unknown (clerical claims),95
November 2018,South West,Aged 16-24,11070
November 2018,South West,Aged 25-49,30930
November 2018,South West,Aged 50+,15400
November 2018,Wales,Age unknown (clerical claims),20
November 2018,Wales,Aged 16-24,10010
November 2018,Wales,Aged 25-49,24225
November 2018,Wales,Aged 50+,11245
November 2018,Scotland,Age unknown (clerical claims),45
November 2018,Scotland,Aged 16-24,18015
November 2018,Scotland,Aged 25-49,50515
November 2018,Scotland,Aged 50+,24515
December 2018,North East,Age unknown (clerical claims),20
December 2018,North East,Aged 16-24,13810
December 2018,North East,Aged 25-49,34450
December 2018,North East,Aged 50+,16470
December 2018,North West,Age unknown (clerical claims),5
December 2018,North West,Aged 16-24,25665
December 2018,North West,Aged 25-49,75435
December 2018,North West,Aged 50+,32465
December 2018,Yorkshire and The Humber,Age unknown (clerical claims),20
December 2018,Yorkshire and The Humber,Aged 16-24,17945
December 2018,Yorkshire and The Humber,Aged 25-49,49000
December 2018,Yorkshire and The Humber,Aged 50+,22555
December 2018,East Midlands,Age unknown (clerical claims),5
December 2018,East Midlands,Aged 16-24,11335
December 2018,East Midlands,Aged 25-49,29625
December 2018,East Midlands,Aged 50+,14650
December 2018,West Midlands,Age unknown (clerical claims),5
December 2018,West Midlands,Aged 16-24,20295
December 2018,West Midlands,Aged 25-49,57910
December 2018,West Midlands,Aged 50+,27795
December 2018,East,Age unknown (clerical claims),10
December 2018,East,Aged 16-24,11895
December 2018,East,Aged 25-49,33615
December 2018,East,Aged 50+,17915
December 2018,London,Age unknown (clerical claims),35
December 2018,London,Aged 16-24,20560
December 2018,London,Aged 25-49,76980
December 2018,London,Aged 50+,42245
December 2018,South East,Age unknown (clerical claims),35
December 2018,South East,Aged 16-24,15535
December 2018,South East,Aged 25-49,44425
December 2018,South East,Aged 50+,24335
December 2018,South West,Age unknown (clerical claims),70
December 2018,South West,Aged 16-24,11480
December 2018,South West,Aged 25-49,32215
December 2018,South West,Aged 50+,16015
December 2018,Wales,Age unknown (clerical claims),10
December 2018,Wales,Aged 16-24,10160
December 2018,Wales,Aged 25-49,24970
December 2018,Wales,Aged 50+,11610
December 2018,Scotland,Age unknown (clerical claims),10
December 2018,Scotland,Aged 16-24,18270
December 2018,Scotland,Aged 25-49,51600
December 2018,Scotland,Aged 50+,25115
January 2019,North East,Age unknown (clerical claims),5
January 2019,North East,Aged 16-24,14090
January 2019,North East,Aged 25-49,35750
January 2019,North East,Aged 50+,17090
January 2019,North West,Age unknown (clerical claims),5
January 2019,North West,Aged 16-24,26300
January 2019,North West,Aged 25-49,78285
January 2019,North West,Aged 50+,33625
January 2019,Yorkshire and The Humber,Age unknown (clerical claims),15
January 2019,Yorkshire and The Humber,Aged 16-24,18450
January 2019,Yorkshire and The Humber,Aged 25-49,51250
January 2019,Yorkshire and The Humber,Aged 50+,23435
January 2019,East Midlands,Age unknown (clerical claims),5
January 2019,East Midlands,Aged 16-24,11810
January 2019,East Midlands,Aged 25-49,31475
January 2019,East Midlands,Aged 50+,15415
January 2019,West Midlands,Age unknown (clerical claims),10
January 2019,West Midlands,Aged 16-24,20775
January 2019,West Midlands,Aged 25-49,60155
January 2019,West Midlands,Aged 50+,28635
January 2019,East,Age unknown (clerical claims),5
January 2019,East,Aged 16-24,12305
January 2019,East,Aged 25-49,35185
January 2019,East,Aged 50+,18700
January 2019,London,Age unknown (clerical claims),40
January 2019,London,Aged 16-24,20765
January 2019,London,Aged 25-49,78930
January 2019,London,Aged 50+,43465
January 2019,South East,Age unknown (clerical claims),45
January 2019,South East,Aged 16-24,16175
January 2019,South East,Aged 25-49,46645
January 2019,South East,Aged 50+,25405
January 2019,South West,Age unknown (clerical claims),90
January 2019,South West,Aged 16-24,11870
January 2019,South West,Aged 25-49,33355
January 2019,South West,Aged 50+,16625
January 2019,Wales,Age unknown (clerical claims),5
January 2019,Wales,Aged 16-24,10600
January 2019,Wales,Aged 25-49,26325
January 2019,Wales,Aged 50+,12235
January 2019,Scotland,Age unknown (clerical claims),10
January 2019,Scotland,Aged 16-24,18730
January 2019,Scotland,Aged 25-49,54100
January 2019,Scotland,Aged 50+,26125
February 2019,North East,Age unknown (clerical claims),5
February 2019,North East,Aged 16-24,14560
February 2019,North East,Aged 25-49,37520
February 2019,North East,Aged 50+,17725
February 2019,North West,Age unknown (clerical claims),5
February 2019,North West,Aged 16-24,28395
February 2019,North West,Aged 25-49,83315
February 2019,North West,Aged 50+,35180
February 2019,Yorkshire and The Humber,Age unknown (clerical claims),15
February 2019,Yorkshire and The Humber,Aged 16-24,19480
February 2019,Yorkshire and The Humber,Aged 25-49,53655
February 2019,Yorkshire and The Humber,Aged 50+,24240
February 2019,East Midlands,Age unknown (clerical claims),0
February 2019,East Midlands,Aged 16-24,12855
February 2019,East Midlands,Aged 25-49,34215
February 2019,East Midlands,Aged 50+,16505
February 2019,West Midlands,Age unknown (clerical claims),10
February 2019,West Midlands,Aged 16-24,21995
February 2019,West Midlands,Aged 25-49,63605
February 2019,West Midlands,Aged 50+,29630
February 2019,East,Age unknown (clerical claims),5
February 2019,East,Aged 16-24,13295
February 2019,East,Aged 25-49,38145
February 2019,East,Aged 50+,19800
February 2019,London,Age unknown (clerical claims),40
February 2019,London,Aged 16-24,22055
February 2019,London,Aged 25-49,84060
February 2019,London,Aged 50+,45010
February 2019,South East,Age unknown (clerical claims),35
February 2019,South East,Aged 16-24,17395
February 2019,South East,Aged 25-49,50040
February 2019,South East,Aged 50+,26550
February 2019,South West,Age unknown (clerical claims),70
February 2019,South West,Aged 16-24,12735
February 2019,South West,Aged 25-49,36065
February 2019,South West,Aged 50+,17640
February 2019,Wales,Age unknown (clerical claims),5
February 2019,Wales,Aged 16-24,11480
February 2019,Wales,Aged 25-49,27960
February 2019,Wales,Aged 50+,12710
February 2019,Scotland,Age unknown (clerical claims),5
February 2019,Scotland,Aged 16-24,20090
February 2019,Scotland,Aged 25-49,57530
February 2019,Scotland,Aged 50+,27310
March 2019,North East,Age unknown (clerical claims),5
March 2019,North East,Aged 16-24,15035
March 2019,North East,Aged 25-49,38200
March 2019,North East,Aged 50+,18040
March 2019,North West,Age unknown (clerical claims),5
March 2019,North West,Aged 16-24,29490
March 2019,North West,Aged 25-49,85390
March 2019,North West,Aged 50+,35750
March 2019,Yorkshire and The Humber,Age unknown (clerical claims),10
March 2019,Yorkshire and The Humber,Aged 16-24,20410
March 2019,Yorkshire and The Humber,Aged 25-49,55355
March 2019,Yorkshire and The Humber,Aged 50+,24910
March 2019,East Midlands,Age unknown (clerical claims),5
March 2019,East Midlands,Aged 16-24,13595
March 2019,East Midlands,Aged 25-49,35770
March 2019,East Midlands,Aged 50+,17000
March 2019,West Midlands,Age unknown (clerical claims),0
March 2019,West Midlands,Aged 16-24,22945
March 2019,West Midlands,Aged 25-49,65850
March 2019,West Midlands,Aged 50+,30310
March 2019,East,Age unknown (clerical claims),5
March 2019,East,Aged 16-24,13810
March 2019,East,Aged 25-49,39245
March 2019,East,Aged 50+,20350
March 2019,London,Age unknown (clerical claims),10
March 2019,London,Aged 16-24,22940
March 2019,London,Aged 25-49,86270
March 2019,London,Aged 50+,45970
March 2019,South East,Age unknown (clerical claims),10
March 2019,South East,Aged 16-24,18015
March 2019,South East,Aged 25-49,51480
March 2019,South East,Aged 50+,27145
March 2019,South West,Age unknown (clerical claims),0
March 2019,South West,Aged 16-24,13105
March 2019,South West,Aged 25-49,36310
March 2019,South West,Aged 50+,17910
March 2019,Wales,Age unknown (clerical claims),5
March 2019,Wales,Aged 16-24,11860
March 2019,Wales,Aged 25-49,28865
March 2019,Wales,Aged 50+,13000
March 2019,Scotland,Age unknown (clerical claims),5
March 2019,Scotland,Aged 16-24,20940
March 2019,Scotland,Aged 25-49,59000
March 2019,Scotland,Aged 50+,27820
April 2019,North East,Age unknown (clerical claims),5
April 2019,North East,Aged 16-24,15120
April 2019,North East,Aged 25-49,38405
April 2019,North East,Aged 50+,17805
April 2019,North West,Age unknown (clerical claims),0
April 2019,North West,Aged 16-24,29905
April 2019,North West,Aged 25-49,86555
April 2019,North West,Aged 50+,35950
April 2019,Yorkshire and The Humber,Age unknown (clerical claims),10
April 2019,Yorkshire and The Humber,Aged 16-24,20655
April 2019,Yorkshire and The Humber,Aged 25-49,56590
April 2019,Yorkshire and The Humber,Aged 50+,25120
April 2019,East Midlands,Age unknown (clerical claims),5
April 2019,East Midlands,Aged 16-24,13850
April 2019,East Midlands,Aged 25-49,36755
April 2019,East Midlands,Aged 50+,17260
April 2019,West Midlands,Age unknown (clerical claims),0
April 2019,West Midlands,Aged 16-24,23695
April 2019,West Midlands,Aged 25-49,67655
April 2019,West Midlands,Aged 50+,30930
April 2019,East,Age unknown (clerical claims),5
April 2019,East,Aged 16-24,14130
April 2019,East,Aged 25-49,39880
April 2019,East,Aged 50+,20675
April 2019,London,Age unknown (clerical claims),5
April 2019,London,Aged 16-24,23690
April 2019,London,Aged 25-49,88400
April 2019,London,Aged 50+,46550
April 2019,South East,Age unknown (clerical claims),5
April 2019,South East,Aged 16-24,18335
April 2019,South East,Aged 25-49,52380
April 2019,South East,Aged 50+,27465
April 2019,South West,Age unknown (clerical claims),0
April 2019,South West,Aged 16-24,13145
April 2019,South West,Aged 25-49,36445
April 2019,South West,Aged 50+,17850
April 2019,Wales,Age unknown (clerical claims),5
April 2019,Wales,Aged 16-24,11910
April 2019,Wales,Aged 25-49,28930
April 2019,Wales,Aged 50+,12925
April 2019,Scotland,Age unknown (clerical claims),0
April 2019,Scotland,Aged 16-24,21210
April 2019,Scotland,Aged 25-49,59300
April 2019,Scotland,Aged 50+,27525
May 2019,North East,Age unknown (clerical claims),5
May 2019,North East,Aged 16-24,15035
May 2019,North East,Aged 25-49,38515
May 2019,North East,Aged 50+,17660
May 2019,North West,Age unknown (clerical claims),5
May 2019,North West,Aged 16-24,29620
May 2019,North West,Aged 25-49,86945
May 2019,North West,Aged 50+,36100
May 2019,Yorkshire and The Humber,Age unknown (clerical claims),10
May 2019,Yorkshire and The Humber,Aged 16-24,20635
May 2019,Yorkshire and The Humber,Aged 25-49,57365
May 2019,Yorkshire and The Humber,Aged 50+,25115
May 2019,East Midlands,Age unknown (clerical claims),5
May 2019,East Midlands,Aged 16-24,13860
May 2019,East Midlands,Aged 25-49,37385
May 2019,East Midlands,Aged 50+,17430
May 2019,West Midlands,Age unknown (clerical claims),0
May 2019,West Midlands,Aged 16-24,23890
May 2019,West Midlands,Aged 25-49,68950
May 2019,West Midlands,Aged 50+,31410
May 2019,East,Age unknown (clerical claims),5
May 2019,East,Aged 16-24,14160
May 2019,East,Aged 25-49,40560
May 2019,East,Aged 50+,20715
May 2019,London,Age unknown (clerical claims),10
May 2019,London,Aged 16-24,23885
May 2019,London,Aged 25-49,89990
May 2019,London,Aged 50+,47285
May 2019,South East,Age unknown (clerical claims),0
May 2019,South East,Aged 16-24,18300
May 2019,South East,Aged 25-49,53190
May 2019,South East,Aged 50+,27635
May 2019,South West,Age unknown (clerical claims),0
May 2019,South West,Aged 16-24,12935
May 2019,South West,Aged 25-49,36535
May 2019,South West,Aged 50+,17630
May 2019,Wales,Age unknown (clerical claims),5
May 2019,Wales,Aged 16-24,11790
May 2019,Wales,Aged 25-49,29195
May 2019,Wales,Aged 50+,12950
May 2019,Scotland,Age unknown (clerical claims),0
May 2019,Scotland,Aged 16-24,21040
May 2019,Scotland,Aged 25-49,58900
May 2019,Scotland,Aged 50+,27080
June 2019,North East,Age unknown (clerical claims),5
June 2019,North East,Aged 16-24,14940
June 2019,North East,Aged 25-49,38985
June 2019,North East,Aged 50+,17565
June 2019,North West,Age unknown (clerical claims),5
June 2019,North West,Aged 16-24,29715
June 2019,North West,Aged 25-49,88550
June 2019,North West,Aged 50+,36740
June 2019,Yorkshire and The Humber,Age unknown (clerical claims),5
June 2019,Yorkshire and The Humber,Aged 16-24,20740
June 2019,Yorkshire and The Humber,Aged 25-49,58135
June 2019,Yorkshire and The Humber,Aged 50+,25175
June 2019,East Midlands,Age unknown (clerical claims),0
June 2019,East Midlands,Aged 16-24,14130
June 2019,East Midlands,Aged 25-49,38365
June 2019,East Midlands,Aged 50+,17705
June 2019,West Midlands,Age unknown (clerical claims),0
June 2019,West Midlands,Aged 16-24,24395
June 2019,West Midlands,Aged 25-49,71560
June 2019,West Midlands,Aged 50+,32140
June 2019,East,Age unknown (clerical claims),0
June 2019,East,Aged 16-24,14370
June 2019,East,Aged 25-49,42000
June 2019,East,Aged 50+,21200
June 2019,London,Age unknown (clerical claims),5
June 2019,London,Aged 16-24,24505
June 2019,London,Aged 25-49,92965
June 2019,London,Aged 50+,48500
June 2019,South East,Age unknown (clerical claims),0
June 2019,South East,Aged 16-24,18440
June 2019,South East,Aged 25-49,55325
June 2019,South East,Aged 50+,28090
June 2019,South West,Age unknown (clerical claims),0
June 2019,South West,Aged 16-24,13000
June 2019,South West,Aged 25-49,37110
June 2019,South West,Aged 50+,17740
June 2019,Wales,Age unknown (clerical claims),0
June 2019,Wales,Aged 16-24,11865
June 2019,Wales,Aged 25-49,30205
June 2019,Wales,Aged 50+,13255
June 2019,Scotland,Age unknown (clerical claims),0
June 2019,Scotland,Aged 16-24,21445
June 2019,Scotland,Aged 25-49,60130
June 2019,Scotland,Aged 50+,27130
July 2019,North East,Age unknown (clerical claims),5
July 2019,North East,Aged 16-24,15085
July 2019,North East,Aged 25-49,38635
July 2019,North East,Aged 50+,17525
July 2019,North West,Age unknown (clerical claims),5
July 2019,North West,Aged 16-24,29995
July 2019,North West,Aged 25-49,89045
July 2019,North West,Aged 50+,36790
July 2019,Yorkshire and The Humber,Age unknown (clerical claims),5
July 2019,Yorkshire and The Humber,Aged 16-24,21040
July 2019,Yorkshire and The Humber,Aged 25-49,58555
July 2019,Yorkshire and The Humber,Aged 50+,25265
July 2019,East Midlands,Age unknown (clerical claims),0
July 2019,East Midlands,Aged 16-24,14585
July 2019,East Midlands,Aged 25-49,39155
July 2019,East Midlands,Aged 50+,17975
July 2019,West Midlands,Age unknown (clerical claims),0
July 2019,West Midlands,Aged 16-24,24970
July 2019,West Midlands,Aged 25-49,72120
July 2019,West Midlands,Aged 50+,32110
July 2019,East,Age unknown (clerical claims),5
July 2019,East,Aged 16-24,14625
July 2019,East,Aged 25-49,42510
July 2019,East,Aged 50+,21250
July 2019,London,Age unknown (clerical claims),5
July 2019,London,Aged 16-24,25070
July 2019,London,Aged 25-49,93930
July 2019,London,Aged 50+,48565
July 2019,South East,Age unknown (clerical claims),0
July 2019,South East,Aged 16-24,18765
July 2019,South East,Aged 25-49,56025
July 2019,South East,Aged 50+,28225
July 2019,South West,Age unknown (clerical claims),0
July 2019,South West,Aged 16-24,13040
July 2019,South West,Aged 25-49,37085
July 2019,South West,Aged 50+,17780
July 2019,Wales,Age unknown (clerical claims),0
July 2019,Wales,Aged 16-24,11995
July 2019,Wales,Aged 25-49,30120
July 2019,Wales,Aged 50+,13100
July 2019,Scotland,Age unknown (clerical claims),0
July 2019,Scotland,Aged 16-24,22745
July 2019,Scotland,Aged 25-49,61255
July 2019,Scotland,Aged 50+,27130
August 2019,North East,Age unknown (clerical claims),5
August 2019,North East,Aged 16-24,15275
August 2019,North East,Aged 25-49,38860
August 2019,North East,Aged 50+,17440
August 2019,North West,Age unknown (clerical claims),5
August 2019,North West,Aged 16-24,30725
August 2019,North West,Aged 25-49,90445
August 2019,North West,Aged 50+,37140
August 2019,Yorkshire and The Humber,Age unknown (clerical claims),5
August 2019,Yorkshire and The Humber,Aged 16-24,21780
August 2019,Yorkshire and The Humber,Aged 25-49,59565
August 2019,Yorkshire and The Humber,Aged 50+,25365
August 2019,East Midlands,Age unknown (clerical claims),0
August 2019,East Midlands,Aged 16-24,15125
August 2019,East Midlands,Aged 25-49,39930
August 2019,East Midlands,Aged 50+,18115
August 2019,West Midlands,Age unknown (clerical claims),0
August 2019,West Midlands,Aged 16-24,25925
August 2019,West Midlands,Aged 25-49,73270
August 2019,West Midlands,Aged 50+,32420
August 2019,East,Age unknown (clerical claims),5
August 2019,East,Aged 16-24,15000
August 2019,East,Aged 25-49,43335
August 2019,East,Aged 50+,21415
August 2019,London,Age unknown (clerical claims),0
August 2019,London,Aged 16-24,26060
August 2019,London,Aged 25-49,95310
August 2019,London,Aged 50+,48965
August 2019,South East,Age unknown (clerical claims),0
August 2019,South East,Aged 16-24,19250
August 2019,South East,Aged 25-49,57340
August 2019,South East,Aged 50+,28400
August 2019,South West,Age unknown (clerical claims),0
August 2019,South West,Aged 16-24,13290
August 2019,South West,Aged 25-49,37770
August 2019,South West,Aged 50+,17740
August 2019,Wales,Age unknown (clerical claims),0
August 2019,Wales,Aged 16-24,12640
August 2019,Wales,Aged 25-49,30850
August 2019,Wales,Aged 50+,13280
August 2019,Scotland,Age unknown (clerical claims),0
August 2019,Scotland,Aged 16-24,23205
August 2019,Scotland,Aged 25-49,62050
August 2019,Scotland,Aged 50+,27050
September 2019,North East,Age unknown (clerical claims),5
September 2019,North East,Aged 16-24,15215
September 2019,North East,Aged 25-49,38495
September 2019,North East,Aged 50+,17045
September 2019,North West,Age unknown (clerical claims),5
September 2019,North West,Aged 16-24,30415
September 2019,North West,Aged 25-49,90155
September 2019,North West,Aged 50+,36315
September 2019,Yorkshire and The Humber,Age unknown (clerical claims),5
September 2019,Yorkshire and The Humber,Aged 16-24,21900
September 2019,Yorkshire and The Humber,Aged 25-49,59580
September 2019,Yorkshire and The Humber,Aged 50+,25250
September 2019,East Midlands,Age unknown (clerical claims),0
September 2019,East Midlands,Aged 16-24,15165
September 2019,East Midlands,Aged 25-49,40195
September 2019,East Midlands,Aged 50+,17910
September 2019,West Midlands,Age unknown (clerical claims),0
September 2019,West Midlands,Aged 16-24,26285
September 2019,West Midlands,Aged 25-49,74415
September 2019,West Midlands,Aged 50+,32590
September 2019,East,Age unknown (clerical claims),5
September 2019,East,Aged 16-24,15045
September 2019,East,Aged 25-49,43795
September 2019,East,Aged 50+,21225
September 2019,London,Age unknown (clerical claims),0
September 2019,London,Aged 16-24,26680
September 2019,London,Aged 25-49,97270
September 2019,London,Aged 50+,49100
September 2019,South East,Age unknown (clerical claims),0
September 2019,South East,Aged 16-24,19725
September 2019,South East,Aged 25-49,58720
September 2019,South East,Aged 50+,28350
September 2019,South West,Age unknown (clerical claims),0
September 2019,South West,Aged 16-24,13115
September 2019,South West,Aged 25-49,37725
September 2019,South West,Aged 50+,17540
September 2019,Wales,Age unknown (clerical claims),0
September 2019,Wales,Aged 16-24,12685
September 2019,Wales,Aged 25-49,31215
September 2019,Wales,Aged 50+,13385
September 2019,Scotland,Age unknown (clerical claims),5
September 2019,Scotland,Aged 16-24,21595
September 2019,Scotland,Aged 25-49,60490
September 2019,Scotland,Aged 50+,26600
October 2019,North East,Age unknown (clerical claims),5
October 2019,North East,Aged 16-24,15525
October 2019,North East,Aged 25-49,39090
October 2019,North East,Aged 50+,17295
October 2019,North West,Age unknown (clerical claims),5
October 2019,North West,Aged 16-24,30890
October 2019,North West,Aged 25-49,91695
October 2019,North West,Aged 50+,36850
October 2019,Yorkshire and The Humber,Age unknown (clerical claims),5
October 2019,Yorkshire and The Humber,Aged 16-24,22390
October 2019,Yorkshire and The Humber,Aged 25-49,60740
October 2019,Yorkshire and The Humber,Aged 50+,25695
October 2019,East Midlands,Age unknown (clerical claims),0
October 2019,East Midlands,Aged 16-24,15335
October 2019,East Midlands,Aged 25-49,41000
October 2019,East Midlands,Aged 50+,18275
October 2019,West Midlands,Age unknown (clerical claims),0
October 2019,West Midlands,Aged 16-24,26705
October 2019,West Midlands,Aged 25-49,75420
October 2019,West Midlands,Aged 50+,33105
October 2019,East,Age unknown (clerical claims),0
October 2019,East,Aged 16-24,15405
October 2019,East,Aged 25-49,45065
October 2019,East,Aged 50+,21525
October 2019,London,Age unknown (clerical claims),5
October 2019,London,Aged 16-24,27210
October 2019,London,Aged 25-49,98745
October 2019,London,Aged 50+,49630
October 2019,South East,Age unknown (clerical claims),0
October 2019,South East,Aged 16-24,20400
October 2019,South East,Aged 25-49,60675
October 2019,South East,Aged 50+,29085
October 2019,South West,Age unknown (clerical claims),0
October 2019,South West,Aged 16-24,13415
October 2019,South West,Aged 25-49,38470
October 2019,South West,Aged 50+,17880
October 2019,Wales,Age unknown (clerical claims),0
October 2019,Wales,Aged 16-24,12845
October 2019,Wales,Aged 25-49,31240
October 2019,Wales,Aged 50+,13320
October 2019,Scotland,Age unknown (clerical claims),0
October 2019,Scotland,Aged 16-24,21095
October 2019,Scotland,Aged 25-49,60785
October 2019,Scotland,Aged 50+,26710
November 2019,North East,Age unknown (clerical claims),0
November 2019,North East,Aged 16-24,15535
November 2019,North East,Aged 25-49,39215
November 2019,North East,Aged 50+,17485
November 2019,North West,Age unknown (clerical claims),5
November 2019,North West,Aged 16-24,30940
November 2019,North West,Aged 25-49,92220
November 2019,North West,Aged 50+,37165
November 2019,Yorkshire and The Humber,Age unknown (clerical claims),5
November 2019,Yorkshire and The Humber,Aged 16-24,22455
November 2019,Yorkshire and The Humber,Aged 25-49,61305
November 2019,Yorkshire and The Humber,Aged 50+,25940
November 2019,East Midlands,Age unknown (clerical claims),0
November 2019,East Midlands,Aged 16-24,15340
November 2019,East Midlands,Aged 25-49,41250
November 2019,East Midlands,Aged 50+,18435
November 2019,West Midlands,Age unknown (clerical claims),0
November 2019,West Midlands,Aged 16-24,26925
November 2019,West Midlands,Aged 25-49,76505
November 2019,West Midlands,Aged 50+,33490
November 2019,East,Age unknown (clerical claims),5
November 2019,East,Aged 16-24,15670
November 2019,East,Aged 25-49,45980
November 2019,East,Aged 50+,21915
November 2019,London,Age unknown (clerical claims),5
November 2019,London,Aged 16-24,27400
November 2019,London,Aged 25-49,99995
November 2019,London,Aged 50+,50015
November 2019,South East,Age unknown (clerical claims),5
November 2019,South East,Aged 16-24,20625
November 2019,South East,Aged 25-49,61785
November 2019,South East,Aged 50+,29625
November 2019,South West,Age unknown (clerical claims),0
November 2019,South West,Aged 16-24,13620
November 2019,South West,Aged 25-49,39150
November 2019,South West,Aged 50+,18175
November 2019,Wales,Age unknown (clerical claims),5
November 2019,Wales,Aged 16-24,12955
November 2019,Wales,Aged 25-49,32095
November 2019,Wales,Aged 50+,13670
November 2019,Scotland,Age unknown (clerical claims),0
November 2019,Scotland,Aged 16-24,21190
November 2019,Scotland,Aged 25-49,61670
November 2019,Scotland,Aged 50+,27390
December 2019,North East,Age unknown (clerical claims),0
December 2019,North East,Aged 16-24,15370
December 2019,North East,Aged 25-49,39620
December 2019,North East,Aged 50+,17480
December 2019,North West,Age unknown (clerical claims),5
December 2019,North West,Aged 16-24,30690
December 2019,North West,Aged 25-49,92405
December 2019,North West,Aged 50+,37015
December 2019,Yorkshire and The Humber,Age unknown (clerical claims),5
December 2019,Yorkshire and The Humber,Aged 16-24,22310
December 2019,Yorkshire and The Humber,Aged 25-49,62080
December 2019,Yorkshire and The Humber,Aged 50+,26105
December 2019,East Midlands,Age unknown (clerical claims),0
December 2019,East Midlands,Aged 16-24,15350
December 2019,East Midlands,Aged 25-49,41710
December 2019,East Midlands,Aged 50+,18645
December 2019,West Midlands,Age unknown (clerical claims),0
December 2019,West Midlands,Aged 16-24,26670
December 2019,West Midlands,Aged 25-49,76920
December 2019,West Midlands,Aged 50+,33355
December 2019,East,Age unknown (clerical claims),5
December 2019,East,Aged 16-24,15815
December 2019,East,Aged 25-49,46855
December 2019,East,Aged 50+,22080
December 2019,London,Age unknown (clerical claims),0
December 2019,London,Aged 16-24,27210
December 2019,London,Aged 25-49,100550
December 2019,London,Aged 50+,50055
December 2019,South East,Age unknown (clerical claims),5
December 2019,South East,Aged 16-24,20715
December 2019,South East,Aged 25-49,62675
December 2019,South East,Aged 50+,29865
December 2019,South West,Age unknown (clerical claims),0
December 2019,South West,Aged 16-24,13740
December 2019,South West,Aged 25-49,39595
December 2019,South West,Aged 50+,18255
December 2019,Wales,Age unknown (clerical claims),5
December 2019,Wales,Aged 16-24,12945
December 2019,Wales,Aged 25-49,32305
December 2019,Wales,Aged 50+,13710
December 2019,Scotland,Age unknown (clerical claims),0
December 2019,Scotland,Aged 16-24,21225
December 2019,Scotland,Aged 25-49,62075
December 2019,Scotland,Aged 50+,27405
