episode_id,source_citation,source_url,year_window,geography,region,age_band,skill_tier,sector,prior_income_band,subsidy_level,ubi_level,population_n,time_horizon,outcome_retrain_%,outcome_share_similar_%,outcome_underemployed_%,outcome_exit_%,outcome_still_seeking_%,data_quality,notes,comparability_notes,quarter,months_post_closure,gender,rc_la_claimant_count_q_mean,rc_la_claimant_baseline,rc_la_excess_vs_baseline,rc_la_age_claimants,rc_la_age_pct_of_la_total,ne_claimant_count_q_mean,ne_claimant_baseline,ne_claimant_excess_vs_baseline,ne_gender_claimants,ne_gender_pct_within_age_band,ne_unemployment_rate_%,ne_employment_rate_%,ne_activity_rate_%,aps_period,ne_median_weekly_pay_gbp,ne_median_annual_pay_gbp,ssi_est_workers_this_cell,ssi_age_share_prior,ssi_gender_share_prior,off_all_benefits_%,still_on_benefits_%,never_claimed_jsa_%,self_employment_%,self_employment_n,training_courses_n,area_wage_change_%,ne_wage_change_%,manual_jobs_share_pre_%,manual_jobs_share_post_%
redcar_2015,DWP SSI JSA Statistics March 2016,https://assets.publishing.service.gov.uk/media/5a757a2ae5274a1622e22197/sahaviriya-steel-ind-ad-hoc-jsa-stats.pdf,2015-2017,Redcar / Teesside,North East England,all,skilled_manual,primary_metals / steel_manufacturing,£25k-£35k est.,"£11k-£15k employer hiring subsidy (age-tiered: £11k under-45, £15k aged 45+); Routes to Work pilot £7.5m (Tees Valley-wide); £46m total government package (announced Oct 2015)","N/A — no UBI operational in UK Oct 2015. Actual baseline safety net: JSA £73.10/wk (adult rate) or £57.90/wk (under-25); ESA (support group) £109.65/wk; UC standard allowance £317.82/month. For model calibration: ubi_level = 0. UBI counterfactuals are simulation scenarios, not historical data.",2070,2015Q4 (1 months post-closure),,,,,,MEDIUM,"QUARTER: 2015Q4 (1 months post-closure, Oct 2 2015).  REDCAR & CLEVELAND LA (E06000003) claimant count: 3298 quarterly avg (baseline 3477; excess vs baseline: -179).  NE LABOUR MARKET (APS Apr 2015-Mar 2016): unemployment 7.5%, employment 69.5%, activity 75.3%.  NE MEDIAN WAGE (ASHE 2015): £485.6/week (£25251/yr). SSI workers earned above NE median (skilled manual, union rates, est. £25k-£35k).  35% (720/2070) never claimed JSA at closure — split unknown (early retired / immediately re-employed / ESA/UC / left UK).  outcome_retrain_% and outcome_share_similar_% remain UNKNOWN — DWP microdata required for clean bucket split. outcome_underemployed_% proxy only (area wage data). All area-level data is NOT individual SSI worker tracking.","Nomis claimant count is AREA-LEVEL (Redcar & Cleveland LA or NE ITL1) — not individual SSI worker tracking. SSI dominated local economy so LA-level excess is largely attributable to closure, but non-SSI workers are included. JSA exit ≠ re-employed (workers may move to ESA/UC). Nomis age band 25-49 ≠ model band 25-44. UK training course = 2-day refresher to full vocational qual — not comparable to German Umschulung (1-2yr full requalification). Steel sector ~95% male; gender-disaggregated outcome rates unavailable from public sources.",2015Q4,1,all,3298,3477,-178.8,,,46400,67784,-21384.5,,,7.5,69.5,75.3,Apr 2015-Mar 2016,485.6,25251,2070,,,,,35.0,,,,,,,
redcar_2015,DWP SSI JSA Statistics March 2016,https://assets.publishing.service.gov.uk/media/5a757a2ae5274a1622e22197/sahaviriya-steel-ind-ad-hoc-jsa-stats.pdf,2015-2017,Redcar / Teesside,North East England,16-24,skilled_manual,primary_metals / steel_manufacturing,£25k-£35k est.,£11k employer hiring subsidy (under-45 tier); Routes to Work pilot £7.5m (Tees Valley-wide); Employer Ownership of Skills pilot; £46m total government package,"N/A — no UBI operational in UK Oct 2015. Actual baseline safety net: JSA £73.10/wk (adult rate) or £57.90/wk (under-25); ESA (support group) £109.65/wk; UC standard allowance £317.82/month. For model calibration: ubi_level = 0. UBI counterfactuals are simulation scenarios, not historical data.",207,2015Q4 (1 months post-closure),,,,,,MEDIUM,"AGE BAND: 16-24. Nomis band used: Aged 16-24 . Estimated SSI workers in this cell: 207 (prior: 10% of 2070).  QUARTER: 2015Q4 (1 months post-closure, Oct 2 2015).  REDCAR & CLEVELAND LA (E06000003) claimant count: 3298 quarterly avg (baseline 3477; excess vs baseline: -179).  RC LA age band claimants: 718 (21.8% of LA total).  NE LABOUR MARKET (APS Apr 2015-Mar 2016): unemployment 7.5%, employment 69.5%, activity 75.3%.  NE MEDIAN WAGE (ASHE 2015): £485.6/week (£25251/yr). SSI workers earned above NE median (skilled manual, union rates, est. £25k-£35k).  35% (720/2070) never claimed JSA at closure — split unknown (early retired / immediately re-employed / ESA/UC / left UK).  outcome_retrain_% and outcome_share_similar_% remain UNKNOWN — DWP microdata required for clean bucket split. outcome_underemployed_% proxy only (area wage data). All area-level data is NOT individual SSI worker tracking.","Nomis claimant count is AREA-LEVEL (Redcar & Cleveland LA or NE ITL1) — not individual SSI worker tracking. SSI dominated local economy so LA-level excess is largely attributable to closure, but non-SSI workers are included. JSA exit ≠ re-employed (workers may move to ESA/UC). Nomis age band 25-49 ≠ model band 25-44. UK training course = 2-day refresher to full vocational qual — not comparable to German Umschulung (1-2yr full requalification). Steel sector ~95% male; gender-disaggregated outcome rates unavailable from public sources.",2015Q4,1,all,3298,3477,-178.8,718.0,21.8,46400,67784,-21384.5,,,7.5,69.5,75.3,Apr 2015-Mar 2016,485.6,25251,207,0.1,,,,35.0,,,,,,,
redcar_2015,DWP SSI JSA Statistics March 2016,https://assets.publishing.service.gov.uk/media/5a757a2ae5274a1622e22197/sahaviriya-steel-ind-ad-hoc-jsa-stats.pdf,2015-2017,Redcar / Teesside,North East England,25-49,skilled_manual,primary_metals / steel_manufacturing,£25k-£35k est.,£11k employer hiring subsidy (under-45 tier); Routes to Work pilot £7.5m (Tees Valley-wide); £46m total government package,"N/A — no UBI operational in UK Oct 2015. Actual baseline safety net: JSA £73.10/wk (adult rate) or £57.90/wk (under-25); ESA (support group) £109.65/wk; UC standard allowance £317.82/month. For model calibration: ubi_level = 0. UBI counterfactuals are simulation scenarios, not historical data.",828,2015Q4 (1 months post-closure),,,,,,MEDIUM,"AGE BAND: 25-49. Nomis band used: Aged 25-49 (NOTE: Nomis uses 25-49, not 25-44 — document mismatch). Estimated SSI workers in this cell: 828 (prior: 40% of 2070).  QUARTER: 2015Q4 (1 months post-closure, Oct 2 2015).  REDCAR & CLEVELAND LA (E06000003) claimant count: 3298 quarterly avg (baseline 3477; excess vs baseline: -179).  RC LA age band claimants: 1817 (55.2% of LA total).  NE LABOUR MARKET (APS Apr 2015-Mar 2016): unemployment 7.5%, employment 69.5%, activity 75.3%.  NE MEDIAN WAGE (ASHE 2015): £485.6/week (£25251/yr). SSI workers earned above NE median (skilled manual, union rates, est. £25k-£35k).  35% (720/2070) never claimed JSA at closure — split unknown (early retired / immediately re-employed / ESA/UC / left UK).  outcome_retrain_% and outcome_share_similar_% remain UNKNOWN — DWP microdata required for clean bucket split. outcome_underemployed_% proxy only (area wage data). All area-level data is NOT individual SSI worker tracking.","Nomis claimant count is AREA-LEVEL (Redcar & Cleveland LA or NE ITL1) — not individual SSI worker tracking. SSI dominated local economy so LA-level excess is largely attributable to closure, but non-SSI workers are included. JSA exit ≠ re-employed (workers may move to ESA/UC). Nomis age band 25-49 ≠ model band 25-44. UK training course = 2-day refresher to full vocational qual — not comparable to German Umschulung (1-2yr full requalification). Steel sector ~95% male; gender-disaggregated outcome rates unavailable from public sources.",2015Q4,1,all,3298,3477,-178.8,1817.0,55.2,46400,67784,-21384.5,,,7.5,69.5,75.3,Apr 2015-Mar 2016,485.6,25251,828,0.4,,,,35.0,,,,,,,
redcar_2015,DWP SSI JSA Statistics March 2016,https://assets.publishing.service.gov.uk/media/5a757a2ae5274a1622e22197/sahaviriya-steel-ind-ad-hoc-jsa-stats.pdf,2015-2017,Redcar / Teesside,North East England,50+,skilled_manual,primary_metals / steel_manufacturing,£25k-£35k est.,"£15k employer hiring subsidy (45+ tier — highest rate, recognising harder-to-place status); Routes to Work pilot £7.5m (Tees Valley-wide); £46m total government package","N/A — no UBI operational in UK Oct 2015. Actual baseline safety net: JSA £73.10/wk (adult rate) or £57.90/wk (under-25); ESA (support group) £109.65/wk; UC standard allowance £317.82/month. For model calibration: ubi_level = 0. UBI counterfactuals are simulation scenarios, not historical data.",1035,2015Q4 (1 months post-closure),,,,,,MEDIUM,"AGE BAND: 50+. Nomis band used: Aged 50+ . Estimated SSI workers in this cell: 1035 (prior: 50% of 2070).  QUARTER: 2015Q4 (1 months post-closure, Oct 2 2015).  REDCAR & CLEVELAND LA (E06000003) claimant count: 3298 quarterly avg (baseline 3477; excess vs baseline: -179).  RC LA age band claimants: 757 (23.0% of LA total).  NE LABOUR MARKET (APS Apr 2015-Mar 2016): unemployment 7.5%, employment 69.5%, activity 75.3%.  NE MEDIAN WAGE (ASHE 2015): £485.6/week (£25251/yr). SSI workers earned above NE median (skilled manual, union rates, est. £25k-£35k).  35% (720/2070) never claimed JSA at closure — split unknown (early retired / immediately re-employed / ESA/UC / left UK).  outcome_retrain_% and outcome_share_similar_% remain UNKNOWN — DWP microdata required for clean bucket split. outcome_underemployed_% proxy only (area wage data). All area-level data is NOT individual SSI worker tracking.","Nomis claimant count is AREA-LEVEL (Redcar & Cleveland LA or NE ITL1) — not individual SSI worker tracking. SSI dominated local economy so LA-level excess is largely attributable to closure, but non-SSI workers are included. JSA exit ≠ re-employed (workers may move to ESA/UC). Nomis age band 25-49 ≠ model band 25-44. UK training course = 2-day refresher to full vocational qual — not comparable to German Umschulung (1-2yr full requalification). Steel sector ~95% male; gender-disaggregated outcome rates unavailable from public sources.",2015Q4,1,all,3298,3477,-178.8,757.0,23.0,46400,67784,-21384.5,,,7.5,69.5,75.3,Apr 2015-Mar 2016,485.6,25251,1035,0.5,,,,35.0,,,,,,,
redcar_2015,DWP SSI JSA Statistics March 2016,https://assets.publishing.service.gov.uk/media/5a757a2ae5274a1622e22197/sahaviriya-steel-ind-ad-hoc-jsa-stats.pdf,2015-2017,Redcar / Teesside,North East England,16-24,skilled_manual,primary_metals / steel_manufacturing,£25k-£35k est.,£11k employer hiring subsidy (under-45 tier); Routes to Work pilot £7.5m (Tees Valley-wide); Employer Ownership of Skills pilot; £46m total government package,"N/A — no UBI operational in UK Oct 2015. Actual baseline safety net: JSA £73.10/wk (adult rate) or £57.90/wk (under-25); ESA (support group) £109.65/wk; UC standard allowance £317.82/month. For model calibration: ubi_level = 0. UBI counterfactuals are simulation scenarios, not historical data.",197,2015Q4 (1 months post-closure),,,,,,MEDIUM,"AGE BAND: 16-24. Nomis band used: Aged 16-24 . Estimated SSI workers in this cell: 197 (prior: 10% of 2070).  GENDER: male. Prior: 95% of SSI workforce (UK steel industry statistic, not SSI-specific microdata).  QUARTER: 2015Q4 (1 months post-closure, Oct 2 2015).  REDCAR & CLEVELAND LA (E06000003) claimant count: 3298 quarterly avg (baseline 3477; excess vs baseline: -179).  RC LA age band claimants: 718 (21.8% of LA total).  NE ITL1 gender claimants in this age band: 7452 (67.2% of NE age-band total). NOTE: NE gender split mixes steel and non-steel workers. SSI gender prior (95% male) used for ssi_est_workers_this_cell instead.  NE LABOUR MARKET (APS Apr 2015-Mar 2016): unemployment 7.5%, employment 69.5%, activity 75.3%.  NE MEDIAN WAGE (ASHE 2015): £485.6/week (£25251/yr). SSI workers earned above NE median (skilled manual, union rates, est. £25k-£35k).  35% (720/2070) never claimed JSA at closure — split unknown (early retired / immediately re-employed / ESA/UC / left UK).  outcome_retrain_% and outcome_share_similar_% remain UNKNOWN — DWP microdata required for clean bucket split. outcome_underemployed_% proxy only (area wage data). All area-level data is NOT individual SSI worker tracking.","Nomis claimant count is AREA-LEVEL (Redcar & Cleveland LA or NE ITL1) — not individual SSI worker tracking. SSI dominated local economy so LA-level excess is largely attributable to closure, but non-SSI workers are included. JSA exit ≠ re-employed (workers may move to ESA/UC). Nomis age band 25-49 ≠ model band 25-44. UK training course = 2-day refresher to full vocational qual — not comparable to German Umschulung (1-2yr full requalification). Steel sector ~95% male; gender-disaggregated outcome rates unavailable from public sources.",2015Q4,1,male,3298,3477,-178.8,718.0,21.8,46400,67784,-21384.5,7452.0,67.2,7.5,69.5,75.3,Apr 2015-Mar 2016,485.6,25251,197,0.1,0.95,,,35.0,,,,,,,
redcar_2015,DWP SSI JSA Statistics March 2016,https://assets.publishing.service.gov.uk/media/5a757a2ae5274a1622e22197/sahaviriya-steel-ind-ad-hoc-jsa-stats.pdf,2015-2017,Redcar / Teesside,North East England,16-24,skilled_manual,primary_metals / steel_manufacturing,£25k-£35k est.,£11k employer hiring subsidy (under-45 tier); Routes to Work pilot £7.5m (Tees Valley-wide); Employer Ownership of Skills pilot; £46m total government package,"N/A — no UBI operational in UK Oct 2015. Actual baseline safety net: JSA £73.10/wk (adult rate) or £57.90/wk (under-25); ESA (support group) £109.65/wk; UC standard allowance £317.82/month. For model calibration: ubi_level = 0. UBI counterfactuals are simulation scenarios, not historical data.",10,2015Q4 (1 months post-closure),,,,,,MEDIUM,"AGE BAND: 16-24. Nomis band used: Aged 16-24 . Estimated SSI workers in this cell: 10 (prior: 10% of 2070).  GENDER: female. Prior: 5% of SSI workforce (UK steel industry statistic, not SSI-specific microdata).  QUARTER: 2015Q4 (1 months post-closure, Oct 2 2015).  REDCAR & CLEVELAND LA (E06000003) claimant count: 3298 quarterly avg (baseline 3477; excess vs baseline: -179).  RC LA age band claimants: 718 (21.8% of LA total).  NE ITL1 gender claimants in this age band: 3632 (32.8% of NE age-band total). NOTE: NE gender split mixes steel and non-steel workers. SSI gender prior (95% male) used for ssi_est_workers_this_cell instead.  NE LABOUR MARKET (APS Apr 2015-Mar 2016): unemployment 7.5%, employment 69.5%, activity 75.3%.  NE MEDIAN WAGE (ASHE 2015): £485.6/week (£25251/yr). SSI workers earned above NE median (skilled manual, union rates, est. £25k-£35k).  35% (720/2070) never claimed JSA at closure — split unknown (early retired / immediately re-employed / ESA/UC / left UK).  outcome_retrain_% and outcome_share_similar_% remain UNKNOWN — DWP microdata required for clean bucket split. outcome_underemployed_% proxy only (area wage data). All area-level data is NOT individual SSI worker tracking.","Nomis claimant count is AREA-LEVEL (Redcar & Cleveland LA or NE ITL1) — not individual SSI worker tracking. SSI dominated local economy so LA-level excess is largely attributable to closure, but non-SSI workers are included. JSA exit ≠ re-employed (workers may move to ESA/UC). Nomis age band 25-49 ≠ model band 25-44. UK training course = 2-day refresher to full vocational qual — not comparable to German Umschulung (1-2yr full requalification). Steel sector ~95% male; gender-disaggregated outcome rates unavailable from public sources.",2015Q4,1,female,3298,3477,-178.8,718.0,21.8,46400,67784,-21384.5,3632.0,32.8,7.5,69.5,75.3,Apr 2015-Mar 2016,485.6,25251,10,0.1,0.05,,,35.0,,,,,,,
redcar_2015,DWP SSI JSA Statistics March 2016,https://assets.publishing.service.gov.uk/media/5a757a2ae5274a1622e22197/sahaviriya-steel-ind-ad-hoc-jsa-stats.pdf,2015-2017,Redcar / Teesside,North East England,25-49,skilled_manual,primary_metals / steel_manufacturing,£25k-£35k est.,£11k employer hiring subsidy (under-45 tier); Routes to Work pilot £7.5m (Tees Valley-wide); £46m total government package,"N/A — no UBI operational in UK Oct 2015. Actual baseline safety net: JSA £73.10/wk (adult rate) or £57.90/wk (under-25); ESA (support group) £109.65/wk; UC standard allowance £317.82/month. For model calibration: ubi_level = 0. UBI counterfactuals are simulation scenarios, not historical data.",787,2015Q4 (1 months post-closure),,,,,,MEDIUM,"AGE BAND: 25-49. Nomis band used: Aged 25-49 (NOTE: Nomis uses 25-49, not 25-44 — document mismatch). Estimated SSI workers in this cell: 787 (prior: 40% of 2070).  GENDER: male. Prior: 95% of SSI workforce (UK steel industry statistic, not SSI-specific microdata).  QUARTER: 2015Q4 (1 months post-closure, Oct 2 2015).  REDCAR & CLEVELAND LA (E06000003) claimant count: 3298 quarterly avg (baseline 3477; excess vs baseline: -179).  RC LA age band claimants: 1817 (55.2% of LA total).  NE ITL1 gender claimants in this age band: 17035 (68.3% of NE age-band total). NOTE: NE gender split mixes steel and non-steel workers. SSI gender prior (95% male) used for ssi_est_workers_this_cell instead.  NE LABOUR MARKET (APS Apr 2015-Mar 2016): unemployment 7.5%, employment 69.5%, activity 75.3%.  NE MEDIAN WAGE (ASHE 2015): £485.6/week (£25251/yr). SSI workers earned above NE median (skilled manual, union rates, est. £25k-£35k).  35% (720/2070) never claimed JSA at closure — split unknown (early retired / immediately re-employed / ESA/UC / left UK).  outcome_retrain_% and outcome_share_similar_% remain UNKNOWN — DWP microdata required for clean bucket split. outcome_underemployed_% proxy only (area wage data). All area-level data is NOT individual SSI worker tracking.","Nomis claimant count is AREA-LEVEL (Redcar & Cleveland LA or NE ITL1) — not individual SSI worker tracking. SSI dominated local economy so LA-level excess is largely attributable to closure, but non-SSI workers are included. JSA exit ≠ re-employed (workers may move to ESA/UC). Nomis age band 25-49 ≠ model band 25-44. UK training course = 2-day refresher to full vocational qual — not comparable to German Umschulung (1-2yr full requalification). Steel sector ~95% male; gender-disaggregated outcome rates unavailable from public sources.",2015Q4,1,male,3298,3477,-178.8,1817.0,55.2,46400,67784,-21384.5,17035.0,68.3,7.5,69.5,75.3,Apr 2015-Mar 2016,485.6,25251,787,0.4,0.95,,,35.0,,,,,,,
redcar_2015,DWP SSI JSA Statistics March 2016,https://assets.publishing.service.gov.uk/media/5a757a2ae5274a1622e22197/sahaviriya-steel-ind-ad-hoc-jsa-stats.pdf,2015-2017,Redcar / Teesside,North East England,25-49,skilled_manual,primary_metals / steel_manufacturing,£25k-£35k est.,£11k employer hiring subsidy (under-45 tier); Routes to Work pilot £7.5m (Tees Valley-wide); £46m total government package,"N/A — no UBI operational in UK Oct 2015. Actual baseline safety net: JSA £73.10/wk (adult rate) or £57.90/wk (under-25); ESA (support group) £109.65/wk; UC standard allowance £317.82/month. For model calibration: ubi_level = 0. UBI counterfactuals are simulation scenarios, not historical data.",41,2015Q4 (1 months post-closure),,,,,,MEDIUM,"AGE BAND: 25-49. Nomis band used: Aged 25-49 (NOTE: Nomis uses 25-49, not 25-44 — document mismatch). Estimated SSI workers in this cell: 41 (prior: 40% of 2070).  GENDER: female. Prior: 5% of SSI workforce (UK steel industry statistic, not SSI-specific microdata).  QUARTER: 2015Q4 (1 months post-closure, Oct 2 2015).  REDCAR & CLEVELAND LA (E06000003) claimant count: 3298 quarterly avg (baseline 3477; excess vs baseline: -179).  RC LA age band claimants: 1817 (55.2% of LA total).  NE ITL1 gender claimants in this age band: 7918 (31.7% of NE age-band total). NOTE: NE gender split mixes steel and non-steel workers. SSI gender prior (95% male) used for ssi_est_workers_this_cell instead.  NE LABOUR MARKET (APS Apr 2015-Mar 2016): unemployment 7.5%, employment 69.5%, activity 75.3%.  NE MEDIAN WAGE (ASHE 2015): £485.6/week (£25251/yr). SSI workers earned above NE median (skilled manual, union rates, est. £25k-£35k).  35% (720/2070) never claimed JSA at closure — split unknown (early retired / immediately re-employed / ESA/UC / left UK).  outcome_retrain_% and outcome_share_similar_% remain UNKNOWN — DWP microdata required for clean bucket split. outcome_underemployed_% proxy only (area wage data). All area-level data is NOT individual SSI worker tracking.","Nomis claimant count is AREA-LEVEL (Redcar & Cleveland LA or NE ITL1) — not individual SSI worker tracking. SSI dominated local economy so LA-level excess is largely attributable to closure, but non-SSI workers are included. JSA exit ≠ re-employed (workers may move to ESA/UC). Nomis age band 25-49 ≠ model band 25-44. UK training course = 2-day refresher to full vocational qual — not comparable to German Umschulung (1-2yr full requalification). Steel sector ~95% male; gender-disaggregated outcome rates unavailable from public sources.",2015Q4,1,female,3298,3477,-178.8,1817.0,55.2,46400,67784,-21384.5,7918.0,31.7,7.5,69.5,75.3,Apr 2015-Mar 2016,485.6,25251,41,0.4,0.05,,,35.0,,,,,,,
redcar_2015,DWP SSI JSA Statistics March 2016,https://assets.publishing.service.gov.uk/media/5a757a2ae5274a1622e22197/sahaviriya-steel-ind-ad-hoc-jsa-stats.pdf,2015-2017,Redcar / Teesside,North East England,50+,skilled_manual,primary_metals / steel_manufacturing,£25k-£35k est.,"£15k employer hiring subsidy (45+ tier — highest rate, recognising harder-to-place status); Routes to Work pilot £7.5m (Tees Valley-wide); £46m total government package","N/A — no UBI operational in UK Oct 2015. Actual baseline safety net: JSA £73.10/wk (adult rate) or £57.90/wk (under-25); ESA (support group) £109.65/wk; UC standard allowance £317.82/month. For model calibration: ubi_level = 0. UBI counterfactuals are simulation scenarios, not historical data.",983,2015Q4 (1 months post-closure),,,,,,MEDIUM,"AGE BAND: 50+. Nomis band used: Aged 50+ . Estimated SSI workers in this cell: 983 (prior: 50% of 2070).  GENDER: male. Prior: 95% of SSI workforce (UK steel industry statistic, not SSI-specific microdata).  QUARTER: 2015Q4 (1 months post-closure, Oct 2 2015).  REDCAR & CLEVELAND LA (E06000003) claimant count: 3298 quarterly avg (baseline 3477; excess vs baseline: -179).  RC LA age band claimants: 757 (23.0% of LA total).  NE ITL1 gender claimants in this age band: 6935 (67.2% of NE age-band total). NOTE: NE gender split mixes steel and non-steel workers. SSI gender prior (95% male) used for ssi_est_workers_this_cell instead.  NE LABOUR MARKET (APS Apr 2015-Mar 2016): unemployment 7.5%, employment 69.5%, activity 75.3%.  NE MEDIAN WAGE (ASHE 2015): £485.6/week (£25251/yr). SSI workers earned above NE median (skilled manual, union rates, est. £25k-£35k).  35% (720/2070) never claimed JSA at closure — split unknown (early retired / immediately re-employed / ESA/UC / left UK).  outcome_retrain_% and outcome_share_similar_% remain UNKNOWN — DWP microdata required for clean bucket split. outcome_underemployed_% proxy only (area wage data). All area-level data is NOT individual SSI worker tracking.","Nomis claimant count is AREA-LEVEL (Redcar & Cleveland LA or NE ITL1) — not individual SSI worker tracking. SSI dominated local economy so LA-level excess is largely attributable to closure, but non-SSI workers are included. JSA exit ≠ re-employed (workers may move to ESA/UC). Nomis age band 25-49 ≠ model band 25-44. UK training course = 2-day refresher to full vocational qual — not comparable to German Umschulung (1-2yr full requalification). Steel sector ~95% male; gender-disaggregated outcome rates unavailable from public sources.",2015Q4,1,male,3298,3477,-178.8,757.0,23.0,46400,67784,-21384.5,6935.0,67.2,7.5,69.5,75.3,Apr 2015-Mar 2016,485.6,25251,983,0.5,0.95,,,35.0,,,,,,,
redcar_2015,DWP SSI JSA Statistics March 2016,https://assets.publishing.service.gov.uk/media/5a757a2ae5274a1622e22197/sahaviriya-steel-ind-ad-hoc-jsa-stats.pdf,2015-2017,Redcar / Teesside,North East England,50+,skilled_manual,primary_metals / steel_manufacturing,£25k-£35k est.,"£15k employer hiring subsidy (45+ tier — highest rate, recognising harder-to-place status); Routes to Work pilot £7.5m (Tees Valley-wide); £46m total government package","N/A — no UBI operational in UK Oct 2015. Actual baseline safety net: JSA £73.10/wk (adult rate) or £57.90/wk (under-25); ESA (support group) £109.65/wk; UC standard allowance £317.82/month. For model calibration: ubi_level = 0. UBI counterfactuals are simulation scenarios, not historical data.",52,2015Q4 (1 months post-closure),,,,,,MEDIUM,"AGE BAND: 50+. Nomis band used: Aged 50+ . Estimated SSI workers in this cell: 52 (prior: 50% of 2070).  GENDER: female. Prior: 5% of SSI workforce (UK steel industry statistic, not SSI-specific microdata).  QUARTER: 2015Q4 (1 months post-closure, Oct 2 2015).  REDCAR & CLEVELAND LA (E06000003) claimant count: 3298 quarterly avg (baseline 3477; excess vs baseline: -179).  RC LA age band claimants: 757 (23.0% of LA total).  NE ITL1 gender claimants in this age band: 3382 (32.8% of NE age-band total). NOTE: NE gender split mixes steel and non-steel workers. SSI gender prior (95% male) used for ssi_est_workers_this_cell instead.  NE LABOUR MARKET (APS Apr 2015-Mar 2016): unemployment 7.5%, employment 69.5%, activity 75.3%.  NE MEDIAN WAGE (ASHE 2015): £485.6/week (£25251/yr). SSI workers earned above NE median (skilled manual, union rates, est. £25k-£35k).  35% (720/2070) never claimed JSA at closure — split unknown (early retired / immediately re-employed / ESA/UC / left UK).  outcome_retrain_% and outcome_share_similar_% remain UNKNOWN — DWP microdata required for clean bucket split. outcome_underemployed_% proxy only (area wage data). All area-level data is NOT individual SSI worker tracking.","Nomis claimant count is AREA-LEVEL (Redcar & Cleveland LA or NE ITL1) — not individual SSI worker tracking. SSI dominated local economy so LA-level excess is largely attributable to closure, but non-SSI workers are included. JSA exit ≠ re-employed (workers may move to ESA/UC). Nomis age band 25-49 ≠ model band 25-44. UK training course = 2-day refresher to full vocational qual — not comparable to German Umschulung (1-2yr full requalification). Steel sector ~95% male; gender-disaggregated outcome rates unavailable from public sources.",2015Q4,1,female,3298,3477,-178.8,757.0,23.0,46400,67784,-21384.5,3382.0,32.8,7.5,69.5,75.3,Apr 2015-Mar 2016,485.6,25251,52,0.5,0.05,,,35.0,,,,,,,
redcar_2015,DWP SSI JSA Statistics March 2016,https://assets.publishing.service.gov.uk/media/5a757a2ae5274a1622e22197/sahaviriya-steel-ind-ad-hoc-jsa-stats.pdf,2015-2017,Redcar / Teesside,North East England,all,low_skilled,primary_metals / steel_manufacturing,<£20k,"£11k-£15k employer hiring subsidy (age-tiered: £11k under-45, £15k aged 45+); Routes to Work pilot £7.5m (Tees Valley-wide); £46m total government package (announced Oct 2015)","N/A — no UBI operational in UK Oct 2015. Actual baseline safety net: JSA £73.10/wk (adult rate) or £57.90/wk (under-25); ESA (support group) £109.65/wk; UC standard allowance £317.82/month. For model calibration: ubi_level = 0. UBI counterfactuals are simulation scenarios, not historical data.",104,2015Q4 (1 months post-closure),0.0,4.0,46.0,26.0,24.0,ESTIMATED_LOW,"INCOME BAND: <£20k. Semi-skilled process support, admin, cleaners. ASHE NE p10 (£288/wk=£15k/yr). Lowest-paid SSI cohort. Estimated 5% of workforce — LOW confidence. Outcome adjustments vs £25k-£35k baseline: retrain -2pp, share_similar -6pp, underemployed +3pp, exit +6pp, still_seeking -1pp. Source: China Shock ADH (low-wage→exit/underemployed; high-wage→share_similar) + Hartz re-employment wage analysis. All income-band outcomes ESTIMATED_LOW.  QUARTER: 2015Q4 (1 months post-closure, Oct 2 2015).  REDCAR & CLEVELAND LA (E06000003) claimant count: 3298 quarterly avg (baseline 3477; excess vs baseline: -179).  NE LABOUR MARKET (APS Apr 2015-Mar 2016): unemployment 7.5%, employment 69.5%, activity 75.3%.  NE MEDIAN WAGE (ASHE 2015): £485.6/week (£25251/yr). SSI workers earned above NE median (skilled manual, union rates, est. £25k-£35k).  35% (720/2070) never claimed JSA at closure — split unknown (early retired / immediately re-employed / ESA/UC / left UK).  outcome_retrain_% and outcome_share_similar_% remain UNKNOWN — DWP microdata required for clean bucket split. outcome_underemployed_% proxy only (area wage data). All area-level data is NOT individual SSI worker tracking.","Nomis claimant count is AREA-LEVEL (Redcar & Cleveland LA or NE ITL1) — not individual SSI worker tracking. SSI dominated local economy so LA-level excess is largely attributable to closure, but non-SSI workers are included. JSA exit ≠ re-employed (workers may move to ESA/UC). Nomis age band 25-49 ≠ model band 25-44. UK training course = 2-day refresher to full vocational qual — not comparable to German Umschulung (1-2yr full requalification). Steel sector ~95% male; gender-disaggregated outcome rates unavailable from public sources.",2015Q4,1,all,3298,3477,-178.8,,,46400,67784,-21384.5,,,7.5,69.5,75.3,Apr 2015-Mar 2016,485.6,25251,104,,,,,35.0,,,,,,,
redcar_2015,DWP SSI JSA Statistics March 2016,https://assets.publishing.service.gov.uk/media/5a757a2ae5274a1622e22197/sahaviriya-steel-ind-ad-hoc-jsa-stats.pdf,2015-2017,Redcar / Teesside,North East England,all,skilled_manual,primary_metals / steel_manufacturing,£20k-£25k,"£11k-£15k employer hiring subsidy (age-tiered: £11k under-45, £15k aged 45+); Routes to Work pilot £7.5m (Tees Valley-wide); £46m total government package (announced Oct 2015)","N/A — no UBI operational in UK Oct 2015. Actual baseline safety net: JSA £73.10/wk (adult rate) or £57.90/wk (under-25); ESA (support group) £109.65/wk; UC standard allowance £317.82/month. For model calibration: ubi_level = 0. UBI counterfactuals are simulation scenarios, not historical data.",310,2015Q4 (1 months post-closure),1.0,6.0,45.0,24.0,24.0,ESTIMATED_LOW,"INCOME BAND: £20k-£25k. Semi-skilled process operators, junior technicians. ASHE NE p25-median range (£359-£486/wk). Estimated 15% of workforce — LOW confidence. Outcome adjustments vs £25k-£35k baseline: retrain -1pp, share_similar -4pp, underemployed +2pp, exit +4pp, still_seeking -1pp. Source: China Shock ADH (low-wage→exit/underemployed; high-wage→share_similar) + Hartz re-employment wage analysis. All income-band outcomes ESTIMATED_LOW.  QUARTER: 2015Q4 (1 months post-closure, Oct 2 2015).  REDCAR & CLEVELAND LA (E06000003) claimant count: 3298 quarterly avg (baseline 3477; excess vs baseline: -179).  NE LABOUR MARKET (APS Apr 2015-Mar 2016): unemployment 7.5%, employment 69.5%, activity 75.3%.  NE MEDIAN WAGE (ASHE 2015): £485.6/week (£25251/yr). SSI workers earned above NE median (skilled manual, union rates, est. £25k-£35k).  35% (720/2070) never claimed JSA at closure — split unknown (early retired / immediately re-employed / ESA/UC / left UK).  outcome_retrain_% and outcome_share_similar_% remain UNKNOWN — DWP microdata required for clean bucket split. outcome_underemployed_% proxy only (area wage data). All area-level data is NOT individual SSI worker tracking.","Nomis claimant count is AREA-LEVEL (Redcar & Cleveland LA or NE ITL1) — not individual SSI worker tracking. SSI dominated local economy so LA-level excess is largely attributable to closure, but non-SSI workers are included. JSA exit ≠ re-employed (workers may move to ESA/UC). Nomis age band 25-49 ≠ model band 25-44. UK training course = 2-day refresher to full vocational qual — not comparable to German Umschulung (1-2yr full requalification). Steel sector ~95% male; gender-disaggregated outcome rates unavailable from public sources.",2015Q4,1,all,3298,3477,-178.8,,,46400,67784,-21384.5,,,7.5,69.5,75.3,Apr 2015-Mar 2016,485.6,25251,310,,,,,35.0,,,,,,,
redcar_2015,DWP SSI JSA Statistics March 2016,https://assets.publishing.service.gov.uk/media/5a757a2ae5274a1622e22197/sahaviriya-steel-ind-ad-hoc-jsa-stats.pdf,2015-2017,Redcar / Teesside,North East England,all,skilled_manual,primary_metals / steel_manufacturing,£25k-£35k,"£11k-£15k employer hiring subsidy (age-tiered: £11k under-45, £15k aged 45+); Routes to Work pilot £7.5m (Tees Valley-wide); £46m total government package (announced Oct 2015)","N/A — no UBI operational in UK Oct 2015. Actual baseline safety net: JSA £73.10/wk (adult rate) or £57.90/wk (under-25); ESA (support group) £109.65/wk; UC standard allowance £317.82/month. For model calibration: ubi_level = 0. UBI counterfactuals are simulation scenarios, not historical data.",1138,2015Q4 (1 months post-closure),2.0,10.0,43.0,20.0,,MEDIUM,"INCOME BAND: £25k-£35k. Skilled process operators, blast furnace operators. ASHE NE median-p75 range (£486-£679/wk). PRIMARY ESTIMATE — majority of SSI workforce. All aggregate anchors (25% still-seeking, 93% off benefits) apply directly. Outcome adjustments vs £25k-£35k baseline: retrain +0pp, share_similar +0pp, underemployed +0pp, exit +0pp, still_seeking +0pp. Source: China Shock ADH (low-wage→exit/underemployed; high-wage→share_similar) + Hartz re-employment wage analysis. All income-band outcomes ESTIMATED_LOW.  QUARTER: 2015Q4 (1 months post-closure, Oct 2 2015).  REDCAR & CLEVELAND LA (E06000003) claimant count: 3298 quarterly avg (baseline 3477; excess vs baseline: -179).  NE LABOUR MARKET (APS Apr 2015-Mar 2016): unemployment 7.5%, employment 69.5%, activity 75.3%.  NE MEDIAN WAGE (ASHE 2015): £485.6/week (£25251/yr). SSI workers earned above NE median (skilled manual, union rates, est. £25k-£35k).  35% (720/2070) never claimed JSA at closure — split unknown (early retired / immediately re-employed / ESA/UC / left UK).  outcome_retrain_% and outcome_share_similar_% remain UNKNOWN — DWP microdata required for clean bucket split. outcome_underemployed_% proxy only (area wage data). All area-level data is NOT individual SSI worker tracking.","Nomis claimant count is AREA-LEVEL (Redcar & Cleveland LA or NE ITL1) — not individual SSI worker tracking. SSI dominated local economy so LA-level excess is largely attributable to closure, but non-SSI workers are included. JSA exit ≠ re-employed (workers may move to ESA/UC). Nomis age band 25-49 ≠ model band 25-44. UK training course = 2-day refresher to full vocational qual — not comparable to German Umschulung (1-2yr full requalification). Steel sector ~95% male; gender-disaggregated outcome rates unavailable from public sources.",2015Q4,1,all,3298,3477,-178.8,,,46400,67784,-21384.5,,,7.5,69.5,75.3,Apr 2015-Mar 2016,485.6,25251,1138,,,,,35.0,,,,,,,
redcar_2015,DWP SSI JSA Statistics March 2016,https://assets.publishing.service.gov.uk/media/5a757a2ae5274a1622e22197/sahaviriya-steel-ind-ad-hoc-jsa-stats.pdf,2015-2017,Redcar / Teesside,North East England,all,skilled_manual,primary_metals / steel_manufacturing,£35k-£50k,"£11k-£15k employer hiring subsidy (age-tiered: £11k under-45, £15k aged 45+); Routes to Work pilot £7.5m (Tees Valley-wide); £46m total government package (announced Oct 2015)","N/A — no UBI operational in UK Oct 2015. Actual baseline safety net: JSA £73.10/wk (adult rate) or £57.90/wk (under-25); ESA (support group) £109.65/wk; UC standard allowance £317.82/month. For model calibration: ubi_level = 0. UBI counterfactuals are simulation scenarios, not historical data.",414,2015Q4 (1 months post-closure),3.0,17.0,37.0,16.0,27.0,ESTIMATED_LOW,"INCOME BAND: £35k-£50k. Senior operators, shift supervisors, maintenance engineers, technicians. ASHE NE p75-p90 range (£679-£882/wk). Estimated 20% of workforce — LOW confidence. Outcome adjustments vs £25k-£35k baseline: retrain +1pp, share_similar +7pp, underemployed -6pp, exit -4pp, still_seeking +2pp. Source: China Shock ADH (low-wage→exit/underemployed; high-wage→share_similar) + Hartz re-employment wage analysis. All income-band outcomes ESTIMATED_LOW.  QUARTER: 2015Q4 (1 months post-closure, Oct 2 2015).  REDCAR & CLEVELAND LA (E06000003) claimant count: 3298 quarterly avg (baseline 3477; excess vs baseline: -179).  NE LABOUR MARKET (APS Apr 2015-Mar 2016): unemployment 7.5%, employment 69.5%, activity 75.3%.  NE MEDIAN WAGE (ASHE 2015): £485.6/week (£25251/yr). SSI workers earned above NE median (skilled manual, union rates, est. £25k-£35k).  35% (720/2070) never claimed JSA at closure — split unknown (early retired / immediately re-employed / ESA/UC / left UK).  outcome_retrain_% and outcome_share_similar_% remain UNKNOWN — DWP microdata required for clean bucket split. outcome_underemployed_% proxy only (area wage data). All area-level data is NOT individual SSI worker tracking.","Nomis claimant count is AREA-LEVEL (Redcar & Cleveland LA or NE ITL1) — not individual SSI worker tracking. SSI dominated local economy so LA-level excess is largely attributable to closure, but non-SSI workers are included. JSA exit ≠ re-employed (workers may move to ESA/UC). Nomis age band 25-49 ≠ model band 25-44. UK training course = 2-day refresher to full vocational qual — not comparable to German Umschulung (1-2yr full requalification). Steel sector ~95% male; gender-disaggregated outcome rates unavailable from public sources.",2015Q4,1,all,3298,3477,-178.8,,,46400,67784,-21384.5,,,7.5,69.5,75.3,Apr 2015-Mar 2016,485.6,25251,414,,,,,35.0,,,,,,,
redcar_2015,DWP SSI JSA Statistics March 2016,https://assets.publishing.service.gov.uk/media/5a757a2ae5274a1622e22197/sahaviriya-steel-ind-ad-hoc-jsa-stats.pdf,2015-2017,Redcar / Teesside,North East England,all,professional,primary_metals / steel_manufacturing,£50k+,"£11k-£15k employer hiring subsidy (age-tiered: £11k under-45, £15k aged 45+); Routes to Work pilot £7.5m (Tees Valley-wide); £46m total government package (announced Oct 2015)","N/A — no UBI operational in UK Oct 2015. Actual baseline safety net: JSA £73.10/wk (adult rate) or £57.90/wk (under-25); ESA (support group) £109.65/wk; UC standard allowance £317.82/month. For model calibration: ubi_level = 0. UBI counterfactuals are simulation scenarios, not historical data.",104,2015Q4 (1 months post-closure),1.0,25.0,29.0,14.0,31.0,ESTIMATED_LOW,"INCOME BAND: £50k+. Plant management, senior engineers, operations managers. Above ASHE NE p90 (£882/wk=£45.9k/yr). Estimated 5% of workforce — LOW confidence. Likely had enhanced redundancy packages separate from main SSI terms. Outcome adjustments vs £25k-£35k baseline: retrain -1pp, share_similar +15pp, underemployed -14pp, exit -6pp, still_seeking +6pp. Source: China Shock ADH (low-wage→exit/underemployed; high-wage→share_similar) + Hartz re-employment wage analysis. All income-band outcomes ESTIMATED_LOW.  QUARTER: 2015Q4 (1 months post-closure, Oct 2 2015).  REDCAR & CLEVELAND LA (E06000003) claimant count: 3298 quarterly avg (baseline 3477; excess vs baseline: -179).  NE LABOUR MARKET (APS Apr 2015-Mar 2016): unemployment 7.5%, employment 69.5%, activity 75.3%.  NE MEDIAN WAGE (ASHE 2015): £485.6/week (£25251/yr). SSI workers earned above NE median (skilled manual, union rates, est. £25k-£35k).  35% (720/2070) never claimed JSA at closure — split unknown (early retired / immediately re-employed / ESA/UC / left UK).  outcome_retrain_% and outcome_share_similar_% remain UNKNOWN — DWP microdata required for clean bucket split. outcome_underemployed_% proxy only (area wage data). All area-level data is NOT individual SSI worker tracking.","Nomis claimant count is AREA-LEVEL (Redcar & Cleveland LA or NE ITL1) — not individual SSI worker tracking. SSI dominated local economy so LA-level excess is largely attributable to closure, but non-SSI workers are included. JSA exit ≠ re-employed (workers may move to ESA/UC). Nomis age band 25-49 ≠ model band 25-44. UK training course = 2-day refresher to full vocational qual — not comparable to German Umschulung (1-2yr full requalification). Steel sector ~95% male; gender-disaggregated outcome rates unavailable from public sources.",2015Q4,1,all,3298,3477,-178.8,,,46400,67784,-21384.5,,,7.5,69.5,75.3,Apr 2015-Mar 2016,485.6,25251,104,,,,,35.0,,,,,,,
redcar_2015,DWP SSI JSA Statistics March 2016,https://assets.publishing.service.gov.uk/media/5a757a2ae5274a1622e22197/sahaviriya-steel-ind-ad-hoc-jsa-stats.pdf,2015-2017,Redcar / Teesside,North East England,all,skilled_manual,primary_metals / steel_manufacturing,£25k-£35k est.,"£11k-£15k employer hiring subsidy (age-tiered: £11k under-45, £15k aged 45+); Routes to Work pilot £7.5m (Tees Valley-wide); £46m total government package (announced Oct 2015)","N/A — no UBI operational in UK Oct 2015. Actual baseline safety net: JSA £73.10/wk (adult rate) or £57.90/wk (under-25); ESA (support group) £109.65/wk; UC standard allowance £317.82/month. For model calibration: ubi_level = 0. UBI counterfactuals are simulation scenarios, not historical data.",2070,2016Q1 (4 months post-closure),,,,,25.0,HIGH,"QUARTER: 2016Q1 (4 months post-closure, Oct 2 2015).  REDCAR & CLEVELAND LA (E06000003) claimant count: 3622 quarterly avg (baseline 3477; excess vs baseline: +145).  NE LABOUR MARKET (APS Jul 2015-Jun 2016): unemployment 7.7%, employment 69.4%, activity 75.3%.  NE MEDIAN WAGE (ASHE 2016): £492.4/week (£25605/yr). SSI workers earned above NE median (skilled manual, union rates, est. £25k-£35k).  OUTCOME ANCHOR — still_seeking: 25.0% (540/2070 still on JSA, DWP Feb 2016). 35% (720/2070) never claimed JSA — cannot split into model buckets (could be retired, immediately re-employed, on ESA/UC, left UK). 40% left JSA by Feb 2016 but DWP warns ≠ re-employed.  outcome_retrain_% and outcome_share_similar_% remain UNKNOWN — DWP microdata required for clean bucket split. outcome_underemployed_% proxy only (area wage data). All area-level data is NOT individual SSI worker tracking.","Nomis claimant count is AREA-LEVEL (Redcar & Cleveland LA or NE ITL1) — not individual SSI worker tracking. SSI dominated local economy so LA-level excess is largely attributable to closure, but non-SSI workers are included. JSA exit ≠ re-employed (workers may move to ESA/UC). Nomis age band 25-49 ≠ model band 25-44. UK training course = 2-day refresher to full vocational qual — not comparable to German Umschulung (1-2yr full requalification). Steel sector ~95% male; gender-disaggregated outcome rates unavailable from public sources.",2016Q1,4,all,3622,3477,144.6,,,51045,67784,-16739.5,,,7.7,69.4,75.3,Jul 2015-Jun 2016,492.4,25605,2070,,,,,35.0,,,,,,,
redcar_2015,DWP SSI JSA Statistics March 2016,https://assets.publishing.service.gov.uk/media/5a757a2ae5274a1622e22197/sahaviriya-steel-ind-ad-hoc-jsa-stats.pdf,2015-2017,Redcar / Teesside,North East England,16-24,skilled_manual,primary_metals / steel_manufacturing,£25k-£35k est.,£11k employer hiring subsidy (under-45 tier); Routes to Work pilot £7.5m (Tees Valley-wide); Employer Ownership of Skills pilot; £46m total government package,"N/A — no UBI operational in UK Oct 2015. Actual baseline safety net: JSA £73.10/wk (adult rate) or £57.90/wk (under-25); ESA (support group) £109.65/wk; UC standard allowance £317.82/month. For model calibration: ubi_level = 0. UBI counterfactuals are simulation scenarios, not historical data.",207,2016Q1 (4 months post-closure),,,,,25.0,HIGH,"AGE BAND: 16-24. Nomis band used: Aged 16-24 . Estimated SSI workers in this cell: 207 (prior: 10% of 2070).  QUARTER: 2016Q1 (4 months post-closure, Oct 2 2015).  REDCAR & CLEVELAND LA (E06000003) claimant count: 3622 quarterly avg (baseline 3477; excess vs baseline: +145).  RC LA age band claimants: 775 (21.5% of LA total).  NE LABOUR MARKET (APS Jul 2015-Jun 2016): unemployment 7.7%, employment 69.4%, activity 75.3%.  NE MEDIAN WAGE (ASHE 2016): £492.4/week (£25605/yr). SSI workers earned above NE median (skilled manual, union rates, est. £25k-£35k).  OUTCOME ANCHOR — still_seeking: 25.0% (540/2070 still on JSA, DWP Feb 2016). 35% (720/2070) never claimed JSA — cannot split into model buckets (could be retired, immediately re-employed, on ESA/UC, left UK). 40% left JSA by Feb 2016 but DWP warns ≠ re-employed.  outcome_retrain_% and outcome_share_similar_% remain UNKNOWN — DWP microdata required for clean bucket split. outcome_underemployed_% proxy only (area wage data). All area-level data is NOT individual SSI worker tracking.","Nomis claimant count is AREA-LEVEL (Redcar & Cleveland LA or NE ITL1) — not individual SSI worker tracking. SSI dominated local economy so LA-level excess is largely attributable to closure, but non-SSI workers are included. JSA exit ≠ re-employed (workers may move to ESA/UC). Nomis age band 25-49 ≠ model band 25-44. UK training course = 2-day refresher to full vocational qual — not comparable to German Umschulung (1-2yr full requalification). Steel sector ~95% male; gender-disaggregated outcome rates unavailable from public sources.",2016Q1,4,all,3622,3477,144.6,775.0,21.5,51045,67784,-16739.5,,,7.7,69.4,75.3,Jul 2015-Jun 2016,492.4,25605,207,0.1,,,,35.0,,,,,,,
redcar_2015,DWP SSI JSA Statistics March 2016,https://assets.publishing.service.gov.uk/media/5a757a2ae5274a1622e22197/sahaviriya-steel-ind-ad-hoc-jsa-stats.pdf,2015-2017,Redcar / Teesside,North East England,25-49,skilled_manual,primary_metals / steel_manufacturing,£25k-£35k est.,£11k employer hiring subsidy (under-45 tier); Routes to Work pilot £7.5m (Tees Valley-wide); £46m total government package,"N/A — no UBI operational in UK Oct 2015. Actual baseline safety net: JSA £73.10/wk (adult rate) or £57.90/wk (under-25); ESA (support group) £109.65/wk; UC standard allowance £317.82/month. For model calibration: ubi_level = 0. UBI counterfactuals are simulation scenarios, not historical data.",828,2016Q1 (4 months post-closure),,,,,25.0,HIGH,"AGE BAND: 25-49. Nomis band used: Aged 25-49 (NOTE: Nomis uses 25-49, not 25-44 — document mismatch). Estimated SSI workers in this cell: 828 (prior: 40% of 2070).  QUARTER: 2016Q1 (4 months post-closure, Oct 2 2015).  REDCAR & CLEVELAND LA (E06000003) claimant count: 3622 quarterly avg (baseline 3477; excess vs baseline: +145).  RC LA age band claimants: 1963 (54.4% of LA total).  NE LABOUR MARKET (APS Jul 2015-Jun 2016): unemployment 7.7%, employment 69.4%, activity 75.3%.  NE MEDIAN WAGE (ASHE 2016): £492.4/week (£25605/yr). SSI workers earned above NE median (skilled manual, union rates, est. £25k-£35k).  OUTCOME ANCHOR — still_seeking: 25.0% (540/2070 still on JSA, DWP Feb 2016). 35% (720/2070) never claimed JSA — cannot split into model buckets (could be retired, immediately re-employed, on ESA/UC, left UK). 40% left JSA by Feb 2016 but DWP warns ≠ re-employed.  outcome_retrain_% and outcome_share_similar_% remain UNKNOWN — DWP microdata required for clean bucket split. outcome_underemployed_% proxy only (area wage data). All area-level data is NOT individual SSI worker tracking.","Nomis claimant count is AREA-LEVEL (Redcar & Cleveland LA or NE ITL1) — not individual SSI worker tracking. SSI dominated local economy so LA-level excess is largely attributable to closure, but non-SSI workers are included. JSA exit ≠ re-employed (workers may move to ESA/UC). Nomis age band 25-49 ≠ model band 25-44. UK training course = 2-day refresher to full vocational qual — not comparable to German Umschulung (1-2yr full requalification). Steel sector ~95% male; gender-disaggregated outcome rates unavailable from public sources.",2016Q1,4,all,3622,3477,144.6,1963.0,54.4,51045,67784,-16739.5,,,7.7,69.4,75.3,Jul 2015-Jun 2016,492.4,25605,828,0.4,,,,35.0,,,,,,,
redcar_2015,DWP SSI JSA Statistics March 2016,https://assets.publishing.service.gov.uk/media/5a757a2ae5274a1622e22197/sahaviriya-steel-ind-ad-hoc-jsa-stats.pdf,2015-2017,Redcar / Teesside,North East England,50+,skilled_manual,primary_metals / steel_manufacturing,£25k-£35k est.,"£15k employer hiring subsidy (45+ tier — highest rate, recognising harder-to-place status); Routes to Work pilot £7.5m (Tees Valley-wide); £46m total government package","N/A — no UBI operational in UK Oct 2015. Actual baseline safety net: JSA £73.10/wk (adult rate) or £57.90/wk (under-25); ESA (support group) £109.65/wk; UC standard allowance £317.82/month. For model calibration: ubi_level = 0. UBI counterfactuals are simulation scenarios, not historical data.",1035,2016Q1 (4 months post-closure),,,,,25.0,HIGH,"AGE BAND: 50+. Nomis band used: Aged 50+ . Estimated SSI workers in this cell: 1035 (prior: 50% of 2070).  QUARTER: 2016Q1 (4 months post-closure, Oct 2 2015).  REDCAR & CLEVELAND LA (E06000003) claimant count: 3622 quarterly avg (baseline 3477; excess vs baseline: +145).  RC LA age band claimants: 872 (24.1% of LA total).  NE LABOUR MARKET (APS Jul 2015-Jun 2016): unemployment 7.7%, employment 69.4%, activity 75.3%.  NE MEDIAN WAGE (ASHE 2016): £492.4/week (£25605/yr). SSI workers earned above NE median (skilled manual, union rates, est. £25k-£35k).  OUTCOME ANCHOR — still_seeking: 25.0% (540/2070 still on JSA, DWP Feb 2016). 35% (720/2070) never claimed JSA — cannot split into model buckets (could be retired, immediately re-employed, on ESA/UC, left UK). 40% left JSA by Feb 2016 but DWP warns ≠ re-employed.  outcome_retrain_% and outcome_share_similar_% remain UNKNOWN — DWP microdata required for clean bucket split. outcome_underemployed_% proxy only (area wage data). All area-level data is NOT individual SSI worker tracking.","Nomis claimant count is AREA-LEVEL (Redcar & Cleveland LA or NE ITL1) — not individual SSI worker tracking. SSI dominated local economy so LA-level excess is largely attributable to closure, but non-SSI workers are included. JSA exit ≠ re-employed (workers may move to ESA/UC). Nomis age band 25-49 ≠ model band 25-44. UK training course = 2-day refresher to full vocational qual — not comparable to German Umschulung (1-2yr full requalification). Steel sector ~95% male; gender-disaggregated outcome rates unavailable from public sources.",2016Q1,4,all,3622,3477,144.6,872.0,24.1,51045,67784,-16739.5,,,7.7,69.4,75.3,Jul 2015-Jun 2016,492.4,25605,1035,0.5,,,,35.0,,,,,,,
redcar_2015,DWP SSI JSA Statistics March 2016,https://assets.publishing.service.gov.uk/media/5a757a2ae5274a1622e22197/sahaviriya-steel-ind-ad-hoc-jsa-stats.pdf,2015-2017,Redcar / Teesside,North East England,16-24,skilled_manual,primary_metals / steel_manufacturing,£25k-£35k est.,£11k employer hiring subsidy (under-45 tier); Routes to Work pilot £7.5m (Tees Valley-wide); Employer Ownership of Skills pilot; £46m total government package,"N/A — no UBI operational in UK Oct 2015. Actual baseline safety net: JSA £73.10/wk (adult rate) or £57.90/wk (under-25); ESA (support group) £109.65/wk; UC standard allowance £317.82/month. For model calibration: ubi_level = 0. UBI counterfactuals are simulation scenarios, not historical data.",197,2016Q1 (4 months post-closure),,,,,25.0,HIGH,"AGE BAND: 16-24. Nomis band used: Aged 16-24 . Estimated SSI workers in this cell: 197 (prior: 10% of 2070).  GENDER: male. Prior: 95% of SSI workforce (UK steel industry statistic, not SSI-specific microdata).  QUARTER: 2016Q1 (4 months post-closure, Oct 2 2015).  REDCAR & CLEVELAND LA (E06000003) claimant count: 3622 quarterly avg (baseline 3477; excess vs baseline: +145).  RC LA age band claimants: 775 (21.5% of LA total).  NE ITL1 gender claimants in this age band: 7908 (68.0% of NE age-band total). NOTE: NE gender split mixes steel and non-steel workers. SSI gender prior (95% male) used for ssi_est_workers_this_cell instead.  NE LABOUR MARKET (APS Jul 2015-Jun 2016): unemployment 7.7%, employment 69.4%, activity 75.3%.  NE MEDIAN WAGE (ASHE 2016): £492.4/week (£25605/yr). SSI workers earned above NE median (skilled manual, union rates, est. £25k-£35k).  OUTCOME ANCHOR — still_seeking: 25.0% (540/2070 still on JSA, DWP Feb 2016). 35% (720/2070) never claimed JSA — cannot split into model buckets (could be retired, immediately re-employed, on ESA/UC, left UK). 40% left JSA by Feb 2016 but DWP warns ≠ re-employed.  outcome_retrain_% and outcome_share_similar_% remain UNKNOWN — DWP microdata required for clean bucket split. outcome_underemployed_% proxy only (area wage data). All area-level data is NOT individual SSI worker tracking.","Nomis claimant count is AREA-LEVEL (Redcar & Cleveland LA or NE ITL1) — not individual SSI worker tracking. SSI dominated local economy so LA-level excess is largely attributable to closure, but non-SSI workers are included. JSA exit ≠ re-employed (workers may move to ESA/UC). Nomis age band 25-49 ≠ model band 25-44. UK training course = 2-day refresher to full vocational qual — not comparable to German Umschulung (1-2yr full requalification). Steel sector ~95% male; gender-disaggregated outcome rates unavailable from public sources.",2016Q1,4,male,3622,3477,144.6,775.0,21.5,51045,67784,-16739.5,7908.0,68.0,7.7,69.4,75.3,Jul 2015-Jun 2016,492.4,25605,197,0.1,0.95,,,35.0,,,,,,,
redcar_2015,DWP SSI JSA Statistics March 2016,https://assets.publishing.service.gov.uk/media/5a757a2ae5274a1622e22197/sahaviriya-steel-ind-ad-hoc-jsa-stats.pdf,2015-2017,Redcar / Teesside,North East England,16-24,skilled_manual,primary_metals / steel_manufacturing,£25k-£35k est.,£11k employer hiring subsidy (under-45 tier); Routes to Work pilot £7.5m (Tees Valley-wide); Employer Ownership of Skills pilot; £46m total government package,"N/A — no UBI operational in UK Oct 2015. Actual baseline safety net: JSA £73.10/wk (adult rate) or £57.90/wk (under-25); ESA (support group) £109.65/wk; UC standard allowance £317.82/month. For model calibration: ubi_level = 0. UBI counterfactuals are simulation scenarios, not historical data.",10,2016Q1 (4 months post-closure),,,,,25.0,HIGH,"AGE BAND: 16-24. Nomis band used: Aged 16-24 . Estimated SSI workers in this cell: 10 (prior: 10% of 2070).  GENDER: female. Prior: 5% of SSI workforce (UK steel industry statistic, not SSI-specific microdata).  QUARTER: 2016Q1 (4 months post-closure, Oct 2 2015).  REDCAR & CLEVELAND LA (E06000003) claimant count: 3622 quarterly avg (baseline 3477; excess vs baseline: +145).  RC LA age band claimants: 775 (21.5% of LA total).  NE ITL1 gender claimants in this age band: 3728 (32.0% of NE age-band total). NOTE: NE gender split mixes steel and non-steel workers. SSI gender prior (95% male) used for ssi_est_workers_this_cell instead.  NE LABOUR MARKET (APS Jul 2015-Jun 2016): unemployment 7.7%, employment 69.4%, activity 75.3%.  NE MEDIAN WAGE (ASHE 2016): £492.4/week (£25605/yr). SSI workers earned above NE median (skilled manual, union rates, est. £25k-£35k).  OUTCOME ANCHOR — still_seeking: 25.0% (540/2070 still on JSA, DWP Feb 2016). 35% (720/2070) never claimed JSA — cannot split into model buckets (could be retired, immediately re-employed, on ESA/UC, left UK). 40% left JSA by Feb 2016 but DWP warns ≠ re-employed.  outcome_retrain_% and outcome_share_similar_% remain UNKNOWN — DWP microdata required for clean bucket split. outcome_underemployed_% proxy only (area wage data). All area-level data is NOT individual SSI worker tracking.","Nomis claimant count is AREA-LEVEL (Redcar & Cleveland LA or NE ITL1) — not individual SSI worker tracking. SSI dominated local economy so LA-level excess is largely attributable to closure, but non-SSI workers are included. JSA exit ≠ re-employed (workers may move to ESA/UC). Nomis age band 25-49 ≠ model band 25-44. UK training course = 2-day refresher to full vocational qual — not comparable to German Umschulung (1-2yr full requalification). Steel sector ~95% male; gender-disaggregated outcome rates unavailable from public sources.",2016Q1,4,female,3622,3477,144.6,775.0,21.5,51045,67784,-16739.5,3728.0,32.0,7.7,69.4,75.3,Jul 2015-Jun 2016,492.4,25605,10,0.1,0.05,,,35.0,,,,,,,
redcar_2015,DWP SSI JSA Statistics March 2016,https://assets.publishing.service.gov.uk/media/5a757a2ae5274a1622e22197/sahaviriya-steel-ind-ad-hoc-jsa-stats.pdf,2015-2017,Redcar / Teesside,North East England,25-49,skilled_manual,primary_metals / steel_manufacturing,£25k-£35k est.,£11k employer hiring subsidy (under-45 tier); Routes to Work pilot £7.5m (Tees Valley-wide); £46m total government package,"N/A — no UBI operational in UK Oct 2015. Actual baseline safety net: JSA £73.10/wk (adult rate) or £57.90/wk (under-25); ESA (support group) £109.65/wk; UC standard allowance £317.82/month. For model calibration: ubi_level = 0. UBI counterfactuals are simulation scenarios, not historical data.",787,2016Q1 (4 months post-closure),,,,,25.0,HIGH,"AGE BAND: 25-49. Nomis band used: Aged 25-49 (NOTE: Nomis uses 25-49, not 25-44 — document mismatch). Estimated SSI workers in this cell: 787 (prior: 40% of 2070).  GENDER: male. Prior: 95% of SSI workforce (UK steel industry statistic, not SSI-specific microdata).  QUARTER: 2016Q1 (4 months post-closure, Oct 2 2015).  REDCAR & CLEVELAND LA (E06000003) claimant count: 3622 quarterly avg (baseline 3477; excess vs baseline: +145).  RC LA age band claimants: 1963 (54.4% of LA total).  NE ITL1 gender claimants in this age band: 18838 (68.5% of NE age-band total). NOTE: NE gender split mixes steel and non-steel workers. SSI gender prior (95% male) used for ssi_est_workers_this_cell instead.  NE LABOUR MARKET (APS Jul 2015-Jun 2016): unemployment 7.7%, employment 69.4%, activity 75.3%.  NE MEDIAN WAGE (ASHE 2016): £492.4/week (£25605/yr). SSI workers earned above NE median (skilled manual, union rates, est. £25k-£35k).  OUTCOME ANCHOR — still_seeking: 25.0% (540/2070 still on JSA, DWP Feb 2016). 35% (720/2070) never claimed JSA — cannot split into model buckets (could be retired, immediately re-employed, on ESA/UC, left UK). 40% left JSA by Feb 2016 but DWP warns ≠ re-employed.  outcome_retrain_% and outcome_share_similar_% remain UNKNOWN — DWP microdata required for clean bucket split. outcome_underemployed_% proxy only (area wage data). All area-level data is NOT individual SSI worker tracking.","Nomis claimant count is AREA-LEVEL (Redcar & Cleveland LA or NE ITL1) — not individual SSI worker tracking. SSI dominated local economy so LA-level excess is largely attributable to closure, but non-SSI workers are included. JSA exit ≠ re-employed (workers may move to ESA/UC). Nomis age band 25-49 ≠ model band 25-44. UK training course = 2-day refresher to full vocational qual — not comparable to German Umschulung (1-2yr full requalification). Steel sector ~95% male; gender-disaggregated outcome rates unavailable from public sources.",2016Q1,4,male,3622,3477,144.6,1963.0,54.4,51045,67784,-16739.5,18838.0,68.5,7.7,69.4,75.3,Jul 2015-Jun 2016,492.4,25605,787,0.4,0.95,,,35.0,,,,,,,
redcar_2015,DWP SSI JSA Statistics March 2016,https://assets.publishing.service.gov.uk/media/5a757a2ae5274a1622e22197/sahaviriya-steel-ind-ad-hoc-jsa-stats.pdf,2015-2017,Redcar / Teesside,North East England,25-49,skilled_manual,primary_metals / steel_manufacturing,£25k-£35k est.,£11k employer hiring subsidy (under-45 tier); Routes to Work pilot £7.5m (Tees Valley-wide); £46m total government package,"N/A — no UBI operational in UK Oct 2015. Actual baseline safety net: JSA £73.10/wk (adult rate) or £57.90/wk (under-25); ESA (support group) £109.65/wk; UC standard allowance £317.82/month. For model calibration: ubi_level = 0. UBI counterfactuals are simulation scenarios, not historical data.",41,2016Q1 (4 months post-closure),,,,,25.0,HIGH,"AGE BAND: 25-49. Nomis band used: Aged 25-49 (NOTE: Nomis uses 25-49, not 25-44 — document mismatch). Estimated SSI workers in this cell: 41 (prior: 40% of 2070).  GENDER: female. Prior: 5% of SSI workforce (UK steel industry statistic, not SSI-specific microdata).  QUARTER: 2016Q1 (4 months post-closure, Oct 2 2015).  REDCAR & CLEVELAND LA (E06000003) claimant count: 3622 quarterly avg (baseline 3477; excess vs baseline: +145).  RC LA age band claimants: 1963 (54.4% of LA total).  NE ITL1 gender claimants in this age band: 8682 (31.5% of NE age-band total). NOTE: NE gender split mixes steel and non-steel workers. SSI gender prior (95% male) used for ssi_est_workers_this_cell instead.  NE LABOUR MARKET (APS Jul 2015-Jun 2016): unemployment 7.7%, employment 69.4%, activity 75.3%.  NE MEDIAN WAGE (ASHE 2016): £492.4/week (£25605/yr). SSI workers earned above NE median (skilled manual, union rates, est. £25k-£35k).  OUTCOME ANCHOR — still_seeking: 25.0% (540/2070 still on JSA, DWP Feb 2016). 35% (720/2070) never claimed JSA — cannot split into model buckets (could be retired, immediately re-employed, on ESA/UC, left UK). 40% left JSA by Feb 2016 but DWP warns ≠ re-employed.  outcome_retrain_% and outcome_share_similar_% remain UNKNOWN — DWP microdata required for clean bucket split. outcome_underemployed_% proxy only (area wage data). All area-level data is NOT individual SSI worker tracking.","Nomis claimant count is AREA-LEVEL (Redcar & Cleveland LA or NE ITL1) — not individual SSI worker tracking. SSI dominated local economy so LA-level excess is largely attributable to closure, but non-SSI workers are included. JSA exit ≠ re-employed (workers may move to ESA/UC). Nomis age band 25-49 ≠ model band 25-44. UK training course = 2-day refresher to full vocational qual — not comparable to German Umschulung (1-2yr full requalification). Steel sector ~95% male; gender-disaggregated outcome rates unavailable from public sources.",2016Q1,4,female,3622,3477,144.6,1963.0,54.4,51045,67784,-16739.5,8682.0,31.5,7.7,69.4,75.3,Jul 2015-Jun 2016,492.4,25605,41,0.4,0.05,,,35.0,,,,,,,
redcar_2015,DWP SSI JSA Statistics March 2016,https://assets.publishing.service.gov.uk/media/5a757a2ae5274a1622e22197/sahaviriya-steel-ind-ad-hoc-jsa-stats.pdf,2015-2017,Redcar / Teesside,North East England,50+,skilled_manual,primary_metals / steel_manufacturing,£25k-£35k est.,"£15k employer hiring subsidy (45+ tier — highest rate, recognising harder-to-place status); Routes to Work pilot £7.5m (Tees Valley-wide); £46m total government package","N/A — no UBI operational in UK Oct 2015. Actual baseline safety net: JSA £73.10/wk (adult rate) or £57.90/wk (under-25); ESA (support group) £109.65/wk; UC standard allowance £317.82/month. For model calibration: ubi_level = 0. UBI counterfactuals are simulation scenarios, not historical data.",983,2016Q1 (4 months post-closure),,,,,25.0,HIGH,"AGE BAND: 50+. Nomis band used: Aged 50+ . Estimated SSI workers in this cell: 983 (prior: 50% of 2070).  GENDER: male. Prior: 95% of SSI workforce (UK steel industry statistic, not SSI-specific microdata).  QUARTER: 2016Q1 (4 months post-closure, Oct 2 2015).  REDCAR & CLEVELAND LA (E06000003) claimant count: 3622 quarterly avg (baseline 3477; excess vs baseline: +145).  RC LA age band claimants: 872 (24.1% of LA total).  NE ITL1 gender claimants in this age band: 8035 (67.9% of NE age-band total). NOTE: NE gender split mixes steel and non-steel workers. SSI gender prior (95% male) used for ssi_est_workers_this_cell instead.  NE LABOUR MARKET (APS Jul 2015-Jun 2016): unemployment 7.7%, employment 69.4%, activity 75.3%.  NE MEDIAN WAGE (ASHE 2016): £492.4/week (£25605/yr). SSI workers earned above NE median (skilled manual, union rates, est. £25k-£35k).  OUTCOME ANCHOR — still_seeking: 25.0% (540/2070 still on JSA, DWP Feb 2016). 35% (720/2070) never claimed JSA — cannot split into model buckets (could be retired, immediately re-employed, on ESA/UC, left UK). 40% left JSA by Feb 2016 but DWP warns ≠ re-employed.  outcome_retrain_% and outcome_share_similar_% remain UNKNOWN — DWP microdata required for clean bucket split. outcome_underemployed_% proxy only (area wage data). All area-level data is NOT individual SSI worker tracking.","Nomis claimant count is AREA-LEVEL (Redcar & Cleveland LA or NE ITL1) — not individual SSI worker tracking. SSI dominated local economy so LA-level excess is largely attributable to closure, but non-SSI workers are included. JSA exit ≠ re-employed (workers may move to ESA/UC). Nomis age band 25-49 ≠ model band 25-44. UK training course = 2-day refresher to full vocational qual — not comparable to German Umschulung (1-2yr full requalification). Steel sector ~95% male; gender-disaggregated outcome rates unavailable from public sources.",2016Q1,4,male,3622,3477,144.6,872.0,24.1,51045,67784,-16739.5,8035.0,67.9,7.7,69.4,75.3,Jul 2015-Jun 2016,492.4,25605,983,0.5,0.95,,,35.0,,,,,,,
redcar_2015,DWP SSI JSA Statistics March 2016,https://assets.publishing.service.gov.uk/media/5a757a2ae5274a1622e22197/sahaviriya-steel-ind-ad-hoc-jsa-stats.pdf,2015-2017,Redcar / Teesside,North East England,50+,skilled_manual,primary_metals / steel_manufacturing,£25k-£35k est.,"£15k employer hiring subsidy (45+ tier — highest rate, recognising harder-to-place status); Routes to Work pilot £7.5m (Tees Valley-wide); £46m total government package","N/A — no UBI operational in UK Oct 2015. Actual baseline safety net: JSA £73.10/wk (adult rate) or £57.90/wk (under-25); ESA (support group) £109.65/wk; UC standard allowance £317.82/month. For model calibration: ubi_level = 0. UBI counterfactuals are simulation scenarios, not historical data.",52,2016Q1 (4 months post-closure),,,,,25.0,HIGH,"AGE BAND: 50+. Nomis band used: Aged 50+ . Estimated SSI workers in this cell: 52 (prior: 50% of 2070).  GENDER: female. Prior: 5% of SSI workforce (UK steel industry statistic, not SSI-specific microdata).  QUARTER: 2016Q1 (4 months post-closure, Oct 2 2015).  REDCAR & CLEVELAND LA (E06000003) claimant count: 3622 quarterly avg (baseline 3477; excess vs baseline: +145).  RC LA age band claimants: 872 (24.1% of LA total).  NE ITL1 gender claimants in this age band: 3800 (32.1% of NE age-band total). NOTE: NE gender split mixes steel and non-steel workers. SSI gender prior (95% male) used for ssi_est_workers_this_cell instead.  NE LABOUR MARKET (APS Jul 2015-Jun 2016): unemployment 7.7%, employment 69.4%, activity 75.3%.  NE MEDIAN WAGE (ASHE 2016): £492.4/week (£25605/yr). SSI workers earned above NE median (skilled manual, union rates, est. £25k-£35k).  OUTCOME ANCHOR — still_seeking: 25.0% (540/2070 still on JSA, DWP Feb 2016). 35% (720/2070) never claimed JSA — cannot split into model buckets (could be retired, immediately re-employed, on ESA/UC, left UK). 40% left JSA by Feb 2016 but DWP warns ≠ re-employed.  outcome_retrain_% and outcome_share_similar_% remain UNKNOWN — DWP microdata required for clean bucket split. outcome_underemployed_% proxy only (area wage data). All area-level data is NOT individual SSI worker tracking.","Nomis claimant count is AREA-LEVEL (Redcar & Cleveland LA or NE ITL1) — not individual SSI worker tracking. SSI dominated local economy so LA-level excess is largely attributable to closure, but non-SSI workers are included. JSA exit ≠ re-employed (workers may move to ESA/UC). Nomis age band 25-49 ≠ model band 25-44. UK training course = 2-day refresher to full vocational qual — not comparable to German Umschulung (1-2yr full requalification). Steel sector ~95% male; gender-disaggregated outcome rates unavailable from public sources.",2016Q1,4,female,3622,3477,144.6,872.0,24.1,51045,67784,-16739.5,3800.0,32.1,7.7,69.4,75.3,Jul 2015-Jun 2016,492.4,25605,52,0.5,0.05,,,35.0,,,,,,,
redcar_2015,DWP SSI JSA Statistics March 2016,https://assets.publishing.service.gov.uk/media/5a757a2ae5274a1622e22197/sahaviriya-steel-ind-ad-hoc-jsa-stats.pdf,2015-2017,Redcar / Teesside,North East England,all,low_skilled,primary_metals / steel_manufacturing,<£20k,"£11k-£15k employer hiring subsidy (age-tiered: £11k under-45, £15k aged 45+); Routes to Work pilot £7.5m (Tees Valley-wide); £46m total government package (announced Oct 2015)","N/A — no UBI operational in UK Oct 2015. Actual baseline safety net: JSA £73.10/wk (adult rate) or £57.90/wk (under-25); ESA (support group) £109.65/wk; UC standard allowance £317.82/month. For model calibration: ubi_level = 0. UBI counterfactuals are simulation scenarios, not historical data.",104,2016Q1 (4 months post-closure),0.0,4.0,46.0,26.0,24.0,ESTIMATED_LOW,"INCOME BAND: <£20k. Semi-skilled process support, admin, cleaners. ASHE NE p10 (£288/wk=£15k/yr). Lowest-paid SSI cohort. Estimated 5% of workforce — LOW confidence. Outcome adjustments vs £25k-£35k baseline: retrain -2pp, share_similar -6pp, underemployed +3pp, exit +6pp, still_seeking -1pp. Source: China Shock ADH (low-wage→exit/underemployed; high-wage→share_similar) + Hartz re-employment wage analysis. All income-band outcomes ESTIMATED_LOW.  QUARTER: 2016Q1 (4 months post-closure, Oct 2 2015).  REDCAR & CLEVELAND LA (E06000003) claimant count: 3622 quarterly avg (baseline 3477; excess vs baseline: +145).  NE LABOUR MARKET (APS Jul 2015-Jun 2016): unemployment 7.7%, employment 69.4%, activity 75.3%.  NE MEDIAN WAGE (ASHE 2016): £492.4/week (£25605/yr). SSI workers earned above NE median (skilled manual, union rates, est. £25k-£35k).  OUTCOME ANCHOR — still_seeking: 25.0% (540/2070 still on JSA, DWP Feb 2016). 35% (720/2070) never claimed JSA — cannot split into model buckets (could be retired, immediately re-employed, on ESA/UC, left UK). 40% left JSA by Feb 2016 but DWP warns ≠ re-employed.  outcome_retrain_% and outcome_share_similar_% remain UNKNOWN — DWP microdata required for clean bucket split. outcome_underemployed_% proxy only (area wage data). All area-level data is NOT individual SSI worker tracking.","Nomis claimant count is AREA-LEVEL (Redcar & Cleveland LA or NE ITL1) — not individual SSI worker tracking. SSI dominated local economy so LA-level excess is largely attributable to closure, but non-SSI workers are included. JSA exit ≠ re-employed (workers may move to ESA/UC). Nomis age band 25-49 ≠ model band 25-44. UK training course = 2-day refresher to full vocational qual — not comparable to German Umschulung (1-2yr full requalification). Steel sector ~95% male; gender-disaggregated outcome rates unavailable from public sources.",2016Q1,4,all,3622,3477,144.6,,,51045,67784,-16739.5,,,7.7,69.4,75.3,Jul 2015-Jun 2016,492.4,25605,104,,,,,35.0,,,,,,,
redcar_2015,DWP SSI JSA Statistics March 2016,https://assets.publishing.service.gov.uk/media/5a757a2ae5274a1622e22197/sahaviriya-steel-ind-ad-hoc-jsa-stats.pdf,2015-2017,Redcar / Teesside,North East England,all,skilled_manual,primary_metals / steel_manufacturing,£20k-£25k,"£11k-£15k employer hiring subsidy (age-tiered: £11k under-45, £15k aged 45+); Routes to Work pilot £7.5m (Tees Valley-wide); £46m total government package (announced Oct 2015)","N/A — no UBI operational in UK Oct 2015. Actual baseline safety net: JSA £73.10/wk (adult rate) or £57.90/wk (under-25); ESA (support group) £109.65/wk; UC standard allowance £317.82/month. For model calibration: ubi_level = 0. UBI counterfactuals are simulation scenarios, not historical data.",310,2016Q1 (4 months post-closure),1.0,6.0,45.0,24.0,24.0,ESTIMATED_LOW,"INCOME BAND: £20k-£25k. Semi-skilled process operators, junior technicians. ASHE NE p25-median range (£359-£486/wk). Estimated 15% of workforce — LOW confidence. Outcome adjustments vs £25k-£35k baseline: retrain -1pp, share_similar -4pp, underemployed +2pp, exit +4pp, still_seeking -1pp. Source: China Shock ADH (low-wage→exit/underemployed; high-wage→share_similar) + Hartz re-employment wage analysis. All income-band outcomes ESTIMATED_LOW.  QUARTER: 2016Q1 (4 months post-closure, Oct 2 2015).  REDCAR & CLEVELAND LA (E06000003) claimant count: 3622 quarterly avg (baseline 3477; excess vs baseline: +145).  NE LABOUR MARKET (APS Jul 2015-Jun 2016): unemployment 7.7%, employment 69.4%, activity 75.3%.  NE MEDIAN WAGE (ASHE 2016): £492.4/week (£25605/yr). SSI workers earned above NE median (skilled manual, union rates, est. £25k-£35k).  OUTCOME ANCHOR — still_seeking: 25.0% (540/2070 still on JSA, DWP Feb 2016). 35% (720/2070) never claimed JSA — cannot split into model buckets (could be retired, immediately re-employed, on ESA/UC, left UK). 40% left JSA by Feb 2016 but DWP warns ≠ re-employed.  outcome_retrain_% and outcome_share_similar_% remain UNKNOWN — DWP microdata required for clean bucket split. outcome_underemployed_% proxy only (area wage data). All area-level data is NOT individual SSI worker tracking.","Nomis claimant count is AREA-LEVEL (Redcar & Cleveland LA or NE ITL1) — not individual SSI worker tracking. SSI dominated local economy so LA-level excess is largely attributable to closure, but non-SSI workers are included. JSA exit ≠ re-employed (workers may move to ESA/UC). Nomis age band 25-49 ≠ model band 25-44. UK training course = 2-day refresher to full vocational qual — not comparable to German Umschulung (1-2yr full requalification). Steel sector ~95% male; gender-disaggregated outcome rates unavailable from public sources.",2016Q1,4,all,3622,3477,144.6,,,51045,67784,-16739.5,,,7.7,69.4,75.3,Jul 2015-Jun 2016,492.4,25605,310,,,,,35.0,,,,,,,
redcar_2015,DWP SSI JSA Statistics March 2016,https://assets.publishing.service.gov.uk/media/5a757a2ae5274a1622e22197/sahaviriya-steel-ind-ad-hoc-jsa-stats.pdf,2015-2017,Redcar / Teesside,North East England,all,skilled_manual,primary_metals / steel_manufacturing,£25k-£35k,"£11k-£15k employer hiring subsidy (age-tiered: £11k under-45, £15k aged 45+); Routes to Work pilot £7.5m (Tees Valley-wide); £46m total government package (announced Oct 2015)","N/A — no UBI operational in UK Oct 2015. Actual baseline safety net: JSA £73.10/wk (adult rate) or £57.90/wk (under-25); ESA (support group) £109.65/wk; UC standard allowance £317.82/month. For model calibration: ubi_level = 0. UBI counterfactuals are simulation scenarios, not historical data.",1138,2016Q1 (4 months post-closure),2.0,10.0,43.0,20.0,25.0,HIGH,"INCOME BAND: £25k-£35k. Skilled process operators, blast furnace operators. ASHE NE median-p75 range (£486-£679/wk). PRIMARY ESTIMATE — majority of SSI workforce. All aggregate anchors (25% still-seeking, 93% off benefits) apply directly. Outcome adjustments vs £25k-£35k baseline: retrain +0pp, share_similar +0pp, underemployed +0pp, exit +0pp, still_seeking +0pp. Source: China Shock ADH (low-wage→exit/underemployed; high-wage→share_similar) + Hartz re-employment wage analysis. All income-band outcomes ESTIMATED_LOW.  QUARTER: 2016Q1 (4 months post-closure, Oct 2 2015).  REDCAR & CLEVELAND LA (E06000003) claimant count: 3622 quarterly avg (baseline 3477; excess vs baseline: +145).  NE LABOUR MARKET (APS Jul 2015-Jun 2016): unemployment 7.7%, employment 69.4%, activity 75.3%.  NE MEDIAN WAGE (ASHE 2016): £492.4/week (£25605/yr). SSI workers earned above NE median (skilled manual, union rates, est. £25k-£35k).  OUTCOME ANCHOR — still_seeking: 25.0% (540/2070 still on JSA, DWP Feb 2016). 35% (720/2070) never claimed JSA — cannot split into model buckets (could be retired, immediately re-employed, on ESA/UC, left UK). 40% left JSA by Feb 2016 but DWP warns ≠ re-employed.  outcome_retrain_% and outcome_share_similar_% remain UNKNOWN — DWP microdata required for clean bucket split. outcome_underemployed_% proxy only (area wage data). All area-level data is NOT individual SSI worker tracking.","Nomis claimant count is AREA-LEVEL (Redcar & Cleveland LA or NE ITL1) — not individual SSI worker tracking. SSI dominated local economy so LA-level excess is largely attributable to closure, but non-SSI workers are included. JSA exit ≠ re-employed (workers may move to ESA/UC). Nomis age band 25-49 ≠ model band 25-44. UK training course = 2-day refresher to full vocational qual — not comparable to German Umschulung (1-2yr full requalification). Steel sector ~95% male; gender-disaggregated outcome rates unavailable from public sources.",2016Q1,4,all,3622,3477,144.6,,,51045,67784,-16739.5,,,7.7,69.4,75.3,Jul 2015-Jun 2016,492.4,25605,1138,,,,,35.0,,,,,,,
redcar_2015,DWP SSI JSA Statistics March 2016,https://assets.publishing.service.gov.uk/media/5a757a2ae5274a1622e22197/sahaviriya-steel-ind-ad-hoc-jsa-stats.pdf,2015-2017,Redcar / Teesside,North East England,all,skilled_manual,primary_metals / steel_manufacturing,£35k-£50k,"£11k-£15k employer hiring subsidy (age-tiered: £11k under-45, £15k aged 45+); Routes to Work pilot £7.5m (Tees Valley-wide); £46m total government package (announced Oct 2015)","N/A — no UBI operational in UK Oct 2015. Actual baseline safety net: JSA £73.10/wk (adult rate) or £57.90/wk (under-25); ESA (support group) £109.65/wk; UC standard allowance £317.82/month. For model calibration: ubi_level = 0. UBI counterfactuals are simulation scenarios, not historical data.",414,2016Q1 (4 months post-closure),3.0,17.0,37.0,16.0,27.0,ESTIMATED_LOW,"INCOME BAND: £35k-£50k. Senior operators, shift supervisors, maintenance engineers, technicians. ASHE NE p75-p90 range (£679-£882/wk). Estimated 20% of workforce — LOW confidence. Outcome adjustments vs £25k-£35k baseline: retrain +1pp, share_similar +7pp, underemployed -6pp, exit -4pp, still_seeking +2pp. Source: China Shock ADH (low-wage→exit/underemployed; high-wage→share_similar) + Hartz re-employment wage analysis. All income-band outcomes ESTIMATED_LOW.  QUARTER: 2016Q1 (4 months post-closure, Oct 2 2015).  REDCAR & CLEVELAND LA (E06000003) claimant count: 3622 quarterly avg (baseline 3477; excess vs baseline: +145).  NE LABOUR MARKET (APS Jul 2015-Jun 2016): unemployment 7.7%, employment 69.4%, activity 75.3%.  NE MEDIAN WAGE (ASHE 2016): £492.4/week (£25605/yr). SSI workers earned above NE median (skilled manual, union rates, est. £25k-£35k).  OUTCOME ANCHOR — still_seeking: 25.0% (540/2070 still on JSA, DWP Feb 2016). 35% (720/2070) never claimed JSA — cannot split into model buckets (could be retired, immediately re-employed, on ESA/UC, left UK). 40% left JSA by Feb 2016 but DWP warns ≠ re-employed.  outcome_retrain_% and outcome_share_similar_% remain UNKNOWN — DWP microdata required for clean bucket split. outcome_underemployed_% proxy only (area wage data). All area-level data is NOT individual SSI worker tracking.","Nomis claimant count is AREA-LEVEL (Redcar & Cleveland LA or NE ITL1) — not individual SSI worker tracking. SSI dominated local economy so LA-level excess is largely attributable to closure, but non-SSI workers are included. JSA exit ≠ re-employed (workers may move to ESA/UC). Nomis age band 25-49 ≠ model band 25-44. UK training course = 2-day refresher to full vocational qual — not comparable to German Umschulung (1-2yr full requalification). Steel sector ~95% male; gender-disaggregated outcome rates unavailable from public sources.",2016Q1,4,all,3622,3477,144.6,,,51045,67784,-16739.5,,,7.7,69.4,75.3,Jul 2015-Jun 2016,492.4,25605,414,,,,,35.0,,,,,,,
redcar_2015,DWP SSI JSA Statistics March 2016,https://assets.publishing.service.gov.uk/media/5a757a2ae5274a1622e22197/sahaviriya-steel-ind-ad-hoc-jsa-stats.pdf,2015-2017,Redcar / Teesside,North East England,all,professional,primary_metals / steel_manufacturing,£50k+,"£11k-£15k employer hiring subsidy (age-tiered: £11k under-45, £15k aged 45+); Routes to Work pilot £7.5m (Tees Valley-wide); £46m total government package (announced Oct 2015)","N/A — no UBI operational in UK Oct 2015. Actual baseline safety net: JSA £73.10/wk (adult rate) or £57.90/wk (under-25); ESA (support group) £109.65/wk; UC standard allowance £317.82/month. For model calibration: ubi_level = 0. UBI counterfactuals are simulation scenarios, not historical data.",104,2016Q1 (4 months post-closure),1.0,25.0,29.0,14.0,31.0,ESTIMATED_LOW,"INCOME BAND: £50k+. Plant management, senior engineers, operations managers. Above ASHE NE p90 (£882/wk=£45.9k/yr). Estimated 5% of workforce — LOW confidence. Likely had enhanced redundancy packages separate from main SSI terms. Outcome adjustments vs £25k-£35k baseline: retrain -1pp, share_similar +15pp, underemployed -14pp, exit -6pp, still_seeking +6pp. Source: China Shock ADH (low-wage→exit/underemployed; high-wage→share_similar) + Hartz re-employment wage analysis. All income-band outcomes ESTIMATED_LOW.  QUARTER: 2016Q1 (4 months post-closure, Oct 2 2015).  REDCAR & CLEVELAND LA (E06000003) claimant count: 3622 quarterly avg (baseline 3477; excess vs baseline: +145).  NE LABOUR MARKET (APS Jul 2015-Jun 2016): unemployment 7.7%, employment 69.4%, activity 75.3%.  NE MEDIAN WAGE (ASHE 2016): £492.4/week (£25605/yr). SSI workers earned above NE median (skilled manual, union rates, est. £25k-£35k).  OUTCOME ANCHOR — still_seeking: 25.0% (540/2070 still on JSA, DWP Feb 2016). 35% (720/2070) never claimed JSA — cannot split into model buckets (could be retired, immediately re-employed, on ESA/UC, left UK). 40% left JSA by Feb 2016 but DWP warns ≠ re-employed.  outcome_retrain_% and outcome_share_similar_% remain UNKNOWN — DWP microdata required for clean bucket split. outcome_underemployed_% proxy only (area wage data). All area-level data is NOT individual SSI worker tracking.","Nomis claimant count is AREA-LEVEL (Redcar & Cleveland LA or NE ITL1) — not individual SSI worker tracking. SSI dominated local economy so LA-level excess is largely attributable to closure, but non-SSI workers are included. JSA exit ≠ re-employed (workers may move to ESA/UC). Nomis age band 25-49 ≠ model band 25-44. UK training course = 2-day refresher to full vocational qual — not comparable to German Umschulung (1-2yr full requalification). Steel sector ~95% male; gender-disaggregated outcome rates unavailable from public sources.",2016Q1,4,all,3622,3477,144.6,,,51045,67784,-16739.5,,,7.7,69.4,75.3,Jul 2015-Jun 2016,492.4,25605,104,,,,,35.0,,,,,,,
redcar_2015,Gov.uk 6-month press release,https://www.gov.uk/government/news/business-minister-returns-to-redcar-6-months-after-steel-plant-closure,2015-2017,Redcar / Teesside,North East England,all,skilled_manual,primary_metals / steel_manufacturing,£25k-£35k est.,"£11k-£15k employer hiring subsidy (age-tiered: £11k under-45, £15k aged 45+); Routes to Work pilot £7.5m (Tees Valley-wide); £46m total government package (announced Oct 2015)","N/A — no UBI operational in UK Oct 2015. Actual baseline safety net: JSA £73.10/wk (adult rate) or £57.90/wk (under-25); ESA (support group) £109.65/wk; UC standard allowance £317.82/month. For model calibration: ubi_level = 0. UBI counterfactuals are simulation scenarios, not historical data.",2070,2016Q2 (7 months post-closure),,,,,,MEDIUM,"QUARTER: 2016Q2 (7 months post-closure, Oct 2 2015).  REDCAR & CLEVELAND LA (E06000003) claimant count: 3172 quarterly avg (baseline 3477; excess vs baseline: -305).  NE LABOUR MARKET (APS Oct 2015-Sep 2016): unemployment 6.8%, employment 69.9%, activity 75.1%.  NE MEDIAN WAGE (ASHE 2016): £492.4/week (£25605/yr). SSI workers earned above NE median (skilled manual, union rates, est. £25k-£35k).  6-month data: 4300 training courses delivered (NOT worker counts — one worker may take multiple courses). 2988 received job advice (near-universal).  outcome_retrain_% and outcome_share_similar_% remain UNKNOWN — DWP microdata required for clean bucket split. outcome_underemployed_% proxy only (area wage data). All area-level data is NOT individual SSI worker tracking.","Nomis claimant count is AREA-LEVEL (Redcar & Cleveland LA or NE ITL1) — not individual SSI worker tracking. SSI dominated local economy so LA-level excess is largely attributable to closure, but non-SSI workers are included. JSA exit ≠ re-employed (workers may move to ESA/UC). Nomis age band 25-49 ≠ model band 25-44. UK training course = 2-day refresher to full vocational qual — not comparable to German Umschulung (1-2yr full requalification). Steel sector ~95% male; gender-disaggregated outcome rates unavailable from public sources.",2016Q2,7,all,3172,3477,-305.4,,,49775,67784,-18009.5,,,6.8,69.9,75.1,Oct 2015-Sep 2016,492.4,25605,2070,,,,,,,,4300.0,,,,
redcar_2015,Gov.uk 6-month press release,https://www.gov.uk/government/news/business-minister-returns-to-redcar-6-months-after-steel-plant-closure,2015-2017,Redcar / Teesside,North East England,16-24,skilled_manual,primary_metals / steel_manufacturing,£25k-£35k est.,£11k employer hiring subsidy (under-45 tier); Routes to Work pilot £7.5m (Tees Valley-wide); Employer Ownership of Skills pilot; £46m total government package,"N/A — no UBI operational in UK Oct 2015. Actual baseline safety net: JSA £73.10/wk (adult rate) or £57.90/wk (under-25); ESA (support group) £109.65/wk; UC standard allowance £317.82/month. For model calibration: ubi_level = 0. UBI counterfactuals are simulation scenarios, not historical data.",207,2016Q2 (7 months post-closure),,,,,,MEDIUM,"AGE BAND: 16-24. Nomis band used: Aged 16-24 . Estimated SSI workers in this cell: 207 (prior: 10% of 2070).  QUARTER: 2016Q2 (7 months post-closure, Oct 2 2015).  REDCAR & CLEVELAND LA (E06000003) claimant count: 3172 quarterly avg (baseline 3477; excess vs baseline: -305).  RC LA age band claimants: 690 (21.8% of LA total).  NE LABOUR MARKET (APS Oct 2015-Sep 2016): unemployment 6.8%, employment 69.9%, activity 75.1%.  NE MEDIAN WAGE (ASHE 2016): £492.4/week (£25605/yr). SSI workers earned above NE median (skilled manual, union rates, est. £25k-£35k).  6-month data: 4300 training courses delivered (NOT worker counts — one worker may take multiple courses). 2988 received job advice (near-universal).  outcome_retrain_% and outcome_share_similar_% remain UNKNOWN — DWP microdata required for clean bucket split. outcome_underemployed_% proxy only (area wage data). All area-level data is NOT individual SSI worker tracking.","Nomis claimant count is AREA-LEVEL (Redcar & Cleveland LA or NE ITL1) — not individual SSI worker tracking. SSI dominated local economy so LA-level excess is largely attributable to closure, but non-SSI workers are included. JSA exit ≠ re-employed (workers may move to ESA/UC). Nomis age band 25-49 ≠ model band 25-44. UK training course = 2-day refresher to full vocational qual — not comparable to German Umschulung (1-2yr full requalification). Steel sector ~95% male; gender-disaggregated outcome rates unavailable from public sources.",2016Q2,7,all,3172,3477,-305.4,690.0,21.8,49775,67784,-18009.5,,,6.8,69.9,75.1,Oct 2015-Sep 2016,492.4,25605,207,0.1,,,,,,,4300.0,,,,
redcar_2015,Gov.uk 6-month press release,https://www.gov.uk/government/news/business-minister-returns-to-redcar-6-months-after-steel-plant-closure,2015-2017,Redcar / Teesside,North East England,25-49,skilled_manual,primary_metals / steel_manufacturing,£25k-£35k est.,£11k employer hiring subsidy (under-45 tier); Routes to Work pilot £7.5m (Tees Valley-wide); £46m total government package,"N/A — no UBI operational in UK Oct 2015. Actual baseline safety net: JSA £73.10/wk (adult rate) or £57.90/wk (under-25); ESA (support group) £109.65/wk; UC standard allowance £317.82/month. For model calibration: ubi_level = 0. UBI counterfactuals are simulation scenarios, not historical data.",828,2016Q2 (7 months post-closure),,,,,,MEDIUM,"AGE BAND: 25-49. Nomis band used: Aged 25-49 (NOTE: Nomis uses 25-49, not 25-44 — document mismatch). Estimated SSI workers in this cell: 828 (prior: 40% of 2070).  QUARTER: 2016Q2 (7 months post-closure, Oct 2 2015).  REDCAR & CLEVELAND LA (E06000003) claimant count: 3172 quarterly avg (baseline 3477; excess vs baseline: -305).  RC LA age band claimants: 1703 (53.8% of LA total).  NE LABOUR MARKET (APS Oct 2015-Sep 2016): unemployment 6.8%, employment 69.9%, activity 75.1%.  NE MEDIAN WAGE (ASHE 2016): £492.4/week (£25605/yr). SSI workers earned above NE median (skilled manual, union rates, est. £25k-£35k).  6-month data: 4300 training courses delivered (NOT worker counts — one worker may take multiple courses). 2988 received job advice (near-universal).  outcome_retrain_% and outcome_share_similar_% remain UNKNOWN — DWP microdata required for clean bucket split. outcome_underemployed_% proxy only (area wage data). All area-level data is NOT individual SSI worker tracking.","Nomis claimant count is AREA-LEVEL (Redcar & Cleveland LA or NE ITL1) — not individual SSI worker tracking. SSI dominated local economy so LA-level excess is largely attributable to closure, but non-SSI workers are included. JSA exit ≠ re-employed (workers may move to ESA/UC). Nomis age band 25-49 ≠ model band 25-44. UK training course = 2-day refresher to full vocational qual — not comparable to German Umschulung (1-2yr full requalification). Steel sector ~95% male; gender-disaggregated outcome rates unavailable from public sources.",2016Q2,7,all,3172,3477,-305.4,1703.0,53.8,49775,67784,-18009.5,,,6.8,69.9,75.1,Oct 2015-Sep 2016,492.4,25605,828,0.4,,,,,,,4300.0,,,,
redcar_2015,Gov.uk 6-month press release,https://www.gov.uk/government/news/business-minister-returns-to-redcar-6-months-after-steel-plant-closure,2015-2017,Redcar / Teesside,North East England,50+,skilled_manual,primary_metals / steel_manufacturing,£25k-£35k est.,"£15k employer hiring subsidy (45+ tier — highest rate, recognising harder-to-place status); Routes to Work pilot £7.5m (Tees Valley-wide); £46m total government package","N/A — no UBI operational in UK Oct 2015. Actual baseline safety net: JSA £73.10/wk (adult rate) or £57.90/wk (under-25); ESA (support group) £109.65/wk; UC standard allowance £317.82/month. For model calibration: ubi_level = 0. UBI counterfactuals are simulation scenarios, not historical data.",1035,2016Q2 (7 months post-closure),,,,,,MEDIUM,"AGE BAND: 50+. Nomis band used: Aged 50+ . Estimated SSI workers in this cell: 1035 (prior: 50% of 2070).  QUARTER: 2016Q2 (7 months post-closure, Oct 2 2015).  REDCAR & CLEVELAND LA (E06000003) claimant count: 3172 quarterly avg (baseline 3477; excess vs baseline: -305).  RC LA age band claimants: 770 (24.3% of LA total).  NE LABOUR MARKET (APS Oct 2015-Sep 2016): unemployment 6.8%, employment 69.9%, activity 75.1%.  NE MEDIAN WAGE (ASHE 2016): £492.4/week (£25605/yr). SSI workers earned above NE median (skilled manual, union rates, est. £25k-£35k).  6-month data: 4300 training courses delivered (NOT worker counts — one worker may take multiple courses). 2988 received job advice (near-universal).  outcome_retrain_% and outcome_share_similar_% remain UNKNOWN — DWP microdata required for clean bucket split. outcome_underemployed_% proxy only (area wage data). All area-level data is NOT individual SSI worker tracking.","Nomis claimant count is AREA-LEVEL (Redcar & Cleveland LA or NE ITL1) — not individual SSI worker tracking. SSI dominated local economy so LA-level excess is largely attributable to closure, but non-SSI workers are included. JSA exit ≠ re-employed (workers may move to ESA/UC). Nomis age band 25-49 ≠ model band 25-44. UK training course = 2-day refresher to full vocational qual — not comparable to German Umschulung (1-2yr full requalification). Steel sector ~95% male; gender-disaggregated outcome rates unavailable from public sources.",2016Q2,7,all,3172,3477,-305.4,770.0,24.3,49775,67784,-18009.5,,,6.8,69.9,75.1,Oct 2015-Sep 2016,492.4,25605,1035,0.5,,,,,,,4300.0,,,,
redcar_2015,Gov.uk 6-month press release,https://www.gov.uk/government/news/business-minister-returns-to-redcar-6-months-after-steel-plant-closure,2015-2017,Redcar / Teesside,North East England,16-24,skilled_manual,primary_metals / steel_manufacturing,£25k-£35k est.,£11k employer hiring subsidy (under-45 tier); Routes to Work pilot £7.5m (Tees Valley-wide); Employer Ownership of Skills pilot; £46m total government package,"N/A — no UBI operational in UK Oct 2015. Actual baseline safety net: JSA £73.10/wk (adult rate) or £57.90/wk (under-25); ESA (support group) £109.65/wk; UC standard allowance £317.82/month. For model calibration: ubi_level = 0. UBI counterfactuals are simulation scenarios, not historical data.",197,2016Q2 (7 months post-closure),,,,,,MEDIUM,"AGE BAND: 16-24. Nomis band used: Aged 16-24 . Estimated SSI workers in this cell: 197 (prior: 10% of 2070).  GENDER: male. Prior: 95% of SSI workforce (UK steel industry statistic, not SSI-specific microdata).  QUARTER: 2016Q2 (7 months post-closure, Oct 2 2015).  REDCAR & CLEVELAND LA (E06000003) claimant count: 3172 quarterly avg (baseline 3477; excess vs baseline: -305).  RC LA age band claimants: 690 (21.8% of LA total).  NE ITL1 gender claimants in this age band: 7697 (67.9% of NE age-band total). NOTE: NE gender split mixes steel and non-steel workers. SSI gender prior (95% male) used for ssi_est_workers_this_cell instead.  NE LABOUR MARKET (APS Oct 2015-Sep 2016): unemployment 6.8%, employment 69.9%, activity 75.1%.  NE MEDIAN WAGE (ASHE 2016): £492.4/week (£25605/yr). SSI workers earned above NE median (skilled manual, union rates, est. £25k-£35k).  6-month data: 4300 training courses delivered (NOT worker counts — one worker may take multiple courses). 2988 received job advice (near-universal).  outcome_retrain_% and outcome_share_similar_% remain UNKNOWN — DWP microdata required for clean bucket split. outcome_underemployed_% proxy only (area wage data). All area-level data is NOT individual SSI worker tracking.","Nomis claimant count is AREA-LEVEL (Redcar & Cleveland LA or NE ITL1) — not individual SSI worker tracking. SSI dominated local economy so LA-level excess is largely attributable to closure, but non-SSI workers are included. JSA exit ≠ re-employed (workers may move to ESA/UC). Nomis age band 25-49 ≠ model band 25-44. UK training course = 2-day refresher to full vocational qual — not comparable to German Umschulung (1-2yr full requalification). Steel sector ~95% male; gender-disaggregated outcome rates unavailable from public sources.",2016Q2,7,male,3172,3477,-305.4,690.0,21.8,49775,67784,-18009.5,7697.0,67.9,6.8,69.9,75.1,Oct 2015-Sep 2016,492.4,25605,197,0.1,0.95,,,,,,4300.0,,,,
redcar_2015,Gov.uk 6-month press release,https://www.gov.uk/government/news/business-minister-returns-to-redcar-6-months-after-steel-plant-closure,2015-2017,Redcar / Teesside,North East England,16-24,skilled_manual,primary_metals / steel_manufacturing,£25k-£35k est.,£11k employer hiring subsidy (under-45 tier); Routes to Work pilot £7.5m (Tees Valley-wide); Employer Ownership of Skills pilot; £46m total government package,"N/A — no UBI operational in UK Oct 2015. Actual baseline safety net: JSA £73.10/wk (adult rate) or £57.90/wk (under-25); ESA (support group) £109.65/wk; UC standard allowance £317.82/month. For model calibration: ubi_level = 0. UBI counterfactuals are simulation scenarios, not historical data.",10,2016Q2 (7 months post-closure),,,,,,MEDIUM,"AGE BAND: 16-24. Nomis band used: Aged 16-24 . Estimated SSI workers in this cell: 10 (prior: 10% of 2070).  GENDER: female. Prior: 5% of SSI workforce (UK steel industry statistic, not SSI-specific microdata).  QUARTER: 2016Q2 (7 months post-closure, Oct 2 2015).  REDCAR & CLEVELAND LA (E06000003) claimant count: 3172 quarterly avg (baseline 3477; excess vs baseline: -305).  RC LA age band claimants: 690 (21.8% of LA total).  NE ITL1 gender claimants in this age band: 3633 (32.1% of NE age-band total). NOTE: NE gender split mixes steel and non-steel workers. SSI gender prior (95% male) used for ssi_est_workers_this_cell instead.  NE LABOUR MARKET (APS Oct 2015-Sep 2016): unemployment 6.8%, employment 69.9%, activity 75.1%.  NE MEDIAN WAGE (ASHE 2016): £492.4/week (£25605/yr). SSI workers earned above NE median (skilled manual, union rates, est. £25k-£35k).  6-month data: 4300 training courses delivered (NOT worker counts — one worker may take multiple courses). 2988 received job advice (near-universal).  outcome_retrain_% and outcome_share_similar_% remain UNKNOWN — DWP microdata required for clean bucket split. outcome_underemployed_% proxy only (area wage data). All area-level data is NOT individual SSI worker tracking.","Nomis claimant count is AREA-LEVEL (Redcar & Cleveland LA or NE ITL1) — not individual SSI worker tracking. SSI dominated local economy so LA-level excess is largely attributable to closure, but non-SSI workers are included. JSA exit ≠ re-employed (workers may move to ESA/UC). Nomis age band 25-49 ≠ model band 25-44. UK training course = 2-day refresher to full vocational qual — not comparable to German Umschulung (1-2yr full requalification). Steel sector ~95% male; gender-disaggregated outcome rates unavailable from public sources.",2016Q2,7,female,3172,3477,-305.4,690.0,21.8,49775,67784,-18009.5,3633.0,32.1,6.8,69.9,75.1,Oct 2015-Sep 2016,492.4,25605,10,0.1,0.05,,,,,,4300.0,,,,
redcar_2015,Gov.uk 6-month press release,https://www.gov.uk/government/news/business-minister-returns-to-redcar-6-months-after-steel-plant-closure,2015-2017,Redcar / Teesside,North East England,25-49,skilled_manual,primary_metals / steel_manufacturing,£25k-£35k est.,£11k employer hiring subsidy (under-45 tier); Routes to Work pilot £7.5m (Tees Valley-wide); £46m total government package,"N/A — no UBI operational in UK Oct 2015. Actual baseline safety net: JSA £73.10/wk (adult rate) or £57.90/wk (under-25); ESA (support group) £109.65/wk; UC standard allowance £317.82/month. For model calibration: ubi_level = 0. UBI counterfactuals are simulation scenarios, not historical data.",787,2016Q2 (7 months post-closure),,,,,,MEDIUM,"AGE BAND: 25-49. Nomis band used: Aged 25-49 (NOTE: Nomis uses 25-49, not 25-44 — document mismatch). Estimated SSI workers in this cell: 787 (prior: 40% of 2070).  GENDER: male. Prior: 95% of SSI workforce (UK steel industry statistic, not SSI-specific microdata).  QUARTER: 2016Q2 (7 months post-closure, Oct 2 2015).  REDCAR & CLEVELAND LA (E06000003) claimant count: 3172 quarterly avg (baseline 3477; excess vs baseline: -305).  RC LA age band claimants: 1703 (53.8% of LA total).  NE ITL1 gender claimants in this age band: 17842 (67.1% of NE age-band total). NOTE: NE gender split mixes steel and non-steel workers. SSI gender prior (95% male) used for ssi_est_workers_this_cell instead.  NE LABOUR MARKET (APS Oct 2015-Sep 2016): unemployment 6.8%, employment 69.9%, activity 75.1%.  NE MEDIAN WAGE (ASHE 2016): £492.4/week (£25605/yr). SSI workers earned above NE median (skilled manual, union rates, est. £25k-£35k).  6-month data: 4300 training courses delivered (NOT worker counts — one worker may take multiple courses). 2988 received job advice (near-universal).  outcome_retrain_% and outcome_share_similar_% remain UNKNOWN — DWP microdata required for clean bucket split. outcome_underemployed_% proxy only (area wage data). All area-level data is NOT individual SSI worker tracking.","Nomis claimant count is AREA-LEVEL (Redcar & Cleveland LA or NE ITL1) — not individual SSI worker tracking. SSI dominated local economy so LA-level excess is largely attributable to closure, but non-SSI workers are included. JSA exit ≠ re-employed (workers may move to ESA/UC). Nomis age band 25-49 ≠ model band 25-44. UK training course = 2-day refresher to full vocational qual — not comparable to German Umschulung (1-2yr full requalification). Steel sector ~95% male; gender-disaggregated outcome rates unavailable from public sources.",2016Q2,7,male,3172,3477,-305.4,1703.0,53.8,49775,67784,-18009.5,17842.0,67.1,6.8,69.9,75.1,Oct 2015-Sep 2016,492.4,25605,787,0.4,0.95,,,,,,4300.0,,,,
redcar_2015,Gov.uk 6-month press release,https://www.gov.uk/government/news/business-minister-returns-to-redcar-6-months-after-steel-plant-closure,2015-2017,Redcar / Teesside,North East England,25-49,skilled_manual,primary_metals / steel_manufacturing,£25k-£35k est.,£11k employer hiring subsidy (under-45 tier); Routes to Work pilot £7.5m (Tees Valley-wide); £46m total government package,"N/A — no UBI operational in UK Oct 2015. Actual baseline safety net: JSA £73.10/wk (adult rate) or £57.90/wk (under-25); ESA (support group) £109.65/wk; UC standard allowance £317.82/month. For model calibration: ubi_level = 0. UBI counterfactuals are simulation scenarios, not historical data.",41,2016Q2 (7 months post-closure),,,,,,MEDIUM,"AGE BAND: 25-49. Nomis band used: Aged 25-49 (NOTE: Nomis uses 25-49, not 25-44 — document mismatch). Estimated SSI workers in this cell: 41 (prior: 40% of 2070).  GENDER: female. Prior: 5% of SSI workforce (UK steel industry statistic, not SSI-specific microdata).  QUARTER: 2016Q2 (7 months post-closure, Oct 2 2015).  REDCAR & CLEVELAND LA (E06000003) claimant count: 3172 quarterly avg (baseline 3477; excess vs baseline: -305).  RC LA age band claimants: 1703 (53.8% of LA total).  NE ITL1 gender claimants in this age band: 8752 (32.9% of NE age-band total). NOTE: NE gender split mixes steel and non-steel workers. SSI gender prior (95% male) used for ssi_est_workers_this_cell instead.  NE LABOUR MARKET (APS Oct 2015-Sep 2016): unemployment 6.8%, employment 69.9%, activity 75.1%.  NE MEDIAN WAGE (ASHE 2016): £492.4/week (£25605/yr). SSI workers earned above NE median (skilled manual, union rates, est. £25k-£35k).  6-month data: 4300 training courses delivered (NOT worker counts — one worker may take multiple courses). 2988 received job advice (near-universal).  outcome_retrain_% and outcome_share_similar_% remain UNKNOWN — DWP microdata required for clean bucket split. outcome_underemployed_% proxy only (area wage data). All area-level data is NOT individual SSI worker tracking.","Nomis claimant count is AREA-LEVEL (Redcar & Cleveland LA or NE ITL1) — not individual SSI worker tracking. SSI dominated local economy so LA-level excess is largely attributable to closure, but non-SSI workers are included. JSA exit ≠ re-employed (workers may move to ESA/UC). Nomis age band 25-49 ≠ model band 25-44. UK training course = 2-day refresher to full vocational qual — not comparable to German Umschulung (1-2yr full requalification). Steel sector ~95% male; gender-disaggregated outcome rates unavailable from public sources.",2016Q2,7,female,3172,3477,-305.4,1703.0,53.8,49775,67784,-18009.5,8752.0,32.9,6.8,69.9,75.1,Oct 2015-Sep 2016,492.4,25605,41,0.4,0.05,,,,,,4300.0,,,,
redcar_2015,Gov.uk 6-month press release,https://www.gov.uk/government/news/business-minister-returns-to-redcar-6-months-after-steel-plant-closure,2015-2017,Redcar / Teesside,North East England,50+,skilled_manual,primary_metals / steel_manufacturing,£25k-£35k est.,"£15k employer hiring subsidy (45+ tier — highest rate, recognising harder-to-place status); Routes to Work pilot £7.5m (Tees Valley-wide); £46m total government package","N/A — no UBI operational in UK Oct 2015. Actual baseline safety net: JSA £73.10/wk (adult rate) or £57.90/wk (under-25); ESA (support group) £109.65/wk; UC standard allowance £317.82/month. For model calibration: ubi_level = 0. UBI counterfactuals are simulation scenarios, not historical data.",983,2016Q2 (7 months post-closure),,,,,,MEDIUM,"AGE BAND: 50+. Nomis band used: Aged 50+ . Estimated SSI workers in this cell: 983 (prior: 50% of 2070).  GENDER: male. Prior: 95% of SSI workforce (UK steel industry statistic, not SSI-specific microdata).  QUARTER: 2016Q2 (7 months post-closure, Oct 2 2015).  REDCAR & CLEVELAND LA (E06000003) claimant count: 3172 quarterly avg (baseline 3477; excess vs baseline: -305).  RC LA age band claimants: 770 (24.3% of LA total).  NE ITL1 gender claimants in this age band: 7818 (66.2% of NE age-band total). NOTE: NE gender split mixes steel and non-steel workers. SSI gender prior (95% male) used for ssi_est_workers_this_cell instead.  NE LABOUR MARKET (APS Oct 2015-Sep 2016): unemployment 6.8%, employment 69.9%, activity 75.1%.  NE MEDIAN WAGE (ASHE 2016): £492.4/week (£25605/yr). SSI workers earned above NE median (skilled manual, union rates, est. £25k-£35k).  6-month data: 4300 training courses delivered (NOT worker counts — one worker may take multiple courses). 2988 received job advice (near-universal).  outcome_retrain_% and outcome_share_similar_% remain UNKNOWN — DWP microdata required for clean bucket split. outcome_underemployed_% proxy only (area wage data). All area-level data is NOT individual SSI worker tracking.","Nomis claimant count is AREA-LEVEL (Redcar & Cleveland LA or NE ITL1) — not individual SSI worker tracking. SSI dominated local economy so LA-level excess is largely attributable to closure, but non-SSI workers are included. JSA exit ≠ re-employed (workers may move to ESA/UC). Nomis age band 25-49 ≠ model band 25-44. UK training course = 2-day refresher to full vocational qual — not comparable to German Umschulung (1-2yr full requalification). Steel sector ~95% male; gender-disaggregated outcome rates unavailable from public sources.",2016Q2,7,male,3172,3477,-305.4,770.0,24.3,49775,67784,-18009.5,7818.0,66.2,6.8,69.9,75.1,Oct 2015-Sep 2016,492.4,25605,983,0.5,0.95,,,,,,4300.0,,,,
redcar_2015,Gov.uk 6-month press release,https://www.gov.uk/government/news/business-minister-returns-to-redcar-6-months-after-steel-plant-closure,2015-2017,Redcar / Teesside,North East England,50+,skilled_manual,primary_metals / steel_manufacturing,£25k-£35k est.,"£15k employer hiring subsidy (45+ tier — highest rate, recognising harder-to-place status); Routes to Work pilot £7.5m (Tees Valley-wide); £46m total government package","N/A — no UBI operational in UK Oct 2015. Actual baseline safety net: JSA £73.10/wk (adult rate) or £57.90/wk (under-25); ESA (support group) £109.65/wk; UC standard allowance £317.82/month. For model calibration: ubi_level = 0. UBI counterfactuals are simulation scenarios, not historical data.",52,2016Q2 (7 months post-closure),,,,,,MEDIUM,"AGE BAND: 50+. Nomis band used: Aged 50+ . Estimated SSI workers in this cell: 52 (prior: 50% of 2070).  GENDER: female. Prior: 5% of SSI workforce (UK steel industry statistic, not SSI-specific microdata).  QUARTER: 2016Q2 (7 months post-closure, Oct 2 2015).  REDCAR & CLEVELAND LA (E06000003) claimant count: 3172 quarterly avg (baseline 3477; excess vs baseline: -305).  RC LA age band claimants: 770 (24.3% of LA total).  NE ITL1 gender claimants in this age band: 3990 (33.8% of NE age-band total). NOTE: NE gender split mixes steel and non-steel workers. SSI gender prior (95% male) used for ssi_est_workers_this_cell instead.  NE LABOUR MARKET (APS Oct 2015-Sep 2016): unemployment 6.8%, employment 69.9%, activity 75.1%.  NE MEDIAN WAGE (ASHE 2016): £492.4/week (£25605/yr). SSI workers earned above NE median (skilled manual, union rates, est. £25k-£35k).  6-month data: 4300 training courses delivered (NOT worker counts — one worker may take multiple courses). 2988 received job advice (near-universal).  outcome_retrain_% and outcome_share_similar_% remain UNKNOWN — DWP microdata required for clean bucket split. outcome_underemployed_% proxy only (area wage data). All area-level data is NOT individual SSI worker tracking.","Nomis claimant count is AREA-LEVEL (Redcar & Cleveland LA or NE ITL1) — not individual SSI worker tracking. SSI dominated local economy so LA-level excess is largely attributable to closure, but non-SSI workers are included. JSA exit ≠ re-employed (workers may move to ESA/UC). Nomis age band 25-49 ≠ model band 25-44. UK training course = 2-day refresher to full vocational qual — not comparable to German Umschulung (1-2yr full requalification). Steel sector ~95% male; gender-disaggregated outcome rates unavailable from public sources.",2016Q2,7,female,3172,3477,-305.4,770.0,24.3,49775,67784,-18009.5,3990.0,33.8,6.8,69.9,75.1,Oct 2015-Sep 2016,492.4,25605,52,0.5,0.05,,,,,,4300.0,,,,
redcar_2015,Gov.uk 6-month press release,https://www.gov.uk/government/news/business-minister-returns-to-redcar-6-months-after-steel-plant-closure,2015-2017,Redcar / Teesside,North East England,all,low_skilled,primary_metals / steel_manufacturing,<£20k,"£11k-£15k employer hiring subsidy (age-tiered: £11k under-45, £15k aged 45+); Routes to Work pilot £7.5m (Tees Valley-wide); £46m total government package (announced Oct 2015)","N/A — no UBI operational in UK Oct 2015. Actual baseline safety net: JSA £73.10/wk (adult rate) or £57.90/wk (under-25); ESA (support group) £109.65/wk; UC standard allowance £317.82/month. For model calibration: ubi_level = 0. UBI counterfactuals are simulation scenarios, not historical data.",104,2016Q2 (7 months post-closure),0.0,4.0,46.0,26.0,24.0,ESTIMATED_LOW,"INCOME BAND: <£20k. Semi-skilled process support, admin, cleaners. ASHE NE p10 (£288/wk=£15k/yr). Lowest-paid SSI cohort. Estimated 5% of workforce — LOW confidence. Outcome adjustments vs £25k-£35k baseline: retrain -2pp, share_similar -6pp, underemployed +3pp, exit +6pp, still_seeking -1pp. Source: China Shock ADH (low-wage→exit/underemployed; high-wage→share_similar) + Hartz re-employment wage analysis. All income-band outcomes ESTIMATED_LOW.  QUARTER: 2016Q2 (7 months post-closure, Oct 2 2015).  REDCAR & CLEVELAND LA (E06000003) claimant count: 3172 quarterly avg (baseline 3477; excess vs baseline: -305).  NE LABOUR MARKET (APS Oct 2015-Sep 2016): unemployment 6.8%, employment 69.9%, activity 75.1%.  NE MEDIAN WAGE (ASHE 2016): £492.4/week (£25605/yr). SSI workers earned above NE median (skilled manual, union rates, est. £25k-£35k).  6-month data: 4300 training courses delivered (NOT worker counts — one worker may take multiple courses). 2988 received job advice (near-universal).  outcome_retrain_% and outcome_share_similar_% remain UNKNOWN — DWP microdata required for clean bucket split. outcome_underemployed_% proxy only (area wage data). All area-level data is NOT individual SSI worker tracking.","Nomis claimant count is AREA-LEVEL (Redcar & Cleveland LA or NE ITL1) — not individual SSI worker tracking. SSI dominated local economy so LA-level excess is largely attributable to closure, but non-SSI workers are included. JSA exit ≠ re-employed (workers may move to ESA/UC). Nomis age band 25-49 ≠ model band 25-44. UK training course = 2-day refresher to full vocational qual — not comparable to German Umschulung (1-2yr full requalification). Steel sector ~95% male; gender-disaggregated outcome rates unavailable from public sources.",2016Q2,7,all,3172,3477,-305.4,,,49775,67784,-18009.5,,,6.8,69.9,75.1,Oct 2015-Sep 2016,492.4,25605,104,,,,,,,,4300.0,,,,
redcar_2015,Gov.uk 6-month press release,https://www.gov.uk/government/news/business-minister-returns-to-redcar-6-months-after-steel-plant-closure,2015-2017,Redcar / Teesside,North East England,all,skilled_manual,primary_metals / steel_manufacturing,£20k-£25k,"£11k-£15k employer hiring subsidy (age-tiered: £11k under-45, £15k aged 45+); Routes to Work pilot £7.5m (Tees Valley-wide); £46m total government package (announced Oct 2015)","N/A — no UBI operational in UK Oct 2015. Actual baseline safety net: JSA £73.10/wk (adult rate) or £57.90/wk (under-25); ESA (support group) £109.65/wk; UC standard allowance £317.82/month. For model calibration: ubi_level = 0. UBI counterfactuals are simulation scenarios, not historical data.",310,2016Q2 (7 months post-closure),1.0,6.0,45.0,24.0,24.0,ESTIMATED_LOW,"INCOME BAND: £20k-£25k. Semi-skilled process operators, junior technicians. ASHE NE p25-median range (£359-£486/wk). Estimated 15% of workforce — LOW confidence. Outcome adjustments vs £25k-£35k baseline: retrain -1pp, share_similar -4pp, underemployed +2pp, exit +4pp, still_seeking -1pp. Source: China Shock ADH (low-wage→exit/underemployed; high-wage→share_similar) + Hartz re-employment wage analysis. All income-band outcomes ESTIMATED_LOW.  QUARTER: 2016Q2 (7 months post-closure, Oct 2 2015).  REDCAR & CLEVELAND LA (E06000003) claimant count: 3172 quarterly avg (baseline 3477; excess vs baseline: -305).  NE LABOUR MARKET (APS Oct 2015-Sep 2016): unemployment 6.8%, employment 69.9%, activity 75.1%.  NE MEDIAN WAGE (ASHE 2016): £492.4/week (£25605/yr). SSI workers earned above NE median (skilled manual, union rates, est. £25k-£35k).  6-month data: 4300 training courses delivered (NOT worker counts — one worker may take multiple courses). 2988 received job advice (near-universal).  outcome_retrain_% and outcome_share_similar_% remain UNKNOWN — DWP microdata required for clean bucket split. outcome_underemployed_% proxy only (area wage data). All area-level data is NOT individual SSI worker tracking.","Nomis claimant count is AREA-LEVEL (Redcar & Cleveland LA or NE ITL1) — not individual SSI worker tracking. SSI dominated local economy so LA-level excess is largely attributable to closure, but non-SSI workers are included. JSA exit ≠ re-employed (workers may move to ESA/UC). Nomis age band 25-49 ≠ model band 25-44. UK training course = 2-day refresher to full vocational qual — not comparable to German Umschulung (1-2yr full requalification). Steel sector ~95% male; gender-disaggregated outcome rates unavailable from public sources.",2016Q2,7,all,3172,3477,-305.4,,,49775,67784,-18009.5,,,6.8,69.9,75.1,Oct 2015-Sep 2016,492.4,25605,310,,,,,,,,4300.0,,,,
redcar_2015,Gov.uk 6-month press release,https://www.gov.uk/government/news/business-minister-returns-to-redcar-6-months-after-steel-plant-closure,2015-2017,Redcar / Teesside,North East England,all,skilled_manual,primary_metals / steel_manufacturing,£25k-£35k,"£11k-£15k employer hiring subsidy (age-tiered: £11k under-45, £15k aged 45+); Routes to Work pilot £7.5m (Tees Valley-wide); £46m total government package (announced Oct 2015)","N/A — no UBI operational in UK Oct 2015. Actual baseline safety net: JSA £73.10/wk (adult rate) or £57.90/wk (under-25); ESA (support group) £109.65/wk; UC standard allowance £317.82/month. For model calibration: ubi_level = 0. UBI counterfactuals are simulation scenarios, not historical data.",1138,2016Q2 (7 months post-closure),2.0,10.0,43.0,20.0,,MEDIUM,"INCOME BAND: £25k-£35k. Skilled process operators, blast furnace operators. ASHE NE median-p75 range (£486-£679/wk). PRIMARY ESTIMATE — majority of SSI workforce. All aggregate anchors (25% still-seeking, 93% off benefits) apply directly. Outcome adjustments vs £25k-£35k baseline: retrain +0pp, share_similar +0pp, underemployed +0pp, exit +0pp, still_seeking +0pp. Source: China Shock ADH (low-wage→exit/underemployed; high-wage→share_similar) + Hartz re-employment wage analysis. All income-band outcomes ESTIMATED_LOW.  QUARTER: 2016Q2 (7 months post-closure, Oct 2 2015).  REDCAR & CLEVELAND LA (E06000003) claimant count: 3172 quarterly avg (baseline 3477; excess vs baseline: -305).  NE LABOUR MARKET (APS Oct 2015-Sep 2016): unemployment 6.8%, employment 69.9%, activity 75.1%.  NE MEDIAN WAGE (ASHE 2016): £492.4/week (£25605/yr). SSI workers earned above NE median (skilled manual, union rates, est. £25k-£35k).  6-month data: 4300 training courses delivered (NOT worker counts — one worker may take multiple courses). 2988 received job advice (near-universal).  outcome_retrain_% and outcome_share_similar_% remain UNKNOWN — DWP microdata required for clean bucket split. outcome_underemployed_% proxy only (area wage data). All area-level data is NOT individual SSI worker tracking.","Nomis claimant count is AREA-LEVEL (Redcar & Cleveland LA or NE ITL1) — not individual SSI worker tracking. SSI dominated local economy so LA-level excess is largely attributable to closure, but non-SSI workers are included. JSA exit ≠ re-employed (workers may move to ESA/UC). Nomis age band 25-49 ≠ model band 25-44. UK training course = 2-day refresher to full vocational qual — not comparable to German Umschulung (1-2yr full requalification). Steel sector ~95% male; gender-disaggregated outcome rates unavailable from public sources.",2016Q2,7,all,3172,3477,-305.4,,,49775,67784,-18009.5,,,6.8,69.9,75.1,Oct 2015-Sep 2016,492.4,25605,1138,,,,,,,,4300.0,,,,
redcar_2015,Gov.uk 6-month press release,https://www.gov.uk/government/news/business-minister-returns-to-redcar-6-months-after-steel-plant-closure,2015-2017,Redcar / Teesside,North East England,all,skilled_manual,primary_metals / steel_manufacturing,£35k-£50k,"£11k-£15k employer hiring subsidy (age-tiered: £11k under-45, £15k aged 45+); Routes to Work pilot £7.5m (Tees Valley-wide); £46m total government package (announced Oct 2015)","N/A — no UBI operational in UK Oct 2015. Actual baseline safety net: JSA £73.10/wk (adult rate) or £57.90/wk (under-25); ESA (support group) £109.65/wk; UC standard allowance £317.82/month. For model calibration: ubi_level = 0. UBI counterfactuals are simulation scenarios, not historical data.",414,2016Q2 (7 months post-closure),3.0,17.0,37.0,16.0,27.0,ESTIMATED_LOW,"INCOME BAND: £35k-£50k. Senior operators, shift supervisors, maintenance engineers, technicians. ASHE NE p75-p90 range (£679-£882/wk). Estimated 20% of workforce — LOW confidence. Outcome adjustments vs £25k-£35k baseline: retrain +1pp, share_similar +7pp, underemployed -6pp, exit -4pp, still_seeking +2pp. Source: China Shock ADH (low-wage→exit/underemployed; high-wage→share_similar) + Hartz re-employment wage analysis. All income-band outcomes ESTIMATED_LOW.  QUARTER: 2016Q2 (7 months post-closure, Oct 2 2015).  REDCAR & CLEVELAND LA (E06000003) claimant count: 3172 quarterly avg (baseline 3477; excess vs baseline: -305).  NE LABOUR MARKET (APS Oct 2015-Sep 2016): unemployment 6.8%, employment 69.9%, activity 75.1%.  NE MEDIAN WAGE (ASHE 2016): £492.4/week (£25605/yr). SSI workers earned above NE median (skilled manual, union rates, est. £25k-£35k).  6-month data: 4300 training courses delivered (NOT worker counts — one worker may take multiple courses). 2988 received job advice (near-universal).  outcome_retrain_% and outcome_share_similar_% remain UNKNOWN — DWP microdata required for clean bucket split. outcome_underemployed_% proxy only (area wage data). All area-level data is NOT individual SSI worker tracking.","Nomis claimant count is AREA-LEVEL (Redcar & Cleveland LA or NE ITL1) — not individual SSI worker tracking. SSI dominated local economy so LA-level excess is largely attributable to closure, but non-SSI workers are included. JSA exit ≠ re-employed (workers may move to ESA/UC). Nomis age band 25-49 ≠ model band 25-44. UK training course = 2-day refresher to full vocational qual — not comparable to German Umschulung (1-2yr full requalification). Steel sector ~95% male; gender-disaggregated outcome rates unavailable from public sources.",2016Q2,7,all,3172,3477,-305.4,,,49775,67784,-18009.5,,,6.8,69.9,75.1,Oct 2015-Sep 2016,492.4,25605,414,,,,,,,,4300.0,,,,
redcar_2015,Gov.uk 6-month press release,https://www.gov.uk/government/news/business-minister-returns-to-redcar-6-months-after-steel-plant-closure,2015-2017,Redcar / Teesside,North East England,all,professional,primary_metals / steel_manufacturing,£50k+,"£11k-£15k employer hiring subsidy (age-tiered: £11k under-45, £15k aged 45+); Routes to Work pilot £7.5m (Tees Valley-wide); £46m total government package (announced Oct 2015)","N/A — no UBI operational in UK Oct 2015. Actual baseline safety net: JSA £73.10/wk (adult rate) or £57.90/wk (under-25); ESA (support group) £109.65/wk; UC standard allowance £317.82/month. For model calibration: ubi_level = 0. UBI counterfactuals are simulation scenarios, not historical data.",104,2016Q2 (7 months post-closure),1.0,25.0,29.0,14.0,31.0,ESTIMATED_LOW,"INCOME BAND: £50k+. Plant management, senior engineers, operations managers. Above ASHE NE p90 (£882/wk=£45.9k/yr). Estimated 5% of workforce — LOW confidence. Likely had enhanced redundancy packages separate from main SSI terms. Outcome adjustments vs £25k-£35k baseline: retrain -1pp, share_similar +15pp, underemployed -14pp, exit -6pp, still_seeking +6pp. Source: China Shock ADH (low-wage→exit/underemployed; high-wage→share_similar) + Hartz re-employment wage analysis. All income-band outcomes ESTIMATED_LOW.  QUARTER: 2016Q2 (7 months post-closure, Oct 2 2015).  REDCAR & CLEVELAND LA (E06000003) claimant count: 3172 quarterly avg (baseline 3477; excess vs baseline: -305).  NE LABOUR MARKET (APS Oct 2015-Sep 2016): unemployment 6.8%, employment 69.9%, activity 75.1%.  NE MEDIAN WAGE (ASHE 2016): £492.4/week (£25605/yr). SSI workers earned above NE median (skilled manual, union rates, est. £25k-£35k).  6-month data: 4300 training courses delivered (NOT worker counts — one worker may take multiple courses). 2988 received job advice (near-universal).  outcome_retrain_% and outcome_share_similar_% remain UNKNOWN — DWP microdata required for clean bucket split. outcome_underemployed_% proxy only (area wage data). All area-level data is NOT individual SSI worker tracking.","Nomis claimant count is AREA-LEVEL (Redcar & Cleveland LA or NE ITL1) — not individual SSI worker tracking. SSI dominated local economy so LA-level excess is largely attributable to closure, but non-SSI workers are included. JSA exit ≠ re-employed (workers may move to ESA/UC). Nomis age band 25-49 ≠ model band 25-44. UK training course = 2-day refresher to full vocational qual — not comparable to German Umschulung (1-2yr full requalification). Steel sector ~95% male; gender-disaggregated outcome rates unavailable from public sources.",2016Q2,7,all,3172,3477,-305.4,,,49775,67784,-18009.5,,,6.8,69.9,75.1,Oct 2015-Sep 2016,492.4,25605,104,,,,,,,,4300.0,,,,
redcar_2015,ONS Nomis NM_162_1 / DWP JSA Stats / SSI Task Force,https://www.nomisweb.co.uk/,2015-2017,Redcar / Teesside,North East England,all,skilled_manual,primary_metals / steel_manufacturing,£25k-£35k est.,"£11k-£15k employer hiring subsidy (age-tiered: £11k under-45, £15k aged 45+); Routes to Work pilot £7.5m (Tees Valley-wide); £46m total government package (announced Oct 2015)","N/A — no UBI operational in UK Oct 2015. Actual baseline safety net: JSA £73.10/wk (adult rate) or £57.90/wk (under-25); ESA (support group) £109.65/wk; UC standard allowance £317.82/month. For model calibration: ubi_level = 0. UBI counterfactuals are simulation scenarios, not historical data.",2070,2016Q3 (10 months post-closure),,,,,,LOW,"QUARTER: 2016Q3 (10 months post-closure, Oct 2 2015).  REDCAR & CLEVELAND LA (E06000003) claimant count: 3182 quarterly avg (baseline 3477; excess vs baseline: -295).  NE LABOUR MARKET (APS Jan 2016-Dec 2016): unemployment 6.6%, employment 70.5%, activity 75.5%.  NE MEDIAN WAGE (ASHE 2016): £492.4/week (£25605/yr). SSI workers earned above NE median (skilled manual, union rates, est. £25k-£35k).  No direct outcome data for this quarter. Use RC LA claimant count trajectory as proxy for still_seeking rate.  outcome_retrain_% and outcome_share_similar_% remain UNKNOWN — DWP microdata required for clean bucket split. outcome_underemployed_% proxy only (area wage data). All area-level data is NOT individual SSI worker tracking.","Nomis claimant count is AREA-LEVEL (Redcar & Cleveland LA or NE ITL1) — not individual SSI worker tracking. SSI dominated local economy so LA-level excess is largely attributable to closure, but non-SSI workers are included. JSA exit ≠ re-employed (workers may move to ESA/UC). Nomis age band 25-49 ≠ model band 25-44. UK training course = 2-day refresher to full vocational qual — not comparable to German Umschulung (1-2yr full requalification). Steel sector ~95% male; gender-disaggregated outcome rates unavailable from public sources.",2016Q3,10,all,3182,3477,-295.4,,,49180,67784,-18604.5,,,6.6,70.5,75.5,Jan 2016-Dec 2016,492.4,25605,2070,,,,,,,,,,,,
redcar_2015,ONS Nomis NM_162_1 / DWP JSA Stats / SSI Task Force,https://www.nomisweb.co.uk/,2015-2017,Redcar / Teesside,North East England,16-24,skilled_manual,primary_metals / steel_manufacturing,£25k-£35k est.,£11k employer hiring subsidy (under-45 tier); Routes to Work pilot £7.5m (Tees Valley-wide); Employer Ownership of Skills pilot; £46m total government package,"N/A — no UBI operational in UK Oct 2015. Actual baseline safety net: JSA £73.10/wk (adult rate) or £57.90/wk (under-25); ESA (support group) £109.65/wk; UC standard allowance £317.82/month. For model calibration: ubi_level = 0. UBI counterfactuals are simulation scenarios, not historical data.",207,2016Q3 (10 months post-closure),,,,,,LOW,"AGE BAND: 16-24. Nomis band used: Aged 16-24 . Estimated SSI workers in this cell: 207 (prior: 10% of 2070).  QUARTER: 2016Q3 (10 months post-closure, Oct 2 2015).  REDCAR & CLEVELAND LA (E06000003) claimant count: 3182 quarterly avg (baseline 3477; excess vs baseline: -295).  RC LA age band claimants: 730 (23.0% of LA total).  NE LABOUR MARKET (APS Jan 2016-Dec 2016): unemployment 6.6%, employment 70.5%, activity 75.5%.  NE MEDIAN WAGE (ASHE 2016): £492.4/week (£25605/yr). SSI workers earned above NE median (skilled manual, union rates, est. £25k-£35k).  No direct outcome data for this quarter. Use RC LA claimant count trajectory as proxy for still_seeking rate.  outcome_retrain_% and outcome_share_similar_% remain UNKNOWN — DWP microdata required for clean bucket split. outcome_underemployed_% proxy only (area wage data). All area-level data is NOT individual SSI worker tracking.","Nomis claimant count is AREA-LEVEL (Redcar & Cleveland LA or NE ITL1) — not individual SSI worker tracking. SSI dominated local economy so LA-level excess is largely attributable to closure, but non-SSI workers are included. JSA exit ≠ re-employed (workers may move to ESA/UC). Nomis age band 25-49 ≠ model band 25-44. UK training course = 2-day refresher to full vocational qual — not comparable to German Umschulung (1-2yr full requalification). Steel sector ~95% male; gender-disaggregated outcome rates unavailable from public sources.",2016Q3,10,all,3182,3477,-295.4,730.0,23.0,49180,67784,-18604.5,,,6.6,70.5,75.5,Jan 2016-Dec 2016,492.4,25605,207,0.1,,,,,,,,,,,
redcar_2015,ONS Nomis NM_162_1 / DWP JSA Stats / SSI Task Force,https://www.nomisweb.co.uk/,2015-2017,Redcar / Teesside,North East England,25-49,skilled_manual,primary_metals / steel_manufacturing,£25k-£35k est.,£11k employer hiring subsidy (under-45 tier); Routes to Work pilot £7.5m (Tees Valley-wide); £46m total government package,"N/A — no UBI operational in UK Oct 2015. Actual baseline safety net: JSA £73.10/wk (adult rate) or £57.90/wk (under-25); ESA (support group) £109.65/wk; UC standard allowance £317.82/month. For model calibration: ubi_level = 0. UBI counterfactuals are simulation scenarios, not historical data.",828,2016Q3 (10 months post-closure),,,,,,LOW,"AGE BAND: 25-49. Nomis band used: Aged 25-49 (NOTE: Nomis uses 25-49, not 25-44 — document mismatch). Estimated SSI workers in this cell: 828 (prior: 40% of 2070).  QUARTER: 2016Q3 (10 months post-closure, Oct 2 2015).  REDCAR & CLEVELAND LA (E06000003) claimant count: 3182 quarterly avg (baseline 3477; excess vs baseline: -295).  RC LA age band claimants: 1675 (52.8% of LA total).  NE LABOUR MARKET (APS Jan 2016-Dec 2016): unemployment 6.6%, employment 70.5%, activity 75.5%.  NE MEDIAN WAGE (ASHE 2016): £492.4/week (£25605/yr). SSI workers earned above NE median (skilled manual, union rates, est. £25k-£35k).  No direct outcome data for this quarter. Use RC LA claimant count trajectory as proxy for still_seeking rate.  outcome_retrain_% and outcome_share_similar_% remain UNKNOWN — DWP microdata required for clean bucket split. outcome_underemployed_% proxy only (area wage data). All area-level data is NOT individual SSI worker tracking.","Nomis claimant count is AREA-LEVEL (Redcar & Cleveland LA or NE ITL1) — not individual SSI worker tracking. SSI dominated local economy so LA-level excess is largely attributable to closure, but non-SSI workers are included. JSA exit ≠ re-employed (workers may move to ESA/UC). Nomis age band 25-49 ≠ model band 25-44. UK training course = 2-day refresher to full vocational qual — not comparable to German Umschulung (1-2yr full requalification). Steel sector ~95% male; gender-disaggregated outcome rates unavailable from public sources.",2016Q3,10,all,3182,3477,-295.4,1675.0,52.8,49180,67784,-18604.5,,,6.6,70.5,75.5,Jan 2016-Dec 2016,492.4,25605,828,0.4,,,,,,,,,,,
redcar_2015,ONS Nomis NM_162_1 / DWP JSA Stats / SSI Task Force,https://www.nomisweb.co.uk/,2015-2017,Redcar / Teesside,North East England,50+,skilled_manual,primary_metals / steel_manufacturing,£25k-£35k est.,"£15k employer hiring subsidy (45+ tier — highest rate, recognising harder-to-place status); Routes to Work pilot £7.5m (Tees Valley-wide); £46m total government package","N/A — no UBI operational in UK Oct 2015. Actual baseline safety net: JSA £73.10/wk (adult rate) or £57.90/wk (under-25); ESA (support group) £109.65/wk; UC standard allowance £317.82/month. For model calibration: ubi_level = 0. UBI counterfactuals are simulation scenarios, not historical data.",1035,2016Q3 (10 months post-closure),,,,,,LOW,"AGE BAND: 50+. Nomis band used: Aged 50+ . Estimated SSI workers in this cell: 1035 (prior: 50% of 2070).  QUARTER: 2016Q3 (10 months post-closure, Oct 2 2015).  REDCAR & CLEVELAND LA (E06000003) claimant count: 3182 quarterly avg (baseline 3477; excess vs baseline: -295).  RC LA age band claimants: 770 (24.3% of LA total).  NE LABOUR MARKET (APS Jan 2016-Dec 2016): unemployment 6.6%, employment 70.5%, activity 75.5%.  NE MEDIAN WAGE (ASHE 2016): £492.4/week (£25605/yr). SSI workers earned above NE median (skilled manual, union rates, est. £25k-£35k).  No direct outcome data for this quarter. Use RC LA claimant count trajectory as proxy for still_seeking rate.  outcome_retrain_% and outcome_share_similar_% remain UNKNOWN — DWP microdata required for clean bucket split. outcome_underemployed_% proxy only (area wage data). All area-level data is NOT individual SSI worker tracking.","Nomis claimant count is AREA-LEVEL (Redcar & Cleveland LA or NE ITL1) — not individual SSI worker tracking. SSI dominated local economy so LA-level excess is largely attributable to closure, but non-SSI workers are included. JSA exit ≠ re-employed (workers may move to ESA/UC). Nomis age band 25-49 ≠ model band 25-44. UK training course = 2-day refresher to full vocational qual — not comparable to German Umschulung (1-2yr full requalification). Steel sector ~95% male; gender-disaggregated outcome rates unavailable from public sources.",2016Q3,10,all,3182,3477,-295.4,770.0,24.3,49180,67784,-18604.5,,,6.6,70.5,75.5,Jan 2016-Dec 2016,492.4,25605,1035,0.5,,,,,,,,,,,
redcar_2015,ONS Nomis NM_162_1 / DWP JSA Stats / SSI Task Force,https://www.nomisweb.co.uk/,2015-2017,Redcar / Teesside,North East England,16-24,skilled_manual,primary_metals / steel_manufacturing,£25k-£35k est.,£11k employer hiring subsidy (under-45 tier); Routes to Work pilot £7.5m (Tees Valley-wide); Employer Ownership of Skills pilot; £46m total government package,"N/A — no UBI operational in UK Oct 2015. Actual baseline safety net: JSA £73.10/wk (adult rate) or £57.90/wk (under-25); ESA (support group) £109.65/wk; UC standard allowance £317.82/month. For model calibration: ubi_level = 0. UBI counterfactuals are simulation scenarios, not historical data.",197,2016Q3 (10 months post-closure),,,,,,LOW,"AGE BAND: 16-24. Nomis band used: Aged 16-24 . Estimated SSI workers in this cell: 197 (prior: 10% of 2070).  GENDER: male. Prior: 95% of SSI workforce (UK steel industry statistic, not SSI-specific microdata).  QUARTER: 2016Q3 (10 months post-closure, Oct 2 2015).  REDCAR & CLEVELAND LA (E06000003) claimant count: 3182 quarterly avg (baseline 3477; excess vs baseline: -295).  RC LA age band claimants: 730 (23.0% of LA total).  NE ITL1 gender claimants in this age band: 7630 (66.1% of NE age-band total). NOTE: NE gender split mixes steel and non-steel workers. SSI gender prior (95% male) used for ssi_est_workers_this_cell instead.  NE LABOUR MARKET (APS Jan 2016-Dec 2016): unemployment 6.6%, employment 70.5%, activity 75.5%.  NE MEDIAN WAGE (ASHE 2016): £492.4/week (£25605/yr). SSI workers earned above NE median (skilled manual, union rates, est. £25k-£35k).  No direct outcome data for this quarter. Use RC LA claimant count trajectory as proxy for still_seeking rate.  outcome_retrain_% and outcome_share_similar_% remain UNKNOWN — DWP microdata required for clean bucket split. outcome_underemployed_% proxy only (area wage data). All area-level data is NOT individual SSI worker tracking.","Nomis claimant count is AREA-LEVEL (Redcar & Cleveland LA or NE ITL1) — not individual SSI worker tracking. SSI dominated local economy so LA-level excess is largely attributable to closure, but non-SSI workers are included. JSA exit ≠ re-employed (workers may move to ESA/UC). Nomis age band 25-49 ≠ model band 25-44. UK training course = 2-day refresher to full vocational qual — not comparable to German Umschulung (1-2yr full requalification). Steel sector ~95% male; gender-disaggregated outcome rates unavailable from public sources.",2016Q3,10,male,3182,3477,-295.4,730.0,23.0,49180,67784,-18604.5,7630.0,66.1,6.6,70.5,75.5,Jan 2016-Dec 2016,492.4,25605,197,0.1,0.95,,,,,,,,,,
redcar_2015,ONS Nomis NM_162_1 / DWP JSA Stats / SSI Task Force,https://www.nomisweb.co.uk/,2015-2017,Redcar / Teesside,North East England,16-24,skilled_manual,primary_metals / steel_manufacturing,£25k-£35k est.,£11k employer hiring subsidy (under-45 tier); Routes to Work pilot £7.5m (Tees Valley-wide); Employer Ownership of Skills pilot; £46m total government package,"N/A — no UBI operational in UK Oct 2015. Actual baseline safety net: JSA £73.10/wk (adult rate) or £57.90/wk (under-25); ESA (support group) £109.65/wk; UC standard allowance £317.82/month. For model calibration: ubi_level = 0. UBI counterfactuals are simulation scenarios, not historical data.",10,2016Q3 (10 months post-closure),,,,,,LOW,"AGE BAND: 16-24. Nomis band used: Aged 16-24 . Estimated SSI workers in this cell: 10 (prior: 10% of 2070).  GENDER: female. Prior: 5% of SSI workforce (UK steel industry statistic, not SSI-specific microdata).  QUARTER: 2016Q3 (10 months post-closure, Oct 2 2015).  REDCAR & CLEVELAND LA (E06000003) claimant count: 3182 quarterly avg (baseline 3477; excess vs baseline: -295).  RC LA age band claimants: 730 (23.0% of LA total).  NE ITL1 gender claimants in this age band: 3905 (33.9% of NE age-band total). NOTE: NE gender split mixes steel and non-steel workers. SSI gender prior (95% male) used for ssi_est_workers_this_cell instead.  NE LABOUR MARKET (APS Jan 2016-Dec 2016): unemployment 6.6%, employment 70.5%, activity 75.5%.  NE MEDIAN WAGE (ASHE 2016): £492.4/week (£25605/yr). SSI workers earned above NE median (skilled manual, union rates, est. £25k-£35k).  No direct outcome data for this quarter. Use RC LA claimant count trajectory as proxy for still_seeking rate.  outcome_retrain_% and outcome_share_similar_% remain UNKNOWN — DWP microdata required for clean bucket split. outcome_underemployed_% proxy only (area wage data). All area-level data is NOT individual SSI worker tracking.","Nomis claimant count is AREA-LEVEL (Redcar & Cleveland LA or NE ITL1) — not individual SSI worker tracking. SSI dominated local economy so LA-level excess is largely attributable to closure, but non-SSI workers are included. JSA exit ≠ re-employed (workers may move to ESA/UC). Nomis age band 25-49 ≠ model band 25-44. UK training course = 2-day refresher to full vocational qual — not comparable to German Umschulung (1-2yr full requalification). Steel sector ~95% male; gender-disaggregated outcome rates unavailable from public sources.",2016Q3,10,female,3182,3477,-295.4,730.0,23.0,49180,67784,-18604.5,3905.0,33.9,6.6,70.5,75.5,Jan 2016-Dec 2016,492.4,25605,10,0.1,0.05,,,,,,,,,,
redcar_2015,ONS Nomis NM_162_1 / DWP JSA Stats / SSI Task Force,https://www.nomisweb.co.uk/,2015-2017,Redcar / Teesside,North East England,25-49,skilled_manual,primary_metals / steel_manufacturing,£25k-£35k est.,£11k employer hiring subsidy (under-45 tier); Routes to Work pilot £7.5m (Tees Valley-wide); £46m total government package,"N/A — no UBI operational in UK Oct 2015. Actual baseline safety net: JSA £73.10/wk (adult rate) or £57.90/wk (under-25); ESA (support group) £109.65/wk; UC standard allowance £317.82/month. For model calibration: ubi_level = 0. UBI counterfactuals are simulation scenarios, not historical data.",787,2016Q3 (10 months post-closure),,,,,,LOW,"AGE BAND: 25-49. Nomis band used: Aged 25-49 (NOTE: Nomis uses 25-49, not 25-44 — document mismatch). Estimated SSI workers in this cell: 787 (prior: 40% of 2070).  GENDER: male. Prior: 95% of SSI workforce (UK steel industry statistic, not SSI-specific microdata).  QUARTER: 2016Q3 (10 months post-closure, Oct 2 2015).  REDCAR & CLEVELAND LA (E06000003) claimant count: 3182 quarterly avg (baseline 3477; excess vs baseline: -295).  RC LA age band claimants: 1675 (52.8% of LA total).  NE ITL1 gender claimants in this age band: 16910 (65.6% of NE age-band total). NOTE: NE gender split mixes steel and non-steel workers. SSI gender prior (95% male) used for ssi_est_workers_this_cell instead.  NE LABOUR MARKET (APS Jan 2016-Dec 2016): unemployment 6.6%, employment 70.5%, activity 75.5%.  NE MEDIAN WAGE (ASHE 2016): £492.4/week (£25605/yr). SSI workers earned above NE median (skilled manual, union rates, est. £25k-£35k).  No direct outcome data for this quarter. Use RC LA claimant count trajectory as proxy for still_seeking rate.  outcome_retrain_% and outcome_share_similar_% remain UNKNOWN — DWP microdata required for clean bucket split. outcome_underemployed_% proxy only (area wage data). All area-level data is NOT individual SSI worker tracking.","Nomis claimant count is AREA-LEVEL (Redcar & Cleveland LA or NE ITL1) — not individual SSI worker tracking. SSI dominated local economy so LA-level excess is largely attributable to closure, but non-SSI workers are included. JSA exit ≠ re-employed (workers may move to ESA/UC). Nomis age band 25-49 ≠ model band 25-44. UK training course = 2-day refresher to full vocational qual — not comparable to German Umschulung (1-2yr full requalification). Steel sector ~95% male; gender-disaggregated outcome rates unavailable from public sources.",2016Q3,10,male,3182,3477,-295.4,1675.0,52.8,49180,67784,-18604.5,16910.0,65.6,6.6,70.5,75.5,Jan 2016-Dec 2016,492.4,25605,787,0.4,0.95,,,,,,,,,,
redcar_2015,ONS Nomis NM_162_1 / DWP JSA Stats / SSI Task Force,https://www.nomisweb.co.uk/,2015-2017,Redcar / Teesside,North East England,25-49,skilled_manual,primary_metals / steel_manufacturing,£25k-£35k est.,£11k employer hiring subsidy (under-45 tier); Routes to Work pilot £7.5m (Tees Valley-wide); £46m total government package,"N/A — no UBI operational in UK Oct 2015. Actual baseline safety net: JSA £73.10/wk (adult rate) or £57.90/wk (under-25); ESA (support group) £109.65/wk; UC standard allowance £317.82/month. For model calibration: ubi_level = 0. UBI counterfactuals are simulation scenarios, not historical data.",41,2016Q3 (10 months post-closure),,,,,,LOW,"AGE BAND: 25-49. Nomis band used: Aged 25-49 (NOTE: Nomis uses 25-49, not 25-44 — document mismatch). Estimated SSI workers in this cell: 41 (prior: 40% of 2070).  GENDER: female. Prior: 5% of SSI workforce (UK steel industry statistic, not SSI-specific microdata).  QUARTER: 2016Q3 (10 months post-closure, Oct 2 2015).  REDCAR & CLEVELAND LA (E06000003) claimant count: 3182 quarterly avg (baseline 3477; excess vs baseline: -295).  RC LA age band claimants: 1675 (52.8% of LA total).  NE ITL1 gender claimants in this age band: 8872 (34.4% of NE age-band total). NOTE: NE gender split mixes steel and non-steel workers. SSI gender prior (95% male) used for ssi_est_workers_this_cell instead.  NE LABOUR MARKET (APS Jan 2016-Dec 2016): unemployment 6.6%, employment 70.5%, activity 75.5%.  NE MEDIAN WAGE (ASHE 2016): £492.4/week (£25605/yr). SSI workers earned above NE median (skilled manual, union rates, est. £25k-£35k).  No direct outcome data for this quarter. Use RC LA claimant count trajectory as proxy for still_seeking rate.  outcome_retrain_% and outcome_share_similar_% remain UNKNOWN — DWP microdata required for clean bucket split. outcome_underemployed_% proxy only (area wage data). All area-level data is NOT individual SSI worker tracking.","Nomis claimant count is AREA-LEVEL (Redcar & Cleveland LA or NE ITL1) — not individual SSI worker tracking. SSI dominated local economy so LA-level excess is largely attributable to closure, but non-SSI workers are included. JSA exit ≠ re-employed (workers may move to ESA/UC). Nomis age band 25-49 ≠ model band 25-44. UK training course = 2-day refresher to full vocational qual — not comparable to German Umschulung (1-2yr full requalification). Steel sector ~95% male; gender-disaggregated outcome rates unavailable from public sources.",2016Q3,10,female,3182,3477,-295.4,1675.0,52.8,49180,67784,-18604.5,8872.0,34.4,6.6,70.5,75.5,Jan 2016-Dec 2016,492.4,25605,41,0.4,0.05,,,,,,,,,,
redcar_2015,ONS Nomis NM_162_1 / DWP JSA Stats / SSI Task Force,https://www.nomisweb.co.uk/,2015-2017,Redcar / Teesside,North East England,50+,skilled_manual,primary_metals / steel_manufacturing,£25k-£35k est.,"£15k employer hiring subsidy (45+ tier — highest rate, recognising harder-to-place status); Routes to Work pilot £7.5m (Tees Valley-wide); £46m total government package","N/A — no UBI operational in UK Oct 2015. Actual baseline safety net: JSA £73.10/wk (adult rate) or £57.90/wk (under-25); ESA (support group) £109.65/wk; UC standard allowance £317.82/month. For model calibration: ubi_level = 0. UBI counterfactuals are simulation scenarios, not historical data.",983,2016Q3 (10 months post-closure),,,,,,LOW,"AGE BAND: 50+. Nomis band used: Aged 50+ . Estimated SSI workers in this cell: 983 (prior: 50% of 2070).  GENDER: male. Prior: 95% of SSI workforce (UK steel industry statistic, not SSI-specific microdata).  QUARTER: 2016Q3 (10 months post-closure, Oct 2 2015).  REDCAR & CLEVELAND LA (E06000003) claimant count: 3182 quarterly avg (baseline 3477; excess vs baseline: -295).  RC LA age band claimants: 770 (24.3% of LA total).  NE ITL1 gender claimants in this age band: 7523 (63.7% of NE age-band total). NOTE: NE gender split mixes steel and non-steel workers. SSI gender prior (95% male) used for ssi_est_workers_this_cell instead.  NE LABOUR MARKET (APS Jan 2016-Dec 2016): unemployment 6.6%, employment 70.5%, activity 75.5%.  NE MEDIAN WAGE (ASHE 2016): £492.4/week (£25605/yr). SSI workers earned above NE median (skilled manual, union rates, est. £25k-£35k).  No direct outcome data for this quarter. Use RC LA claimant count trajectory as proxy for still_seeking rate.  outcome_retrain_% and outcome_share_similar_% remain UNKNOWN — DWP microdata required for clean bucket split. outcome_underemployed_% proxy only (area wage data). All area-level data is NOT individual SSI worker tracking.","Nomis claimant count is AREA-LEVEL (Redcar & Cleveland LA or NE ITL1) — not individual SSI worker tracking. SSI dominated local economy so LA-level excess is largely attributable to closure, but non-SSI workers are included. JSA exit ≠ re-employed (workers may move to ESA/UC). Nomis age band 25-49 ≠ model band 25-44. UK training course = 2-day refresher to full vocational qual — not comparable to German Umschulung (1-2yr full requalification). Steel sector ~95% male; gender-disaggregated outcome rates unavailable from public sources.",2016Q3,10,male,3182,3477,-295.4,770.0,24.3,49180,67784,-18604.5,7523.0,63.7,6.6,70.5,75.5,Jan 2016-Dec 2016,492.4,25605,983,0.5,0.95,,,,,,,,,,
redcar_2015,ONS Nomis NM_162_1 / DWP JSA Stats / SSI Task Force,https://www.nomisweb.co.uk/,2015-2017,Redcar / Teesside,North East England,50+,skilled_manual,primary_metals / steel_manufacturing,£25k-£35k est.,"£15k employer hiring subsidy (45+ tier — highest rate, recognising harder-to-place status); Routes to Work pilot £7.5m (Tees Valley-wide); £46m total government package","N/A — no UBI operational in UK Oct 2015. Actual baseline safety net: JSA £73.10/wk (adult rate) or £57.90/wk (under-25); ESA (support group) £109.65/wk; UC standard allowance £317.82/month. For model calibration: ubi_level = 0. UBI counterfactuals are simulation scenarios, not historical data.",52,2016Q3 (10 months post-closure),,,,,,LOW,"AGE BAND: 50+. Nomis band used: Aged 50+ . Estimated SSI workers in this cell: 52 (prior: 50% of 2070).  GENDER: female. Prior: 5% of SSI workforce (UK steel industry statistic, not SSI-specific microdata).  QUARTER: 2016Q3 (10 months post-closure, Oct 2 2015).  REDCAR & CLEVELAND LA (E06000003) claimant count: 3182 quarterly avg (baseline 3477; excess vs baseline: -295).  RC LA age band claimants: 770 (24.3% of LA total).  NE ITL1 gender claimants in this age band: 4290 (36.3% of NE age-band total). NOTE: NE gender split mixes steel and non-steel workers. SSI gender prior (95% male) used for ssi_est_workers_this_cell instead.  NE LABOUR MARKET (APS Jan 2016-Dec 2016): unemployment 6.6%, employment 70.5%, activity 75.5%.  NE MEDIAN WAGE (ASHE 2016): £492.4/week (£25605/yr). SSI workers earned above NE median (skilled manual, union rates, est. £25k-£35k).  No direct outcome data for this quarter. Use RC LA claimant count trajectory as proxy for still_seeking rate.  outcome_retrain_% and outcome_share_similar_% remain UNKNOWN — DWP microdata required for clean bucket split. outcome_underemployed_% proxy only (area wage data). All area-level data is NOT individual SSI worker tracking.","Nomis claimant count is AREA-LEVEL (Redcar & Cleveland LA or NE ITL1) — not individual SSI worker tracking. SSI dominated local economy so LA-level excess is largely attributable to closure, but non-SSI workers are included. JSA exit ≠ re-employed (workers may move to ESA/UC). Nomis age band 25-49 ≠ model band 25-44. UK training course = 2-day refresher to full vocational qual — not comparable to German Umschulung (1-2yr full requalification). Steel sector ~95% male; gender-disaggregated outcome rates unavailable from public sources.",2016Q3,10,female,3182,3477,-295.4,770.0,24.3,49180,67784,-18604.5,4290.0,36.3,6.6,70.5,75.5,Jan 2016-Dec 2016,492.4,25605,52,0.5,0.05,,,,,,,,,,
redcar_2015,ONS Nomis NM_162_1 / DWP JSA Stats / SSI Task Force,https://www.nomisweb.co.uk/,2015-2017,Redcar / Teesside,North East England,all,low_skilled,primary_metals / steel_manufacturing,<£20k,"£11k-£15k employer hiring subsidy (age-tiered: £11k under-45, £15k aged 45+); Routes to Work pilot £7.5m (Tees Valley-wide); £46m total government package (announced Oct 2015)","N/A — no UBI operational in UK Oct 2015. Actual baseline safety net: JSA £73.10/wk (adult rate) or £57.90/wk (under-25); ESA (support group) £109.65/wk; UC standard allowance £317.82/month. For model calibration: ubi_level = 0. UBI counterfactuals are simulation scenarios, not historical data.",104,2016Q3 (10 months post-closure),4.0,7.0,55.0,32.0,2.0,ESTIMATED_LOW,"INCOME BAND: <£20k. Semi-skilled process support, admin, cleaners. ASHE NE p10 (£288/wk=£15k/yr). Lowest-paid SSI cohort. Estimated 5% of workforce — LOW confidence. Outcome adjustments vs £25k-£35k baseline: retrain -2pp, share_similar -6pp, underemployed +3pp, exit +6pp, still_seeking -1pp. Source: China Shock ADH (low-wage→exit/underemployed; high-wage→share_similar) + Hartz re-employment wage analysis. All income-band outcomes ESTIMATED_LOW.  QUARTER: 2016Q3 (10 months post-closure, Oct 2 2015).  REDCAR & CLEVELAND LA (E06000003) claimant count: 3182 quarterly avg (baseline 3477; excess vs baseline: -295).  NE LABOUR MARKET (APS Jan 2016-Dec 2016): unemployment 6.6%, employment 70.5%, activity 75.5%.  NE MEDIAN WAGE (ASHE 2016): £492.4/week (£25605/yr). SSI workers earned above NE median (skilled manual, union rates, est. £25k-£35k).  No direct outcome data for this quarter. Use RC LA claimant count trajectory as proxy for still_seeking rate.  outcome_retrain_% and outcome_share_similar_% remain UNKNOWN — DWP microdata required for clean bucket split. outcome_underemployed_% proxy only (area wage data). All area-level data is NOT individual SSI worker tracking.","Nomis claimant count is AREA-LEVEL (Redcar & Cleveland LA or NE ITL1) — not individual SSI worker tracking. SSI dominated local economy so LA-level excess is largely attributable to closure, but non-SSI workers are included. JSA exit ≠ re-employed (workers may move to ESA/UC). Nomis age band 25-49 ≠ model band 25-44. UK training course = 2-day refresher to full vocational qual — not comparable to German Umschulung (1-2yr full requalification). Steel sector ~95% male; gender-disaggregated outcome rates unavailable from public sources.",2016Q3,10,all,3182,3477,-295.4,,,49180,67784,-18604.5,,,6.6,70.5,75.5,Jan 2016-Dec 2016,492.4,25605,104,,,,,,,,,,,,
redcar_2015,ONS Nomis NM_162_1 / DWP JSA Stats / SSI Task Force,https://www.nomisweb.co.uk/,2015-2017,Redcar / Teesside,North East England,all,skilled_manual,primary_metals / steel_manufacturing,£20k-£25k,"£11k-£15k employer hiring subsidy (age-tiered: £11k under-45, £15k aged 45+); Routes to Work pilot £7.5m (Tees Valley-wide); £46m total government package (announced Oct 2015)","N/A — no UBI operational in UK Oct 2015. Actual baseline safety net: JSA £73.10/wk (adult rate) or £57.90/wk (under-25); ESA (support group) £109.65/wk; UC standard allowance £317.82/month. For model calibration: ubi_level = 0. UBI counterfactuals are simulation scenarios, not historical data.",310,2016Q3 (10 months post-closure),5.0,9.0,54.0,30.0,2.0,ESTIMATED_LOW,"INCOME BAND: £20k-£25k. Semi-skilled process operators, junior technicians. ASHE NE p25-median range (£359-£486/wk). Estimated 15% of workforce — LOW confidence. Outcome adjustments vs £25k-£35k baseline: retrain -1pp, share_similar -4pp, underemployed +2pp, exit +4pp, still_seeking -1pp. Source: China Shock ADH (low-wage→exit/underemployed; high-wage→share_similar) + Hartz re-employment wage analysis. All income-band outcomes ESTIMATED_LOW.  QUARTER: 2016Q3 (10 months post-closure, Oct 2 2015).  REDCAR & CLEVELAND LA (E06000003) claimant count: 3182 quarterly avg (baseline 3477; excess vs baseline: -295).  NE LABOUR MARKET (APS Jan 2016-Dec 2016): unemployment 6.6%, employment 70.5%, activity 75.5%.  NE MEDIAN WAGE (ASHE 2016): £492.4/week (£25605/yr). SSI workers earned above NE median (skilled manual, union rates, est. £25k-£35k).  No direct outcome data for this quarter. Use RC LA claimant count trajectory as proxy for still_seeking rate.  outcome_retrain_% and outcome_share_similar_% remain UNKNOWN — DWP microdata required for clean bucket split. outcome_underemployed_% proxy only (area wage data). All area-level data is NOT individual SSI worker tracking.","Nomis claimant count is AREA-LEVEL (Redcar & Cleveland LA or NE ITL1) — not individual SSI worker tracking. SSI dominated local economy so LA-level excess is largely attributable to closure, but non-SSI workers are included. JSA exit ≠ re-employed (workers may move to ESA/UC). Nomis age band 25-49 ≠ model band 25-44. UK training course = 2-day refresher to full vocational qual — not comparable to German Umschulung (1-2yr full requalification). Steel sector ~95% male; gender-disaggregated outcome rates unavailable from public sources.",2016Q3,10,all,3182,3477,-295.4,,,49180,67784,-18604.5,,,6.6,70.5,75.5,Jan 2016-Dec 2016,492.4,25605,310,,,,,,,,,,,,
redcar_2015,ONS Nomis NM_162_1 / DWP JSA Stats / SSI Task Force,https://www.nomisweb.co.uk/,2015-2017,Redcar / Teesside,North East England,all,skilled_manual,primary_metals / steel_manufacturing,£25k-£35k,"£11k-£15k employer hiring subsidy (age-tiered: £11k under-45, £15k aged 45+); Routes to Work pilot £7.5m (Tees Valley-wide); £46m total government package (announced Oct 2015)","N/A — no UBI operational in UK Oct 2015. Actual baseline safety net: JSA £73.10/wk (adult rate) or £57.90/wk (under-25); ESA (support group) £109.65/wk; UC standard allowance £317.82/month. For model calibration: ubi_level = 0. UBI counterfactuals are simulation scenarios, not historical data.",1138,2016Q3 (10 months post-closure),6.0,13.0,52.0,26.0,,LOW,"INCOME BAND: £25k-£35k. Skilled process operators, blast furnace operators. ASHE NE median-p75 range (£486-£679/wk). PRIMARY ESTIMATE — majority of SSI workforce. All aggregate anchors (25% still-seeking, 93% off benefits) apply directly. Outcome adjustments vs £25k-£35k baseline: retrain +0pp, share_similar +0pp, underemployed +0pp, exit +0pp, still_seeking +0pp. Source: China Shock ADH (low-wage→exit/underemployed; high-wage→share_similar) + Hartz re-employment wage analysis. All income-band outcomes ESTIMATED_LOW.  QUARTER: 2016Q3 (10 months post-closure, Oct 2 2015).  REDCAR & CLEVELAND LA (E06000003) claimant count: 3182 quarterly avg (baseline 3477; excess vs baseline: -295).  NE LABOUR MARKET (APS Jan 2016-Dec 2016): unemployment 6.6%, employment 70.5%, activity 75.5%.  NE MEDIAN WAGE (ASHE 2016): £492.4/week (£25605/yr). SSI workers earned above NE median (skilled manual, union rates, est. £25k-£35k).  No direct outcome data for this quarter. Use RC LA claimant count trajectory as proxy for still_seeking rate.  outcome_retrain_% and outcome_share_similar_% remain UNKNOWN — DWP microdata required for clean bucket split. outcome_underemployed_% proxy only (area wage data). All area-level data is NOT individual SSI worker tracking.","Nomis claimant count is AREA-LEVEL (Redcar & Cleveland LA or NE ITL1) — not individual SSI worker tracking. SSI dominated local economy so LA-level excess is largely attributable to closure, but non-SSI workers are included. JSA exit ≠ re-employed (workers may move to ESA/UC). Nomis age band 25-49 ≠ model band 25-44. UK training course = 2-day refresher to full vocational qual — not comparable to German Umschulung (1-2yr full requalification). Steel sector ~95% male; gender-disaggregated outcome rates unavailable from public sources.",2016Q3,10,all,3182,3477,-295.4,,,49180,67784,-18604.5,,,6.6,70.5,75.5,Jan 2016-Dec 2016,492.4,25605,1138,,,,,,,,,,,,
redcar_2015,ONS Nomis NM_162_1 / DWP JSA Stats / SSI Task Force,https://www.nomisweb.co.uk/,2015-2017,Redcar / Teesside,North East England,all,skilled_manual,primary_metals / steel_manufacturing,£35k-£50k,"£11k-£15k employer hiring subsidy (age-tiered: £11k under-45, £15k aged 45+); Routes to Work pilot £7.5m (Tees Valley-wide); £46m total government package (announced Oct 2015)","N/A — no UBI operational in UK Oct 2015. Actual baseline safety net: JSA £73.10/wk (adult rate) or £57.90/wk (under-25); ESA (support group) £109.65/wk; UC standard allowance £317.82/month. For model calibration: ubi_level = 0. UBI counterfactuals are simulation scenarios, not historical data.",414,2016Q3 (10 months post-closure),7.0,20.0,46.0,22.0,5.0,ESTIMATED_LOW,"INCOME BAND: £35k-£50k. Senior operators, shift supervisors, maintenance engineers, technicians. ASHE NE p75-p90 range (£679-£882/wk). Estimated 20% of workforce — LOW confidence. Outcome adjustments vs £25k-£35k baseline: retrain +1pp, share_similar +7pp, underemployed -6pp, exit -4pp, still_seeking +2pp. Source: China Shock ADH (low-wage→exit/underemployed; high-wage→share_similar) + Hartz re-employment wage analysis. All income-band outcomes ESTIMATED_LOW.  QUARTER: 2016Q3 (10 months post-closure, Oct 2 2015).  REDCAR & CLEVELAND LA (E06000003) claimant count: 3182 quarterly avg (baseline 3477; excess vs baseline: -295).  NE LABOUR MARKET (APS Jan 2016-Dec 2016): unemployment 6.6%, employment 70.5%, activity 75.5%.  NE MEDIAN WAGE (ASHE 2016): £492.4/week (£25605/yr). SSI workers earned above NE median (skilled manual, union rates, est. £25k-£35k).  No direct outcome data for this quarter. Use RC LA claimant count trajectory as proxy for still_seeking rate.  outcome_retrain_% and outcome_share_similar_% remain UNKNOWN — DWP microdata required for clean bucket split. outcome_underemployed_% proxy only (area wage data). All area-level data is NOT individual SSI worker tracking.","Nomis claimant count is AREA-LEVEL (Redcar & Cleveland LA or NE ITL1) — not individual SSI worker tracking. SSI dominated local economy so LA-level excess is largely attributable to closure, but non-SSI workers are included. JSA exit ≠ re-employed (workers may move to ESA/UC). Nomis age band 25-49 ≠ model band 25-44. UK training course = 2-day refresher to full vocational qual — not comparable to German Umschulung (1-2yr full requalification). Steel sector ~95% male; gender-disaggregated outcome rates unavailable from public sources.",2016Q3,10,all,3182,3477,-295.4,,,49180,67784,-18604.5,,,6.6,70.5,75.5,Jan 2016-Dec 2016,492.4,25605,414,,,,,,,,,,,,
redcar_2015,ONS Nomis NM_162_1 / DWP JSA Stats / SSI Task Force,https://www.nomisweb.co.uk/,2015-2017,Redcar / Teesside,North East England,all,professional,primary_metals / steel_manufacturing,£50k+,"£11k-£15k employer hiring subsidy (age-tiered: £11k under-45, £15k aged 45+); Routes to Work pilot £7.5m (Tees Valley-wide); £46m total government package (announced Oct 2015)","N/A — no UBI operational in UK Oct 2015. Actual baseline safety net: JSA £73.10/wk (adult rate) or £57.90/wk (under-25); ESA (support group) £109.65/wk; UC standard allowance £317.82/month. For model calibration: ubi_level = 0. UBI counterfactuals are simulation scenarios, not historical data.",104,2016Q3 (10 months post-closure),5.0,28.0,38.0,20.0,9.0,ESTIMATED_LOW,"INCOME BAND: £50k+. Plant management, senior engineers, operations managers. Above ASHE NE p90 (£882/wk=£45.9k/yr). Estimated 5% of workforce — LOW confidence. Likely had enhanced redundancy packages separate from main SSI terms. Outcome adjustments vs £25k-£35k baseline: retrain -1pp, share_similar +15pp, underemployed -14pp, exit -6pp, still_seeking +6pp. Source: China Shock ADH (low-wage→exit/underemployed; high-wage→share_similar) + Hartz re-employment wage analysis. All income-band outcomes ESTIMATED_LOW.  QUARTER: 2016Q3 (10 months post-closure, Oct 2 2015).  REDCAR & CLEVELAND LA (E06000003) claimant count: 3182 quarterly avg (baseline 3477; excess vs baseline: -295).  NE LABOUR MARKET (APS Jan 2016-Dec 2016): unemployment 6.6%, employment 70.5%, activity 75.5%.  NE MEDIAN WAGE (ASHE 2016): £492.4/week (£25605/yr). SSI workers earned above NE median (skilled manual, union rates, est. £25k-£35k).  No direct outcome data for this quarter. Use RC LA claimant count trajectory as proxy for still_seeking rate.  outcome_retrain_% and outcome_share_similar_% remain UNKNOWN — DWP microdata required for clean bucket split. outcome_underemployed_% proxy only (area wage data). All area-level data is NOT individual SSI worker tracking.","Nomis claimant count is AREA-LEVEL (Redcar & Cleveland LA or NE ITL1) — not individual SSI worker tracking. SSI dominated local economy so LA-level excess is largely attributable to closure, but non-SSI workers are included. JSA exit ≠ re-employed (workers may move to ESA/UC). Nomis age band 25-49 ≠ model band 25-44. UK training course = 2-day refresher to full vocational qual — not comparable to German Umschulung (1-2yr full requalification). Steel sector ~95% male; gender-disaggregated outcome rates unavailable from public sources.",2016Q3,10,all,3182,3477,-295.4,,,49180,67784,-18604.5,,,6.6,70.5,75.5,Jan 2016-Dec 2016,492.4,25605,104,,,,,,,,,,,,
redcar_2015,SSI Task Force One Year On Report Sept 2016,https://teesvalley-ca.gov.uk/news/ssi-task-force-publishes-one-year-report/,2015-2017,Redcar / Teesside,North East England,all,skilled_manual,primary_metals / steel_manufacturing,£25k-£35k est.,"£11k-£15k employer hiring subsidy (age-tiered: £11k under-45, £15k aged 45+); Routes to Work pilot £7.5m (Tees Valley-wide); £46m total government package (announced Oct 2015)","N/A — no UBI operational in UK Oct 2015. Actual baseline safety net: JSA £73.10/wk (adult rate) or £57.90/wk (under-25); ESA (support group) £109.65/wk; UC standard allowance £317.82/month. For model calibration: ubi_level = 0. UBI counterfactuals are simulation scenarios, not historical data.",2070,2016Q4 (13 months post-closure),,8.3,,7.0,,HIGH,"QUARTER: 2016Q4 (13 months post-closure, Oct 2 2015).  REDCAR & CLEVELAND LA (E06000003) claimant count: 3193 quarterly avg (baseline 3477; excess vs baseline: -284).  NE LABOUR MARKET (APS Apr 2016-Mar 2017): unemployment 7.1%, employment 69.9%, activity 75.4%.  NE MEDIAN WAGE (ASHE 2016): £492.4/week (£25605/yr). SSI workers earned above NE median (skilled manual, union rates, est. £25k-£35k).  OUTCOME ANCHOR — 12 months (Task Force, n=2150): 93.0% off ALL benefits; 7.0% (~160 workers) still on benefits — likely older/health-affected. CRITICAL: cannot split 93.0% into retrain/share_similar/underemployed/exit without DWP microdata. Self-employment: 172 new businesses (8.3% of 2070).  outcome_retrain_% and outcome_share_similar_% remain UNKNOWN — DWP microdata required for clean bucket split. outcome_underemployed_% proxy only (area wage data). All area-level data is NOT individual SSI worker tracking.","Nomis claimant count is AREA-LEVEL (Redcar & Cleveland LA or NE ITL1) — not individual SSI worker tracking. SSI dominated local economy so LA-level excess is largely attributable to closure, but non-SSI workers are included. JSA exit ≠ re-employed (workers may move to ESA/UC). Nomis age band 25-49 ≠ model band 25-44. UK training course = 2-day refresher to full vocational qual — not comparable to German Umschulung (1-2yr full requalification). Steel sector ~95% male; gender-disaggregated outcome rates unavailable from public sources.",2016Q4,13,all,3193,3477,-283.8,,,50390,67784,-17394.5,,,7.1,69.9,75.4,Apr 2016-Mar 2017,492.4,25605,2070,,,93.0,7.0,,8.3,172.0,15510.0,,,,
redcar_2015,SSI Task Force One Year On Report Sept 2016,https://teesvalley-ca.gov.uk/news/ssi-task-force-publishes-one-year-report/,2015-2017,Redcar / Teesside,North East England,16-24,skilled_manual,primary_metals / steel_manufacturing,£25k-£35k est.,£11k employer hiring subsidy (under-45 tier); Routes to Work pilot £7.5m (Tees Valley-wide); Employer Ownership of Skills pilot; £46m total government package,"N/A — no UBI operational in UK Oct 2015. Actual baseline safety net: JSA £73.10/wk (adult rate) or £57.90/wk (under-25); ESA (support group) £109.65/wk; UC standard allowance £317.82/month. For model calibration: ubi_level = 0. UBI counterfactuals are simulation scenarios, not historical data.",207,2016Q4 (13 months post-closure),,8.3,,7.0,,HIGH,"AGE BAND: 16-24. Nomis band used: Aged 16-24 . Estimated SSI workers in this cell: 207 (prior: 10% of 2070).  QUARTER: 2016Q4 (13 months post-closure, Oct 2 2015).  REDCAR & CLEVELAND LA (E06000003) claimant count: 3193 quarterly avg (baseline 3477; excess vs baseline: -284).  RC LA age band claimants: 770 (24.2% of LA total).  NE LABOUR MARKET (APS Apr 2016-Mar 2017): unemployment 7.1%, employment 69.9%, activity 75.4%.  NE MEDIAN WAGE (ASHE 2016): £492.4/week (£25605/yr). SSI workers earned above NE median (skilled manual, union rates, est. £25k-£35k).  OUTCOME ANCHOR — 12 months (Task Force, n=2150): 93.0% off ALL benefits; 7.0% (~160 workers) still on benefits — likely older/health-affected. CRITICAL: cannot split 93.0% into retrain/share_similar/underemployed/exit without DWP microdata. Self-employment: 172 new businesses (8.3% of 2070).  outcome_retrain_% and outcome_share_similar_% remain UNKNOWN — DWP microdata required for clean bucket split. outcome_underemployed_% proxy only (area wage data). All area-level data is NOT individual SSI worker tracking.","Nomis claimant count is AREA-LEVEL (Redcar & Cleveland LA or NE ITL1) — not individual SSI worker tracking. SSI dominated local economy so LA-level excess is largely attributable to closure, but non-SSI workers are included. JSA exit ≠ re-employed (workers may move to ESA/UC). Nomis age band 25-49 ≠ model band 25-44. UK training course = 2-day refresher to full vocational qual — not comparable to German Umschulung (1-2yr full requalification). Steel sector ~95% male; gender-disaggregated outcome rates unavailable from public sources.",2016Q4,13,all,3193,3477,-283.8,770.0,24.2,50390,67784,-17394.5,,,7.1,69.9,75.4,Apr 2016-Mar 2017,492.4,25605,207,0.1,,93.0,7.0,,8.3,172.0,15510.0,,,,
redcar_2015,SSI Task Force One Year On Report Sept 2016,https://teesvalley-ca.gov.uk/news/ssi-task-force-publishes-one-year-report/,2015-2017,Redcar / Teesside,North East England,25-49,skilled_manual,primary_metals / steel_manufacturing,£25k-£35k est.,£11k employer hiring subsidy (under-45 tier); Routes to Work pilot £7.5m (Tees Valley-wide); £46m total government package,"N/A — no UBI operational in UK Oct 2015. Actual baseline safety net: JSA £73.10/wk (adult rate) or £57.90/wk (under-25); ESA (support group) £109.65/wk; UC standard allowance £317.82/month. For model calibration: ubi_level = 0. UBI counterfactuals are simulation scenarios, not historical data.",828,2016Q4 (13 months post-closure),,8.3,,7.0,,HIGH,"AGE BAND: 25-49. Nomis band used: Aged 25-49 (NOTE: Nomis uses 25-49, not 25-44 — document mismatch). Estimated SSI workers in this cell: 828 (prior: 40% of 2070).  QUARTER: 2016Q4 (13 months post-closure, Oct 2 2015).  REDCAR & CLEVELAND LA (E06000003) claimant count: 3193 quarterly avg (baseline 3477; excess vs baseline: -284).  RC LA age band claimants: 1647 (51.7% of LA total).  NE LABOUR MARKET (APS Apr 2016-Mar 2017): unemployment 7.1%, employment 69.9%, activity 75.4%.  NE MEDIAN WAGE (ASHE 2016): £492.4/week (£25605/yr). SSI workers earned above NE median (skilled manual, union rates, est. £25k-£35k).  OUTCOME ANCHOR — 12 months (Task Force, n=2150): 93.0% off ALL benefits; 7.0% (~160 workers) still on benefits — likely older/health-affected. CRITICAL: cannot split 93.0% into retrain/share_similar/underemployed/exit without DWP microdata. Self-employment: 172 new businesses (8.3% of 2070).  outcome_retrain_% and outcome_share_similar_% remain UNKNOWN — DWP microdata required for clean bucket split. outcome_underemployed_% proxy only (area wage data). All area-level data is NOT individual SSI worker tracking.","Nomis claimant count is AREA-LEVEL (Redcar & Cleveland LA or NE ITL1) — not individual SSI worker tracking. SSI dominated local economy so LA-level excess is largely attributable to closure, but non-SSI workers are included. JSA exit ≠ re-employed (workers may move to ESA/UC). Nomis age band 25-49 ≠ model band 25-44. UK training course = 2-day refresher to full vocational qual — not comparable to German Umschulung (1-2yr full requalification). Steel sector ~95% male; gender-disaggregated outcome rates unavailable from public sources.",2016Q4,13,all,3193,3477,-283.8,1647.0,51.7,50390,67784,-17394.5,,,7.1,69.9,75.4,Apr 2016-Mar 2017,492.4,25605,828,0.4,,93.0,7.0,,8.3,172.0,15510.0,,,,
redcar_2015,SSI Task Force One Year On Report Sept 2016,https://teesvalley-ca.gov.uk/news/ssi-task-force-publishes-one-year-report/,2015-2017,Redcar / Teesside,North East England,50+,skilled_manual,primary_metals / steel_manufacturing,£25k-£35k est.,"£15k employer hiring subsidy (45+ tier — highest rate, recognising harder-to-place status); Routes to Work pilot £7.5m (Tees Valley-wide); £46m total government package","N/A — no UBI operational in UK Oct 2015. Actual baseline safety net: JSA £73.10/wk (adult rate) or £57.90/wk (under-25); ESA (support group) £109.65/wk; UC standard allowance £317.82/month. For model calibration: ubi_level = 0. UBI counterfactuals are simulation scenarios, not historical data.",1035,2016Q4 (13 months post-closure),,8.3,,7.0,,HIGH,"AGE BAND: 50+. Nomis band used: Aged 50+ . Estimated SSI workers in this cell: 1035 (prior: 50% of 2070).  QUARTER: 2016Q4 (13 months post-closure, Oct 2 2015).  REDCAR & CLEVELAND LA (E06000003) claimant count: 3193 quarterly avg (baseline 3477; excess vs baseline: -284).  RC LA age band claimants: 770 (24.2% of LA total).  NE LABOUR MARKET (APS Apr 2016-Mar 2017): unemployment 7.1%, employment 69.9%, activity 75.4%.  NE MEDIAN WAGE (ASHE 2016): £492.4/week (£25605/yr). SSI workers earned above NE median (skilled manual, union rates, est. £25k-£35k).  OUTCOME ANCHOR — 12 months (Task Force, n=2150): 93.0% off ALL benefits; 7.0% (~160 workers) still on benefits — likely older/health-affected. CRITICAL: cannot split 93.0% into retrain/share_similar/underemployed/exit without DWP microdata. Self-employment: 172 new businesses (8.3% of 2070).  outcome_retrain_% and outcome_share_similar_% remain UNKNOWN — DWP microdata required for clean bucket split. outcome_underemployed_% proxy only (area wage data). All area-level data is NOT individual SSI worker tracking.","Nomis claimant count is AREA-LEVEL (Redcar & Cleveland LA or NE ITL1) — not individual SSI worker tracking. SSI dominated local economy so LA-level excess is largely attributable to closure, but non-SSI workers are included. JSA exit ≠ re-employed (workers may move to ESA/UC). Nomis age band 25-49 ≠ model band 25-44. UK training course = 2-day refresher to full vocational qual — not comparable to German Umschulung (1-2yr full requalification). Steel sector ~95% male; gender-disaggregated outcome rates unavailable from public sources.",2016Q4,13,all,3193,3477,-283.8,770.0,24.2,50390,67784,-17394.5,,,7.1,69.9,75.4,Apr 2016-Mar 2017,492.4,25605,1035,0.5,,93.0,7.0,,8.3,172.0,15510.0,,,,
redcar_2015,SSI Task Force One Year On Report Sept 2016,https://teesvalley-ca.gov.uk/news/ssi-task-force-publishes-one-year-report/,2015-2017,Redcar / Teesside,North East England,16-24,skilled_manual,primary_metals / steel_manufacturing,£25k-£35k est.,£11k employer hiring subsidy (under-45 tier); Routes to Work pilot £7.5m (Tees Valley-wide); Employer Ownership of Skills pilot; £46m total government package,"N/A — no UBI operational in UK Oct 2015. Actual baseline safety net: JSA £73.10/wk (adult rate) or £57.90/wk (under-25); ESA (support group) £109.65/wk; UC standard allowance £317.82/month. For model calibration: ubi_level = 0. UBI counterfactuals are simulation scenarios, not historical data.",197,2016Q4 (13 months post-closure),,8.3,,7.0,,HIGH,"AGE BAND: 16-24. Nomis band used: Aged 16-24 . Estimated SSI workers in this cell: 197 (prior: 10% of 2070).  GENDER: male. Prior: 95% of SSI workforce (UK steel industry statistic, not SSI-specific microdata).  QUARTER: 2016Q4 (13 months post-closure, Oct 2 2015).  REDCAR & CLEVELAND LA (E06000003) claimant count: 3193 quarterly avg (baseline 3477; excess vs baseline: -284).  RC LA age band claimants: 770 (24.2% of LA total).  NE ITL1 gender claimants in this age band: 8030 (66.2% of NE age-band total). NOTE: NE gender split mixes steel and non-steel workers. SSI gender prior (95% male) used for ssi_est_workers_this_cell instead.  NE LABOUR MARKET (APS Apr 2016-Mar 2017): unemployment 7.1%, employment 69.9%, activity 75.4%.  NE MEDIAN WAGE (ASHE 2016): £492.4/week (£25605/yr). SSI workers earned above NE median (skilled manual, union rates, est. £25k-£35k).  OUTCOME ANCHOR — 12 months (Task Force, n=2150): 93.0% off ALL benefits; 7.0% (~160 workers) still on benefits — likely older/health-affected. CRITICAL: cannot split 93.0% into retrain/share_similar/underemployed/exit without DWP microdata. Self-employment: 172 new businesses (8.3% of 2070).  outcome_retrain_% and outcome_share_similar_% remain UNKNOWN — DWP microdata required for clean bucket split. outcome_underemployed_% proxy only (area wage data). All area-level data is NOT individual SSI worker tracking.","Nomis claimant count is AREA-LEVEL (Redcar & Cleveland LA or NE ITL1) — not individual SSI worker tracking. SSI dominated local economy so LA-level excess is largely attributable to closure, but non-SSI workers are included. JSA exit ≠ re-employed (workers may move to ESA/UC). Nomis age band 25-49 ≠ model band 25-44. UK training course = 2-day refresher to full vocational qual — not comparable to German Umschulung (1-2yr full requalification). Steel sector ~95% male; gender-disaggregated outcome rates unavailable from public sources.",2016Q4,13,male,3193,3477,-283.8,770.0,24.2,50390,67784,-17394.5,8030.0,66.2,7.1,69.9,75.4,Apr 2016-Mar 2017,492.4,25605,197,0.1,0.95,93.0,7.0,,8.3,172.0,15510.0,,,,
redcar_2015,SSI Task Force One Year On Report Sept 2016,https://teesvalley-ca.gov.uk/news/ssi-task-force-publishes-one-year-report/,2015-2017,Redcar / Teesside,North East England,16-24,skilled_manual,primary_metals / steel_manufacturing,£25k-£35k est.,£11k employer hiring subsidy (under-45 tier); Routes to Work pilot £7.5m (Tees Valley-wide); Employer Ownership of Skills pilot; £46m total government package,"N/A — no UBI operational in UK Oct 2015. Actual baseline safety net: JSA £73.10/wk (adult rate) or £57.90/wk (under-25); ESA (support group) £109.65/wk; UC standard allowance £317.82/month. For model calibration: ubi_level = 0. UBI counterfactuals are simulation scenarios, not historical data.",10,2016Q4 (13 months post-closure),,8.3,,7.0,,HIGH,"AGE BAND: 16-24. Nomis band used: Aged 16-24 . Estimated SSI workers in this cell: 10 (prior: 10% of 2070).  GENDER: female. Prior: 5% of SSI workforce (UK steel industry statistic, not SSI-specific microdata).  QUARTER: 2016Q4 (13 months post-closure, Oct 2 2015).  REDCAR & CLEVELAND LA (E06000003) claimant count: 3193 quarterly avg (baseline 3477; excess vs baseline: -284).  RC LA age band claimants: 770 (24.2% of LA total).  NE ITL1 gender claimants in this age band: 4095 (33.8% of NE age-band total). NOTE: NE gender split mixes steel and non-steel workers. SSI gender prior (95% male) used for ssi_est_workers_this_cell instead.  NE LABOUR MARKET (APS Apr 2016-Mar 2017): unemployment 7.1%, employment 69.9%, activity 75.4%.  NE MEDIAN WAGE (ASHE 2016): £492.4/week (£25605/yr). SSI workers earned above NE median (skilled manual, union rates, est. £25k-£35k).  OUTCOME ANCHOR — 12 months (Task Force, n=2150): 93.0% off ALL benefits; 7.0% (~160 workers) still on benefits — likely older/health-affected. CRITICAL: cannot split 93.0% into retrain/share_similar/underemployed/exit without DWP microdata. Self-employment: 172 new businesses (8.3% of 2070).  outcome_retrain_% and outcome_share_similar_% remain UNKNOWN — DWP microdata required for clean bucket split. outcome_underemployed_% proxy only (area wage data). All area-level data is NOT individual SSI worker tracking.","Nomis claimant count is AREA-LEVEL (Redcar & Cleveland LA or NE ITL1) — not individual SSI worker tracking. SSI dominated local economy so LA-level excess is largely attributable to closure, but non-SSI workers are included. JSA exit ≠ re-employed (workers may move to ESA/UC). Nomis age band 25-49 ≠ model band 25-44. UK training course = 2-day refresher to full vocational qual — not comparable to German Umschulung (1-2yr full requalification). Steel sector ~95% male; gender-disaggregated outcome rates unavailable from public sources.",2016Q4,13,female,3193,3477,-283.8,770.0,24.2,50390,67784,-17394.5,4095.0,33.8,7.1,69.9,75.4,Apr 2016-Mar 2017,492.4,25605,10,0.1,0.05,93.0,7.0,,8.3,172.0,15510.0,,,,
redcar_2015,SSI Task Force One Year On Report Sept 2016,https://teesvalley-ca.gov.uk/news/ssi-task-force-publishes-one-year-report/,2015-2017,Redcar / Teesside,North East England,25-49,skilled_manual,primary_metals / steel_manufacturing,£25k-£35k est.,£11k employer hiring subsidy (under-45 tier); Routes to Work pilot £7.5m (Tees Valley-wide); £46m total government package,"N/A — no UBI operational in UK Oct 2015. Actual baseline safety net: JSA £73.10/wk (adult rate) or £57.90/wk (under-25); ESA (support group) £109.65/wk; UC standard allowance £317.82/month. For model calibration: ubi_level = 0. UBI counterfactuals are simulation scenarios, not historical data.",787,2016Q4 (13 months post-closure),,8.3,,7.0,,HIGH,"AGE BAND: 25-49. Nomis band used: Aged 25-49 (NOTE: Nomis uses 25-49, not 25-44 — document mismatch). Estimated SSI workers in this cell: 787 (prior: 40% of 2070).  GENDER: male. Prior: 95% of SSI workforce (UK steel industry statistic, not SSI-specific microdata).  QUARTER: 2016Q4 (13 months post-closure, Oct 2 2015).  REDCAR & CLEVELAND LA (E06000003) claimant count: 3193 quarterly avg (baseline 3477; excess vs baseline: -284).  RC LA age band claimants: 1647 (51.7% of LA total).  NE ITL1 gender claimants in this age band: 17208 (66.3% of NE age-band total). NOTE: NE gender split mixes steel and non-steel workers. SSI gender prior (95% male) used for ssi_est_workers_this_cell instead.  NE LABOUR MARKET (APS Apr 2016-Mar 2017): unemployment 7.1%, employment 69.9%, activity 75.4%.  NE MEDIAN WAGE (ASHE 2016): £492.4/week (£25605/yr). SSI workers earned above NE median (skilled manual, union rates, est. £25k-£35k).  OUTCOME ANCHOR — 12 months (Task Force, n=2150): 93.0% off ALL benefits; 7.0% (~160 workers) still on benefits — likely older/health-affected. CRITICAL: cannot split 93.0% into retrain/share_similar/underemployed/exit without DWP microdata. Self-employment: 172 new businesses (8.3% of 2070).  outcome_retrain_% and outcome_share_similar_% remain UNKNOWN — DWP microdata required for clean bucket split. outcome_underemployed_% proxy only (area wage data). All area-level data is NOT individual SSI worker tracking.","Nomis claimant count is AREA-LEVEL (Redcar & Cleveland LA or NE ITL1) — not individual SSI worker tracking. SSI dominated local economy so LA-level excess is largely attributable to closure, but non-SSI workers are included. JSA exit ≠ re-employed (workers may move to ESA/UC). Nomis age band 25-49 ≠ model band 25-44. UK training course = 2-day refresher to full vocational qual — not comparable to German Umschulung (1-2yr full requalification). Steel sector ~95% male; gender-disaggregated outcome rates unavailable from public sources.",2016Q4,13,male,3193,3477,-283.8,1647.0,51.7,50390,67784,-17394.5,17208.0,66.3,7.1,69.9,75.4,Apr 2016-Mar 2017,492.4,25605,787,0.4,0.95,93.0,7.0,,8.3,172.0,15510.0,,,,
redcar_2015,SSI Task Force One Year On Report Sept 2016,https://teesvalley-ca.gov.uk/news/ssi-task-force-publishes-one-year-report/,2015-2017,Redcar / Teesside,North East England,25-49,skilled_manual,primary_metals / steel_manufacturing,£25k-£35k est.,£11k employer hiring subsidy (under-45 tier); Routes to Work pilot £7.5m (Tees Valley-wide); £46m total government package,"N/A — no UBI operational in UK Oct 2015. Actual baseline safety net: JSA £73.10/wk (adult rate) or £57.90/wk (under-25); ESA (support group) £109.65/wk; UC standard allowance £317.82/month. For model calibration: ubi_level = 0. UBI counterfactuals are simulation scenarios, not historical data.",41,2016Q4 (13 months post-closure),,8.3,,7.0,,HIGH,"AGE BAND: 25-49. Nomis band used: Aged 25-49 (NOTE: Nomis uses 25-49, not 25-44 — document mismatch). Estimated SSI workers in this cell: 41 (prior: 40% of 2070).  GENDER: female. Prior: 5% of SSI workforce (UK steel industry statistic, not SSI-specific microdata).  QUARTER: 2016Q4 (13 months post-closure, Oct 2 2015).  REDCAR & CLEVELAND LA (E06000003) claimant count: 3193 quarterly avg (baseline 3477; excess vs baseline: -284).  RC LA age band claimants: 1647 (51.7% of LA total).  NE ITL1 gender claimants in this age band: 8747 (33.7% of NE age-band total). NOTE: NE gender split mixes steel and non-steel workers. SSI gender prior (95% male) used for ssi_est_workers_this_cell instead.  NE LABOUR MARKET (APS Apr 2016-Mar 2017): unemployment 7.1%, employment 69.9%, activity 75.4%.  NE MEDIAN WAGE (ASHE 2016): £492.4/week (£25605/yr). SSI workers earned above NE median (skilled manual, union rates, est. £25k-£35k).  OUTCOME ANCHOR — 12 months (Task Force, n=2150): 93.0% off ALL benefits; 7.0% (~160 workers) still on benefits — likely older/health-affected. CRITICAL: cannot split 93.0% into retrain/share_similar/underemployed/exit without DWP microdata. Self-employment: 172 new businesses (8.3% of 2070).  outcome_retrain_% and outcome_share_similar_% remain UNKNOWN — DWP microdata required for clean bucket split. outcome_underemployed_% proxy only (area wage data). All area-level data is NOT individual SSI worker tracking.","Nomis claimant count is AREA-LEVEL (Redcar & Cleveland LA or NE ITL1) — not individual SSI worker tracking. SSI dominated local economy so LA-level excess is largely attributable to closure, but non-SSI workers are included. JSA exit ≠ re-employed (workers may move to ESA/UC). Nomis age band 25-49 ≠ model band 25-44. UK training course = 2-day refresher to full vocational qual — not comparable to German Umschulung (1-2yr full requalification). Steel sector ~95% male; gender-disaggregated outcome rates unavailable from public sources.",2016Q4,13,female,3193,3477,-283.8,1647.0,51.7,50390,67784,-17394.5,8747.0,33.7,7.1,69.9,75.4,Apr 2016-Mar 2017,492.4,25605,41,0.4,0.05,93.0,7.0,,8.3,172.0,15510.0,,,,
redcar_2015,SSI Task Force One Year On Report Sept 2016,https://teesvalley-ca.gov.uk/news/ssi-task-force-publishes-one-year-report/,2015-2017,Redcar / Teesside,North East England,50+,skilled_manual,primary_metals / steel_manufacturing,£25k-£35k est.,"£15k employer hiring subsidy (45+ tier — highest rate, recognising harder-to-place status); Routes to Work pilot £7.5m (Tees Valley-wide); £46m total government package","N/A — no UBI operational in UK Oct 2015. Actual baseline safety net: JSA £73.10/wk (adult rate) or £57.90/wk (under-25); ESA (support group) £109.65/wk; UC standard allowance £317.82/month. For model calibration: ubi_level = 0. UBI counterfactuals are simulation scenarios, not historical data.",983,2016Q4 (13 months post-closure),,8.3,,7.0,,HIGH,"AGE BAND: 50+. Nomis band used: Aged 50+ . Estimated SSI workers in this cell: 983 (prior: 50% of 2070).  GENDER: male. Prior: 95% of SSI workforce (UK steel industry statistic, not SSI-specific microdata).  QUARTER: 2016Q4 (13 months post-closure, Oct 2 2015).  REDCAR & CLEVELAND LA (E06000003) claimant count: 3193 quarterly avg (baseline 3477; excess vs baseline: -284).  RC LA age band claimants: 770 (24.2% of LA total).  NE ITL1 gender claimants in this age band: 7850 (64.0% of NE age-band total). NOTE: NE gender split mixes steel and non-steel workers. SSI gender prior (95% male) used for ssi_est_workers_this_cell instead.  NE LABOUR MARKET (APS Apr 2016-Mar 2017): unemployment 7.1%, employment 69.9%, activity 75.4%.  NE MEDIAN WAGE (ASHE 2016): £492.4/week (£25605/yr). SSI workers earned above NE median (skilled manual, union rates, est. £25k-£35k).  OUTCOME ANCHOR — 12 months (Task Force, n=2150): 93.0% off ALL benefits; 7.0% (~160 workers) still on benefits — likely older/health-affected. CRITICAL: cannot split 93.0% into retrain/share_similar/underemployed/exit without DWP microdata. Self-employment: 172 new businesses (8.3% of 2070).  outcome_retrain_% and outcome_share_similar_% remain UNKNOWN — DWP microdata required for clean bucket split. outcome_underemployed_% proxy only (area wage data). All area-level data is NOT individual SSI worker tracking.","Nomis claimant count is AREA-LEVEL (Redcar & Cleveland LA or NE ITL1) — not individual SSI worker tracking. SSI dominated local economy so LA-level excess is largely attributable to closure, but non-SSI workers are included. JSA exit ≠ re-employed (workers may move to ESA/UC). Nomis age band 25-49 ≠ model band 25-44. UK training course = 2-day refresher to full vocational qual — not comparable to German Umschulung (1-2yr full requalification). Steel sector ~95% male; gender-disaggregated outcome rates unavailable from public sources.",2016Q4,13,male,3193,3477,-283.8,770.0,24.2,50390,67784,-17394.5,7850.0,64.0,7.1,69.9,75.4,Apr 2016-Mar 2017,492.4,25605,983,0.5,0.95,93.0,7.0,,8.3,172.0,15510.0,,,,
redcar_2015,SSI Task Force One Year On Report Sept 2016,https://teesvalley-ca.gov.uk/news/ssi-task-force-publishes-one-year-report/,2015-2017,Redcar / Teesside,North East England,50+,skilled_manual,primary_metals / steel_manufacturing,£25k-£35k est.,"£15k employer hiring subsidy (45+ tier — highest rate, recognising harder-to-place status); Routes to Work pilot £7.5m (Tees Valley-wide); £46m total government package","N/A — no UBI operational in UK Oct 2015. Actual baseline safety net: JSA £73.10/wk (adult rate) or £57.90/wk (under-25); ESA (support group) £109.65/wk; UC standard allowance £317.82/month. For model calibration: ubi_level = 0. UBI counterfactuals are simulation scenarios, not historical data.",52,2016Q4 (13 months post-closure),,8.3,,7.0,,HIGH,"AGE BAND: 50+. Nomis band used: Aged 50+ . Estimated SSI workers in this cell: 52 (prior: 50% of 2070).  GENDER: female. Prior: 5% of SSI workforce (UK steel industry statistic, not SSI-specific microdata).  QUARTER: 2016Q4 (13 months post-closure, Oct 2 2015).  REDCAR & CLEVELAND LA (E06000003) claimant count: 3193 quarterly avg (baseline 3477; excess vs baseline: -284).  RC LA age band claimants: 770 (24.2% of LA total).  NE ITL1 gender claimants in this age band: 4423 (36.0% of NE age-band total). NOTE: NE gender split mixes steel and non-steel workers. SSI gender prior (95% male) used for ssi_est_workers_this_cell instead.  NE LABOUR MARKET (APS Apr 2016-Mar 2017): unemployment 7.1%, employment 69.9%, activity 75.4%.  NE MEDIAN WAGE (ASHE 2016): £492.4/week (£25605/yr). SSI workers earned above NE median (skilled manual, union rates, est. £25k-£35k).  OUTCOME ANCHOR — 12 months (Task Force, n=2150): 93.0% off ALL benefits; 7.0% (~160 workers) still on benefits — likely older/health-affected. CRITICAL: cannot split 93.0% into retrain/share_similar/underemployed/exit without DWP microdata. Self-employment: 172 new businesses (8.3% of 2070).  outcome_retrain_% and outcome_share_similar_% remain UNKNOWN — DWP microdata required for clean bucket split. outcome_underemployed_% proxy only (area wage data). All area-level data is NOT individual SSI worker tracking.","Nomis claimant count is AREA-LEVEL (Redcar & Cleveland LA or NE ITL1) — not individual SSI worker tracking. SSI dominated local economy so LA-level excess is largely attributable to closure, but non-SSI workers are included. JSA exit ≠ re-employed (workers may move to ESA/UC). Nomis age band 25-49 ≠ model band 25-44. UK training course = 2-day refresher to full vocational qual — not comparable to German Umschulung (1-2yr full requalification). Steel sector ~95% male; gender-disaggregated outcome rates unavailable from public sources.",2016Q4,13,female,3193,3477,-283.8,770.0,24.2,50390,67784,-17394.5,4423.0,36.0,7.1,69.9,75.4,Apr 2016-Mar 2017,492.4,25605,52,0.5,0.05,93.0,7.0,,8.3,172.0,15510.0,,,,
redcar_2015,SSI Task Force One Year On Report Sept 2016,https://teesvalley-ca.gov.uk/news/ssi-task-force-publishes-one-year-report/,2015-2017,Redcar / Teesside,North East England,all,low_skilled,primary_metals / steel_manufacturing,<£20k,"£11k-£15k employer hiring subsidy (age-tiered: £11k under-45, £15k aged 45+); Routes to Work pilot £7.5m (Tees Valley-wide); £46m total government package (announced Oct 2015)","N/A — no UBI operational in UK Oct 2015. Actual baseline safety net: JSA £73.10/wk (adult rate) or £57.90/wk (under-25); ESA (support group) £109.65/wk; UC standard allowance £317.82/month. For model calibration: ubi_level = 0. UBI counterfactuals are simulation scenarios, not historical data.",104,2016Q4 (13 months post-closure),4.0,7.0,55.0,32.0,2.0,ESTIMATED_LOW,"INCOME BAND: <£20k. Semi-skilled process support, admin, cleaners. ASHE NE p10 (£288/wk=£15k/yr). Lowest-paid SSI cohort. Estimated 5% of workforce — LOW confidence. Outcome adjustments vs £25k-£35k baseline: retrain -2pp, share_similar -6pp, underemployed +3pp, exit +6pp, still_seeking -1pp. Source: China Shock ADH (low-wage→exit/underemployed; high-wage→share_similar) + Hartz re-employment wage analysis. All income-band outcomes ESTIMATED_LOW.  QUARTER: 2016Q4 (13 months post-closure, Oct 2 2015).  REDCAR & CLEVELAND LA (E06000003) claimant count: 3193 quarterly avg (baseline 3477; excess vs baseline: -284).  NE LABOUR MARKET (APS Apr 2016-Mar 2017): unemployment 7.1%, employment 69.9%, activity 75.4%.  NE MEDIAN WAGE (ASHE 2016): £492.4/week (£25605/yr). SSI workers earned above NE median (skilled manual, union rates, est. £25k-£35k).  OUTCOME ANCHOR — 12 months (Task Force, n=2150): 93.0% off ALL benefits; 7.0% (~160 workers) still on benefits — likely older/health-affected. CRITICAL: cannot split 93.0% into retrain/share_similar/underemployed/exit without DWP microdata. Self-employment: 172 new businesses (8.3% of 2070).  outcome_retrain_% and outcome_share_similar_% remain UNKNOWN — DWP microdata required for clean bucket split. outcome_underemployed_% proxy only (area wage data). All area-level data is NOT individual SSI worker tracking.","Nomis claimant count is AREA-LEVEL (Redcar & Cleveland LA or NE ITL1) — not individual SSI worker tracking. SSI dominated local economy so LA-level excess is largely attributable to closure, but non-SSI workers are included. JSA exit ≠ re-employed (workers may move to ESA/UC). Nomis age band 25-49 ≠ model band 25-44. UK training course = 2-day refresher to full vocational qual — not comparable to German Umschulung (1-2yr full requalification). Steel sector ~95% male; gender-disaggregated outcome rates unavailable from public sources.",2016Q4,13,all,3193,3477,-283.8,,,50390,67784,-17394.5,,,7.1,69.9,75.4,Apr 2016-Mar 2017,492.4,25605,104,,,93.0,7.0,,8.3,172.0,15510.0,,,,
redcar_2015,SSI Task Force One Year On Report Sept 2016,https://teesvalley-ca.gov.uk/news/ssi-task-force-publishes-one-year-report/,2015-2017,Redcar / Teesside,North East England,all,skilled_manual,primary_metals / steel_manufacturing,£20k-£25k,"£11k-£15k employer hiring subsidy (age-tiered: £11k under-45, £15k aged 45+); Routes to Work pilot £7.5m (Tees Valley-wide); £46m total government package (announced Oct 2015)","N/A — no UBI operational in UK Oct 2015. Actual baseline safety net: JSA £73.10/wk (adult rate) or £57.90/wk (under-25); ESA (support group) £109.65/wk; UC standard allowance £317.82/month. For model calibration: ubi_level = 0. UBI counterfactuals are simulation scenarios, not historical data.",310,2016Q4 (13 months post-closure),5.0,9.0,54.0,30.0,2.0,ESTIMATED_LOW,"INCOME BAND: £20k-£25k. Semi-skilled process operators, junior technicians. ASHE NE p25-median range (£359-£486/wk). Estimated 15% of workforce — LOW confidence. Outcome adjustments vs £25k-£35k baseline: retrain -1pp, share_similar -4pp, underemployed +2pp, exit +4pp, still_seeking -1pp. Source: China Shock ADH (low-wage→exit/underemployed; high-wage→share_similar) + Hartz re-employment wage analysis. All income-band outcomes ESTIMATED_LOW.  QUARTER: 2016Q4 (13 months post-closure, Oct 2 2015).  REDCAR & CLEVELAND LA (E06000003) claimant count: 3193 quarterly avg (baseline 3477; excess vs baseline: -284).  NE LABOUR MARKET (APS Apr 2016-Mar 2017): unemployment 7.1%, employment 69.9%, activity 75.4%.  NE MEDIAN WAGE (ASHE 2016): £492.4/week (£25605/yr). SSI workers earned above NE median (skilled manual, union rates, est. £25k-£35k).  OUTCOME ANCHOR — 12 months (Task Force, n=2150): 93.0% off ALL benefits; 7.0% (~160 workers) still on benefits — likely older/health-affected. CRITICAL: cannot split 93.0% into retrain/share_similar/underemployed/exit without DWP microdata. Self-employment: 172 new businesses (8.3% of 2070).  outcome_retrain_% and outcome_share_similar_% remain UNKNOWN — DWP microdata required for clean bucket split. outcome_underemployed_% proxy only (area wage data). All area-level data is NOT individual SSI worker tracking.","Nomis claimant count is AREA-LEVEL (Redcar & Cleveland LA or NE ITL1) — not individual SSI worker tracking. SSI dominated local economy so LA-level excess is largely attributable to closure, but non-SSI workers are included. JSA exit ≠ re-employed (workers may move to ESA/UC). Nomis age band 25-49 ≠ model band 25-44. UK training course = 2-day refresher to full vocational qual — not comparable to German Umschulung (1-2yr full requalification). Steel sector ~95% male; gender-disaggregated outcome rates unavailable from public sources.",2016Q4,13,all,3193,3477,-283.8,,,50390,67784,-17394.5,,,7.1,69.9,75.4,Apr 2016-Mar 2017,492.4,25605,310,,,93.0,7.0,,8.3,172.0,15510.0,,,,
redcar_2015,SSI Task Force One Year On Report Sept 2016,https://teesvalley-ca.gov.uk/news/ssi-task-force-publishes-one-year-report/,2015-2017,Redcar / Teesside,North East England,all,skilled_manual,primary_metals / steel_manufacturing,£25k-£35k,"£11k-£15k employer hiring subsidy (age-tiered: £11k under-45, £15k aged 45+); Routes to Work pilot £7.5m (Tees Valley-wide); £46m total government package (announced Oct 2015)","N/A — no UBI operational in UK Oct 2015. Actual baseline safety net: JSA £73.10/wk (adult rate) or £57.90/wk (under-25); ESA (support group) £109.65/wk; UC standard allowance £317.82/month. For model calibration: ubi_level = 0. UBI counterfactuals are simulation scenarios, not historical data.",1138,2016Q4 (13 months post-closure),6.0,13.0,52.0,26.0,,HIGH,"INCOME BAND: £25k-£35k. Skilled process operators, blast furnace operators. ASHE NE median-p75 range (£486-£679/wk). PRIMARY ESTIMATE — majority of SSI workforce. All aggregate anchors (25% still-seeking, 93% off benefits) apply directly. Outcome adjustments vs £25k-£35k baseline: retrain +0pp, share_similar +0pp, underemployed +0pp, exit +0pp, still_seeking +0pp. Source: China Shock ADH (low-wage→exit/underemployed; high-wage→share_similar) + Hartz re-employment wage analysis. All income-band outcomes ESTIMATED_LOW.  QUARTER: 2016Q4 (13 months post-closure, Oct 2 2015).  REDCAR & CLEVELAND LA (E06000003) claimant count: 3193 quarterly avg (baseline 3477; excess vs baseline: -284).  NE LABOUR MARKET (APS Apr 2016-Mar 2017): unemployment 7.1%, employment 69.9%, activity 75.4%.  NE MEDIAN WAGE (ASHE 2016): £492.4/week (£25605/yr). SSI workers earned above NE median (skilled manual, union rates, est. £25k-£35k).  OUTCOME ANCHOR — 12 months (Task Force, n=2150): 93.0% off ALL benefits; 7.0% (~160 workers) still on benefits — likely older/health-affected. CRITICAL: cannot split 93.0% into retrain/share_similar/underemployed/exit without DWP microdata. Self-employment: 172 new businesses (8.3% of 2070).  outcome_retrain_% and outcome_share_similar_% remain UNKNOWN — DWP microdata required for clean bucket split. outcome_underemployed_% proxy only (area wage data). All area-level data is NOT individual SSI worker tracking.","Nomis claimant count is AREA-LEVEL (Redcar & Cleveland LA or NE ITL1) — not individual SSI worker tracking. SSI dominated local economy so LA-level excess is largely attributable to closure, but non-SSI workers are included. JSA exit ≠ re-employed (workers may move to ESA/UC). Nomis age band 25-49 ≠ model band 25-44. UK training course = 2-day refresher to full vocational qual — not comparable to German Umschulung (1-2yr full requalification). Steel sector ~95% male; gender-disaggregated outcome rates unavailable from public sources.",2016Q4,13,all,3193,3477,-283.8,,,50390,67784,-17394.5,,,7.1,69.9,75.4,Apr 2016-Mar 2017,492.4,25605,1138,,,93.0,7.0,,8.3,172.0,15510.0,,,,
redcar_2015,SSI Task Force One Year On Report Sept 2016,https://teesvalley-ca.gov.uk/news/ssi-task-force-publishes-one-year-report/,2015-2017,Redcar / Teesside,North East England,all,skilled_manual,primary_metals / steel_manufacturing,£35k-£50k,"£11k-£15k employer hiring subsidy (age-tiered: £11k under-45, £15k aged 45+); Routes to Work pilot £7.5m (Tees Valley-wide); £46m total government package (announced Oct 2015)","N/A — no UBI operational in UK Oct 2015. Actual baseline safety net: JSA £73.10/wk (adult rate) or £57.90/wk (under-25); ESA (support group) £109.65/wk; UC standard allowance £317.82/month. For model calibration: ubi_level = 0. UBI counterfactuals are simulation scenarios, not historical data.",414,2016Q4 (13 months post-closure),7.0,20.0,46.0,22.0,5.0,ESTIMATED_LOW,"INCOME BAND: £35k-£50k. Senior operators, shift supervisors, maintenance engineers, technicians. ASHE NE p75-p90 range (£679-£882/wk). Estimated 20% of workforce — LOW confidence. Outcome adjustments vs £25k-£35k baseline: retrain +1pp, share_similar +7pp, underemployed -6pp, exit -4pp, still_seeking +2pp. Source: China Shock ADH (low-wage→exit/underemployed; high-wage→share_similar) + Hartz re-employment wage analysis. All income-band outcomes ESTIMATED_LOW.  QUARTER: 2016Q4 (13 months post-closure, Oct 2 2015).  REDCAR & CLEVELAND LA (E06000003) claimant count: 3193 quarterly avg (baseline 3477; excess vs baseline: -284).  NE LABOUR MARKET (APS Apr 2016-Mar 2017): unemployment 7.1%, employment 69.9%, activity 75.4%.  NE MEDIAN WAGE (ASHE 2016): £492.4/week (£25605/yr). SSI workers earned above NE median (skilled manual, union rates, est. £25k-£35k).  OUTCOME ANCHOR — 12 months (Task Force, n=2150): 93.0% off ALL benefits; 7.0% (~160 workers) still on benefits — likely older/health-affected. CRITICAL: cannot split 93.0% into retrain/share_similar/underemployed/exit without DWP microdata. Self-employment: 172 new businesses (8.3% of 2070).  outcome_retrain_% and outcome_share_similar_% remain UNKNOWN — DWP microdata required for clean bucket split. outcome_underemployed_% proxy only (area wage data). All area-level data is NOT individual SSI worker tracking.","Nomis claimant count is AREA-LEVEL (Redcar & Cleveland LA or NE ITL1) — not individual SSI worker tracking. SSI dominated local economy so LA-level excess is largely attributable to closure, but non-SSI workers are included. JSA exit ≠ re-employed (workers may move to ESA/UC). Nomis age band 25-49 ≠ model band 25-44. UK training course = 2-day refresher to full vocational qual — not comparable to German Umschulung (1-2yr full requalification). Steel sector ~95% male; gender-disaggregated outcome rates unavailable from public sources.",2016Q4,13,all,3193,3477,-283.8,,,50390,67784,-17394.5,,,7.1,69.9,75.4,Apr 2016-Mar 2017,492.4,25605,414,,,93.0,7.0,,8.3,172.0,15510.0,,,,
redcar_2015,SSI Task Force One Year On Report Sept 2016,https://teesvalley-ca.gov.uk/news/ssi-task-force-publishes-one-year-report/,2015-2017,Redcar / Teesside,North East England,all,professional,primary_metals / steel_manufacturing,£50k+,"£11k-£15k employer hiring subsidy (age-tiered: £11k under-45, £15k aged 45+); Routes to Work pilot £7.5m (Tees Valley-wide); £46m total government package (announced Oct 2015)","N/A — no UBI operational in UK Oct 2015. Actual baseline safety net: JSA £73.10/wk (adult rate) or £57.90/wk (under-25); ESA (support group) £109.65/wk; UC standard allowance £317.82/month. For model calibration: ubi_level = 0. UBI counterfactuals are simulation scenarios, not historical data.",104,2016Q4 (13 months post-closure),5.0,28.0,38.0,20.0,9.0,ESTIMATED_LOW,"INCOME BAND: £50k+. Plant management, senior engineers, operations managers. Above ASHE NE p90 (£882/wk=£45.9k/yr). Estimated 5% of workforce — LOW confidence. Likely had enhanced redundancy packages separate from main SSI terms. Outcome adjustments vs £25k-£35k baseline: retrain -1pp, share_similar +15pp, underemployed -14pp, exit -6pp, still_seeking +6pp. Source: China Shock ADH (low-wage→exit/underemployed; high-wage→share_similar) + Hartz re-employment wage analysis. All income-band outcomes ESTIMATED_LOW.  QUARTER: 2016Q4 (13 months post-closure, Oct 2 2015).  REDCAR & CLEVELAND LA (E06000003) claimant count: 3193 quarterly avg (baseline 3477; excess vs baseline: -284).  NE LABOUR MARKET (APS Apr 2016-Mar 2017): unemployment 7.1%, employment 69.9%, activity 75.4%.  NE MEDIAN WAGE (ASHE 2016): £492.4/week (£25605/yr). SSI workers earned above NE median (skilled manual, union rates, est. £25k-£35k).  OUTCOME ANCHOR — 12 months (Task Force, n=2150): 93.0% off ALL benefits; 7.0% (~160 workers) still on benefits — likely older/health-affected. CRITICAL: cannot split 93.0% into retrain/share_similar/underemployed/exit without DWP microdata. Self-employment: 172 new businesses (8.3% of 2070).  outcome_retrain_% and outcome_share_similar_% remain UNKNOWN — DWP microdata required for clean bucket split. outcome_underemployed_% proxy only (area wage data). All area-level data is NOT individual SSI worker tracking.","Nomis claimant count is AREA-LEVEL (Redcar & Cleveland LA or NE ITL1) — not individual SSI worker tracking. SSI dominated local economy so LA-level excess is largely attributable to closure, but non-SSI workers are included. JSA exit ≠ re-employed (workers may move to ESA/UC). Nomis age band 25-49 ≠ model band 25-44. UK training course = 2-day refresher to full vocational qual — not comparable to German Umschulung (1-2yr full requalification). Steel sector ~95% male; gender-disaggregated outcome rates unavailable from public sources.",2016Q4,13,all,3193,3477,-283.8,,,50390,67784,-17394.5,,,7.1,69.9,75.4,Apr 2016-Mar 2017,492.4,25605,104,,,93.0,7.0,,8.3,172.0,15510.0,,,,
redcar_2015,ONS Nomis NM_162_1 / DWP JSA Stats / SSI Task Force,https://www.nomisweb.co.uk/,2015-2017,Redcar / Teesside,North East England,all,skilled_manual,primary_metals / steel_manufacturing,£25k-£35k est.,"£11k-£15k employer hiring subsidy (age-tiered: £11k under-45, £15k aged 45+); Routes to Work pilot £7.5m (Tees Valley-wide); £46m total government package (announced Oct 2015)","N/A — no UBI operational in UK Oct 2015. Actual baseline safety net: JSA £73.10/wk (adult rate) or £57.90/wk (under-25); ESA (support group) £109.65/wk; UC standard allowance £317.82/month. For model calibration: ubi_level = 0. UBI counterfactuals are simulation scenarios, not historical data.",2070,2017Q1 (16 months post-closure),,,,,,LOW,"QUARTER: 2017Q1 (16 months post-closure, Oct 2 2015).  REDCAR & CLEVELAND LA (E06000003) claimant count: 3357 quarterly avg (baseline 3477; excess vs baseline: -120).  NE LABOUR MARKET (APS Jul 2016-Jun 2017): unemployment 6.5%, employment 70.2%, activity 75.2%.  NE MEDIAN WAGE (ASHE 2017): £504.1/week (£26213/yr). SSI workers earned above NE median (skilled manual, union rates, est. £25k-£35k).  No direct outcome data for this quarter. Use RC LA claimant count trajectory as proxy for still_seeking rate.  outcome_retrain_% and outcome_share_similar_% remain UNKNOWN — DWP microdata required for clean bucket split. outcome_underemployed_% proxy only (area wage data). All area-level data is NOT individual SSI worker tracking.","Nomis claimant count is AREA-LEVEL (Redcar & Cleveland LA or NE ITL1) — not individual SSI worker tracking. SSI dominated local economy so LA-level excess is largely attributable to closure, but non-SSI workers are included. JSA exit ≠ re-employed (workers may move to ESA/UC). Nomis age band 25-49 ≠ model band 25-44. UK training course = 2-day refresher to full vocational qual — not comparable to German Umschulung (1-2yr full requalification). Steel sector ~95% male; gender-disaggregated outcome rates unavailable from public sources.",2017Q1,16,all,3357,3477,-120.4,,,53005,67784,-14779.5,,,6.5,70.2,75.2,Jul 2016-Jun 2017,504.1,26213,2070,,,,,,,,,,,,
redcar_2015,ONS Nomis NM_162_1 / DWP JSA Stats / SSI Task Force,https://www.nomisweb.co.uk/,2015-2017,Redcar / Teesside,North East England,16-24,skilled_manual,primary_metals / steel_manufacturing,£25k-£35k est.,£11k employer hiring subsidy (under-45 tier); Routes to Work pilot £7.5m (Tees Valley-wide); Employer Ownership of Skills pilot; £46m total government package,"N/A — no UBI operational in UK Oct 2015. Actual baseline safety net: JSA £73.10/wk (adult rate) or £57.90/wk (under-25); ESA (support group) £109.65/wk; UC standard allowance £317.82/month. For model calibration: ubi_level = 0. UBI counterfactuals are simulation scenarios, not historical data.",207,2017Q1 (16 months post-closure),,,,,,LOW,"AGE BAND: 16-24. Nomis band used: Aged 16-24 . Estimated SSI workers in this cell: 207 (prior: 10% of 2070).  QUARTER: 2017Q1 (16 months post-closure, Oct 2 2015).  REDCAR & CLEVELAND LA (E06000003) claimant count: 3357 quarterly avg (baseline 3477; excess vs baseline: -120).  RC LA age band claimants: 752 (22.4% of LA total).  NE LABOUR MARKET (APS Jul 2016-Jun 2017): unemployment 6.5%, employment 70.2%, activity 75.2%.  NE MEDIAN WAGE (ASHE 2017): £504.1/week (£26213/yr). SSI workers earned above NE median (skilled manual, union rates, est. £25k-£35k).  No direct outcome data for this quarter. Use RC LA claimant count trajectory as proxy for still_seeking rate.  outcome_retrain_% and outcome_share_similar_% remain UNKNOWN — DWP microdata required for clean bucket split. outcome_underemployed_% proxy only (area wage data). All area-level data is NOT individual SSI worker tracking.","Nomis claimant count is AREA-LEVEL (Redcar & Cleveland LA or NE ITL1) — not individual SSI worker tracking. SSI dominated local economy so LA-level excess is largely attributable to closure, but non-SSI workers are included. JSA exit ≠ re-employed (workers may move to ESA/UC). Nomis age band 25-49 ≠ model band 25-44. UK training course = 2-day refresher to full vocational qual — not comparable to German Umschulung (1-2yr full requalification). Steel sector ~95% male; gender-disaggregated outcome rates unavailable from public sources.",2017Q1,16,all,3357,3477,-120.4,752.0,22.4,53005,67784,-14779.5,,,6.5,70.2,75.2,Jul 2016-Jun 2017,504.1,26213,207,0.1,,,,,,,,,,,
redcar_2015,ONS Nomis NM_162_1 / DWP JSA Stats / SSI Task Force,https://www.nomisweb.co.uk/,2015-2017,Redcar / Teesside,North East England,25-49,skilled_manual,primary_metals / steel_manufacturing,£25k-£35k est.,£11k employer hiring subsidy (under-45 tier); Routes to Work pilot £7.5m (Tees Valley-wide); £46m total government package,"N/A — no UBI operational in UK Oct 2015. Actual baseline safety net: JSA £73.10/wk (adult rate) or £57.90/wk (under-25); ESA (support group) £109.65/wk; UC standard allowance £317.82/month. For model calibration: ubi_level = 0. UBI counterfactuals are simulation scenarios, not historical data.",828,2017Q1 (16 months post-closure),,,,,,LOW,"AGE BAND: 25-49. Nomis band used: Aged 25-49 (NOTE: Nomis uses 25-49, not 25-44 — document mismatch). Estimated SSI workers in this cell: 828 (prior: 40% of 2070).  QUARTER: 2017Q1 (16 months post-closure, Oct 2 2015).  REDCAR & CLEVELAND LA (E06000003) claimant count: 3357 quarterly avg (baseline 3477; excess vs baseline: -120).  RC LA age band claimants: 1782 (53.2% of LA total).  NE LABOUR MARKET (APS Jul 2016-Jun 2017): unemployment 6.5%, employment 70.2%, activity 75.2%.  NE MEDIAN WAGE (ASHE 2017): £504.1/week (£26213/yr). SSI workers earned above NE median (skilled manual, union rates, est. £25k-£35k).  No direct outcome data for this quarter. Use RC LA claimant count trajectory as proxy for still_seeking rate.  outcome_retrain_% and outcome_share_similar_% remain UNKNOWN — DWP microdata required for clean bucket split. outcome_underemployed_% proxy only (area wage data). All area-level data is NOT individual SSI worker tracking.","Nomis claimant count is AREA-LEVEL (Redcar & Cleveland LA or NE ITL1) — not individual SSI worker tracking. SSI dominated local economy so LA-level excess is largely attributable to closure, but non-SSI workers are included. JSA exit ≠ re-employed (workers may move to ESA/UC). Nomis age band 25-49 ≠ model band 25-44. UK training course = 2-day refresher to full vocational qual — not comparable to German Umschulung (1-2yr full requalification). Steel sector ~95% male; gender-disaggregated outcome rates unavailable from public sources.",2017Q1,16,all,3357,3477,-120.4,1782.0,53.2,53005,67784,-14779.5,,,6.5,70.2,75.2,Jul 2016-Jun 2017,504.1,26213,828,0.4,,,,,,,,,,,
redcar_2015,ONS Nomis NM_162_1 / DWP JSA Stats / SSI Task Force,https://www.nomisweb.co.uk/,2015-2017,Redcar / Teesside,North East England,50+,skilled_manual,primary_metals / steel_manufacturing,£25k-£35k est.,"£15k employer hiring subsidy (45+ tier — highest rate, recognising harder-to-place status); Routes to Work pilot £7.5m (Tees Valley-wide); £46m total government package","N/A — no UBI operational in UK Oct 2015. Actual baseline safety net: JSA £73.10/wk (adult rate) or £57.90/wk (under-25); ESA (support group) £109.65/wk; UC standard allowance £317.82/month. For model calibration: ubi_level = 0. UBI counterfactuals are simulation scenarios, not historical data.",1035,2017Q1 (16 months post-closure),,,,,,LOW,"AGE BAND: 50+. Nomis band used: Aged 50+ . Estimated SSI workers in this cell: 1035 (prior: 50% of 2070).  QUARTER: 2017Q1 (16 months post-closure, Oct 2 2015).  REDCAR & CLEVELAND LA (E06000003) claimant count: 3357 quarterly avg (baseline 3477; excess vs baseline: -120).  RC LA age band claimants: 817 (24.4% of LA total).  NE LABOUR MARKET (APS Jul 2016-Jun 2017): unemployment 6.5%, employment 70.2%, activity 75.2%.  NE MEDIAN WAGE (ASHE 2017): £504.1/week (£26213/yr). SSI workers earned above NE median (skilled manual, union rates, est. £25k-£35k).  No direct outcome data for this quarter. Use RC LA claimant count trajectory as proxy for still_seeking rate.  outcome_retrain_% and outcome_share_similar_% remain UNKNOWN — DWP microdata required for clean bucket split. outcome_underemployed_% proxy only (area wage data). All area-level data is NOT individual SSI worker tracking.","Nomis claimant count is AREA-LEVEL (Redcar & Cleveland LA or NE ITL1) — not individual SSI worker tracking. SSI dominated local economy so LA-level excess is largely attributable to closure, but non-SSI workers are included. JSA exit ≠ re-employed (workers may move to ESA/UC). Nomis age band 25-49 ≠ model band 25-44. UK training course = 2-day refresher to full vocational qual — not comparable to German Umschulung (1-2yr full requalification). Steel sector ~95% male; gender-disaggregated outcome rates unavailable from public sources.",2017Q1,16,all,3357,3477,-120.4,817.0,24.4,53005,67784,-14779.5,,,6.5,70.2,75.2,Jul 2016-Jun 2017,504.1,26213,1035,0.5,,,,,,,,,,,
redcar_2015,ONS Nomis NM_162_1 / DWP JSA Stats / SSI Task Force,https://www.nomisweb.co.uk/,2015-2017,Redcar / Teesside,North East England,16-24,skilled_manual,primary_metals / steel_manufacturing,£25k-£35k est.,£11k employer hiring subsidy (under-45 tier); Routes to Work pilot £7.5m (Tees Valley-wide); Employer Ownership of Skills pilot; £46m total government package,"N/A — no UBI operational in UK Oct 2015. Actual baseline safety net: JSA £73.10/wk (adult rate) or £57.90/wk (under-25); ESA (support group) £109.65/wk; UC standard allowance £317.82/month. For model calibration: ubi_level = 0. UBI counterfactuals are simulation scenarios, not historical data.",197,2017Q1 (16 months post-closure),,,,,,LOW,"AGE BAND: 16-24. Nomis band used: Aged 16-24 . Estimated SSI workers in this cell: 197 (prior: 10% of 2070).  GENDER: male. Prior: 95% of SSI workforce (UK steel industry statistic, not SSI-specific microdata).  QUARTER: 2017Q1 (16 months post-closure, Oct 2 2015).  REDCAR & CLEVELAND LA (E06000003) claimant count: 3357 quarterly avg (baseline 3477; excess vs baseline: -120).  RC LA age band claimants: 752 (22.4% of LA total).  NE ITL1 gender claimants in this age band: 7943 (66.7% of NE age-band total). NOTE: NE gender split mixes steel and non-steel workers. SSI gender prior (95% male) used for ssi_est_workers_this_cell instead.  NE LABOUR MARKET (APS Jul 2016-Jun 2017): unemployment 6.5%, employment 70.2%, activity 75.2%.  NE MEDIAN WAGE (ASHE 2017): £504.1/week (£26213/yr). SSI workers earned above NE median (skilled manual, union rates, est. £25k-£35k).  No direct outcome data for this quarter. Use RC LA claimant count trajectory as proxy for still_seeking rate.  outcome_retrain_% and outcome_share_similar_% remain UNKNOWN — DWP microdata required for clean bucket split. outcome_underemployed_% proxy only (area wage data). All area-level data is NOT individual SSI worker tracking.","Nomis claimant count is AREA-LEVEL (Redcar & Cleveland LA or NE ITL1) — not individual SSI worker tracking. SSI dominated local economy so LA-level excess is largely attributable to closure, but non-SSI workers are included. JSA exit ≠ re-employed (workers may move to ESA/UC). Nomis age band 25-49 ≠ model band 25-44. UK training course = 2-day refresher to full vocational qual — not comparable to German Umschulung (1-2yr full requalification). Steel sector ~95% male; gender-disaggregated outcome rates unavailable from public sources.",2017Q1,16,male,3357,3477,-120.4,752.0,22.4,53005,67784,-14779.5,7943.0,66.7,6.5,70.2,75.2,Jul 2016-Jun 2017,504.1,26213,197,0.1,0.95,,,,,,,,,,
redcar_2015,ONS Nomis NM_162_1 / DWP JSA Stats / SSI Task Force,https://www.nomisweb.co.uk/,2015-2017,Redcar / Teesside,North East England,16-24,skilled_manual,primary_metals / steel_manufacturing,£25k-£35k est.,£11k employer hiring subsidy (under-45 tier); Routes to Work pilot £7.5m (Tees Valley-wide); Employer Ownership of Skills pilot; £46m total government package,"N/A — no UBI operational in UK Oct 2015. Actual baseline safety net: JSA £73.10/wk (adult rate) or £57.90/wk (under-25); ESA (support group) £109.65/wk; UC standard allowance £317.82/month. For model calibration: ubi_level = 0. UBI counterfactuals are simulation scenarios, not historical data.",10,2017Q1 (16 months post-closure),,,,,,LOW,"AGE BAND: 16-24. Nomis band used: Aged 16-24 . Estimated SSI workers in this cell: 10 (prior: 10% of 2070).  GENDER: female. Prior: 5% of SSI workforce (UK steel industry statistic, not SSI-specific microdata).  QUARTER: 2017Q1 (16 months post-closure, Oct 2 2015).  REDCAR & CLEVELAND LA (E06000003) claimant count: 3357 quarterly avg (baseline 3477; excess vs baseline: -120).  RC LA age band claimants: 752 (22.4% of LA total).  NE ITL1 gender claimants in this age band: 3963 (33.3% of NE age-band total). NOTE: NE gender split mixes steel and non-steel workers. SSI gender prior (95% male) used for ssi_est_workers_this_cell instead.  NE LABOUR MARKET (APS Jul 2016-Jun 2017): unemployment 6.5%, employment 70.2%, activity 75.2%.  NE MEDIAN WAGE (ASHE 2017): £504.1/week (£26213/yr). SSI workers earned above NE median (skilled manual, union rates, est. £25k-£35k).  No direct outcome data for this quarter. Use RC LA claimant count trajectory as proxy for still_seeking rate.  outcome_retrain_% and outcome_share_similar_% remain UNKNOWN — DWP microdata required for clean bucket split. outcome_underemployed_% proxy only (area wage data). All area-level data is NOT individual SSI worker tracking.","Nomis claimant count is AREA-LEVEL (Redcar & Cleveland LA or NE ITL1) — not individual SSI worker tracking. SSI dominated local economy so LA-level excess is largely attributable to closure, but non-SSI workers are included. JSA exit ≠ re-employed (workers may move to ESA/UC). Nomis age band 25-49 ≠ model band 25-44. UK training course = 2-day refresher to full vocational qual — not comparable to German Umschulung (1-2yr full requalification). Steel sector ~95% male; gender-disaggregated outcome rates unavailable from public sources.",2017Q1,16,female,3357,3477,-120.4,752.0,22.4,53005,67784,-14779.5,3963.0,33.3,6.5,70.2,75.2,Jul 2016-Jun 2017,504.1,26213,10,0.1,0.05,,,,,,,,,,
redcar_2015,ONS Nomis NM_162_1 / DWP JSA Stats / SSI Task Force,https://www.nomisweb.co.uk/,2015-2017,Redcar / Teesside,North East England,25-49,skilled_manual,primary_metals / steel_manufacturing,£25k-£35k est.,£11k employer hiring subsidy (under-45 tier); Routes to Work pilot £7.5m (Tees Valley-wide); £46m total government package,"N/A — no UBI operational in UK Oct 2015. Actual baseline safety net: JSA £73.10/wk (adult rate) or £57.90/wk (under-25); ESA (support group) £109.65/wk; UC standard allowance £317.82/month. For model calibration: ubi_level = 0. UBI counterfactuals are simulation scenarios, not historical data.",787,2017Q1 (16 months post-closure),,,,,,LOW,"AGE BAND: 25-49. Nomis band used: Aged 25-49 (NOTE: Nomis uses 25-49, not 25-44 — document mismatch). Estimated SSI workers in this cell: 787 (prior: 40% of 2070).  GENDER: male. Prior: 95% of SSI workforce (UK steel industry statistic, not SSI-specific microdata).  QUARTER: 2017Q1 (16 months post-closure, Oct 2 2015).  REDCAR & CLEVELAND LA (E06000003) claimant count: 3357 quarterly avg (baseline 3477; excess vs baseline: -120).  RC LA age band claimants: 1782 (53.2% of LA total).  NE ITL1 gender claimants in this age band: 18590 (66.7% of NE age-band total). NOTE: NE gender split mixes steel and non-steel workers. SSI gender prior (95% male) used for ssi_est_workers_this_cell instead.  NE LABOUR MARKET (APS Jul 2016-Jun 2017): unemployment 6.5%, employment 70.2%, activity 75.2%.  NE MEDIAN WAGE (ASHE 2017): £504.1/week (£26213/yr). SSI workers earned above NE median (skilled manual, union rates, est. £25k-£35k).  No direct outcome data for this quarter. Use RC LA claimant count trajectory as proxy for still_seeking rate.  outcome_retrain_% and outcome_share_similar_% remain UNKNOWN — DWP microdata required for clean bucket split. outcome_underemployed_% proxy only (area wage data). All area-level data is NOT individual SSI worker tracking.","Nomis claimant count is AREA-LEVEL (Redcar & Cleveland LA or NE ITL1) — not individual SSI worker tracking. SSI dominated local economy so LA-level excess is largely attributable to closure, but non-SSI workers are included. JSA exit ≠ re-employed (workers may move to ESA/UC). Nomis age band 25-49 ≠ model band 25-44. UK training course = 2-day refresher to full vocational qual — not comparable to German Umschulung (1-2yr full requalification). Steel sector ~95% male; gender-disaggregated outcome rates unavailable from public sources.",2017Q1,16,male,3357,3477,-120.4,1782.0,53.2,53005,67784,-14779.5,18590.0,66.7,6.5,70.2,75.2,Jul 2016-Jun 2017,504.1,26213,787,0.4,0.95,,,,,,,,,,
redcar_2015,ONS Nomis NM_162_1 / DWP JSA Stats / SSI Task Force,https://www.nomisweb.co.uk/,2015-2017,Redcar / Teesside,North East England,25-49,skilled_manual,primary_metals / steel_manufacturing,£25k-£35k est.,£11k employer hiring subsidy (under-45 tier); Routes to Work pilot £7.5m (Tees Valley-wide); £46m total government package,"N/A — no UBI operational in UK Oct 2015. Actual baseline safety net: JSA £73.10/wk (adult rate) or £57.90/wk (under-25); ESA (support group) £109.65/wk; UC standard allowance £317.82/month. For model calibration: ubi_level = 0. UBI counterfactuals are simulation scenarios, not historical data.",41,2017Q1 (16 months post-closure),,,,,,LOW,"AGE BAND: 25-49. Nomis band used: Aged 25-49 (NOTE: Nomis uses 25-49, not 25-44 — document mismatch). Estimated SSI workers in this cell: 41 (prior: 40% of 2070).  GENDER: female. Prior: 5% of SSI workforce (UK steel industry statistic, not SSI-specific microdata).  QUARTER: 2017Q1 (16 months post-closure, Oct 2 2015).  REDCAR & CLEVELAND LA (E06000003) claimant count: 3357 quarterly avg (baseline 3477; excess vs baseline: -120).  RC LA age band claimants: 1782 (53.2% of LA total).  NE ITL1 gender claimants in this age band: 9263 (33.3% of NE age-band total). NOTE: NE gender split mixes steel and non-steel workers. SSI gender prior (95% male) used for ssi_est_workers_this_cell instead.  NE LABOUR MARKET (APS Jul 2016-Jun 2017): unemployment 6.5%, employment 70.2%, activity 75.2%.  NE MEDIAN WAGE (ASHE 2017): £504.1/week (£26213/yr). SSI workers earned above NE median (skilled manual, union rates, est. £25k-£35k).  No direct outcome data for this quarter. Use RC LA claimant count trajectory as proxy for still_seeking rate.  outcome_retrain_% and outcome_share_similar_% remain UNKNOWN — DWP microdata required for clean bucket split. outcome_underemployed_% proxy only (area wage data). All area-level data is NOT individual SSI worker tracking.","Nomis claimant count is AREA-LEVEL (Redcar & Cleveland LA or NE ITL1) — not individual SSI worker tracking. SSI dominated local economy so LA-level excess is largely attributable to closure, but non-SSI workers are included. JSA exit ≠ re-employed (workers may move to ESA/UC). Nomis age band 25-49 ≠ model band 25-44. UK training course = 2-day refresher to full vocational qual — not comparable to German Umschulung (1-2yr full requalification). Steel sector ~95% male; gender-disaggregated outcome rates unavailable from public sources.",2017Q1,16,female,3357,3477,-120.4,1782.0,53.2,53005,67784,-14779.5,9263.0,33.3,6.5,70.2,75.2,Jul 2016-Jun 2017,504.1,26213,41,0.4,0.05,,,,,,,,,,
redcar_2015,ONS Nomis NM_162_1 / DWP JSA Stats / SSI Task Force,https://www.nomisweb.co.uk/,2015-2017,Redcar / Teesside,North East England,50+,skilled_manual,primary_metals / steel_manufacturing,£25k-£35k est.,"£15k employer hiring subsidy (45+ tier — highest rate, recognising harder-to-place status); Routes to Work pilot £7.5m (Tees Valley-wide); £46m total government package","N/A — no UBI operational in UK Oct 2015. Actual baseline safety net: JSA £73.10/wk (adult rate) or £57.90/wk (under-25); ESA (support group) £109.65/wk; UC standard allowance £317.82/month. For model calibration: ubi_level = 0. UBI counterfactuals are simulation scenarios, not historical data.",983,2017Q1 (16 months post-closure),,,,,,LOW,"AGE BAND: 50+. Nomis band used: Aged 50+ . Estimated SSI workers in this cell: 983 (prior: 50% of 2070).  GENDER: male. Prior: 95% of SSI workforce (UK steel industry statistic, not SSI-specific microdata).  QUARTER: 2017Q1 (16 months post-closure, Oct 2 2015).  REDCAR & CLEVELAND LA (E06000003) claimant count: 3357 quarterly avg (baseline 3477; excess vs baseline: -120).  RC LA age band claimants: 817 (24.4% of LA total).  NE ITL1 gender claimants in this age band: 8525 (64.5% of NE age-band total). NOTE: NE gender split mixes steel and non-steel workers. SSI gender prior (95% male) used for ssi_est_workers_this_cell instead.  NE LABOUR MARKET (APS Jul 2016-Jun 2017): unemployment 6.5%, employment 70.2%, activity 75.2%.  NE MEDIAN WAGE (ASHE 2017): £504.1/week (£26213/yr). SSI workers earned above NE median (skilled manual, union rates, est. £25k-£35k).  No direct outcome data for this quarter. Use RC LA claimant count trajectory as proxy for still_seeking rate.  outcome_retrain_% and outcome_share_similar_% remain UNKNOWN — DWP microdata required for clean bucket split. outcome_underemployed_% proxy only (area wage data). All area-level data is NOT individual SSI worker tracking.","Nomis claimant count is AREA-LEVEL (Redcar & Cleveland LA or NE ITL1) — not individual SSI worker tracking. SSI dominated local economy so LA-level excess is largely attributable to closure, but non-SSI workers are included. JSA exit ≠ re-employed (workers may move to ESA/UC). Nomis age band 25-49 ≠ model band 25-44. UK training course = 2-day refresher to full vocational qual — not comparable to German Umschulung (1-2yr full requalification). Steel sector ~95% male; gender-disaggregated outcome rates unavailable from public sources.",2017Q1,16,male,3357,3477,-120.4,817.0,24.4,53005,67784,-14779.5,8525.0,64.5,6.5,70.2,75.2,Jul 2016-Jun 2017,504.1,26213,983,0.5,0.95,,,,,,,,,,
redcar_2015,ONS Nomis NM_162_1 / DWP JSA Stats / SSI Task Force,https://www.nomisweb.co.uk/,2015-2017,Redcar / Teesside,North East England,50+,skilled_manual,primary_metals / steel_manufacturing,£25k-£35k est.,"£15k employer hiring subsidy (45+ tier — highest rate, recognising harder-to-place status); Routes to Work pilot £7.5m (Tees Valley-wide); £46m total government package","N/A — no UBI operational in UK Oct 2015. Actual baseline safety net: JSA £73.10/wk (adult rate) or £57.90/wk (under-25); ESA (support group) £109.65/wk; UC standard allowance £317.82/month. For model calibration: ubi_level = 0. UBI counterfactuals are simulation scenarios, not historical data.",52,2017Q1 (16 months post-closure),,,,,,LOW,"AGE BAND: 50+. Nomis band used: Aged 50+ . Estimated SSI workers in this cell: 52 (prior: 50% of 2070).  GENDER: female. Prior: 5% of SSI workforce (UK steel industry statistic, not SSI-specific microdata).  QUARTER: 2017Q1 (16 months post-closure, Oct 2 2015).  REDCAR & CLEVELAND LA (E06000003) claimant count: 3357 quarterly avg (baseline 3477; excess vs baseline: -120).  RC LA age band claimants: 817 (24.4% of LA total).  NE ITL1 gender claimants in this age band: 4692 (35.5% of NE age-band total). NOTE: NE gender split mixes steel and non-steel workers. SSI gender prior (95% male) used for ssi_est_workers_this_cell instead.  NE LABOUR MARKET (APS Jul 2016-Jun 2017): unemployment 6.5%, employment 70.2%, activity 75.2%.  NE MEDIAN WAGE (ASHE 2017): £504.1/week (£26213/yr). SSI workers earned above NE median (skilled manual, union rates, est. £25k-£35k).  No direct outcome data for this quarter. Use RC LA claimant count trajectory as proxy for still_seeking rate.  outcome_retrain_% and outcome_share_similar_% remain UNKNOWN — DWP microdata required for clean bucket split. outcome_underemployed_% proxy only (area wage data). All area-level data is NOT individual SSI worker tracking.","Nomis claimant count is AREA-LEVEL (Redcar & Cleveland LA or NE ITL1) — not individual SSI worker tracking. SSI dominated local economy so LA-level excess is largely attributable to closure, but non-SSI workers are included. JSA exit ≠ re-employed (workers may move to ESA/UC). Nomis age band 25-49 ≠ model band 25-44. UK training course = 2-day refresher to full vocational qual — not comparable to German Umschulung (1-2yr full requalification). Steel sector ~95% male; gender-disaggregated outcome rates unavailable from public sources.",2017Q1,16,female,3357,3477,-120.4,817.0,24.4,53005,67784,-14779.5,4692.0,35.5,6.5,70.2,75.2,Jul 2016-Jun 2017,504.1,26213,52,0.5,0.05,,,,,,,,,,
redcar_2015,ONS Nomis NM_162_1 / DWP JSA Stats / SSI Task Force,https://www.nomisweb.co.uk/,2015-2017,Redcar / Teesside,North East England,all,low_skilled,primary_metals / steel_manufacturing,<£20k,"£11k-£15k employer hiring subsidy (age-tiered: £11k under-45, £15k aged 45+); Routes to Work pilot £7.5m (Tees Valley-wide); £46m total government package (announced Oct 2015)","N/A — no UBI operational in UK Oct 2015. Actual baseline safety net: JSA £73.10/wk (adult rate) or £57.90/wk (under-25); ESA (support group) £109.65/wk; UC standard allowance £317.82/month. For model calibration: ubi_level = 0. UBI counterfactuals are simulation scenarios, not historical data.",104,2017Q1 (16 months post-closure),4.0,7.0,55.0,32.0,2.0,ESTIMATED_LOW,"INCOME BAND: <£20k. Semi-skilled process support, admin, cleaners. ASHE NE p10 (£288/wk=£15k/yr). Lowest-paid SSI cohort. Estimated 5% of workforce — LOW confidence. Outcome adjustments vs £25k-£35k baseline: retrain -2pp, share_similar -6pp, underemployed +3pp, exit +6pp, still_seeking -1pp. Source: China Shock ADH (low-wage→exit/underemployed; high-wage→share_similar) + Hartz re-employment wage analysis. All income-band outcomes ESTIMATED_LOW.  QUARTER: 2017Q1 (16 months post-closure, Oct 2 2015).  REDCAR & CLEVELAND LA (E06000003) claimant count: 3357 quarterly avg (baseline 3477; excess vs baseline: -120).  NE LABOUR MARKET (APS Jul 2016-Jun 2017): unemployment 6.5%, employment 70.2%, activity 75.2%.  NE MEDIAN WAGE (ASHE 2017): £504.1/week (£26213/yr). SSI workers earned above NE median (skilled manual, union rates, est. £25k-£35k).  No direct outcome data for this quarter. Use RC LA claimant count trajectory as proxy for still_seeking rate.  outcome_retrain_% and outcome_share_similar_% remain UNKNOWN — DWP microdata required for clean bucket split. outcome_underemployed_% proxy only (area wage data). All area-level data is NOT individual SSI worker tracking.","Nomis claimant count is AREA-LEVEL (Redcar & Cleveland LA or NE ITL1) — not individual SSI worker tracking. SSI dominated local economy so LA-level excess is largely attributable to closure, but non-SSI workers are included. JSA exit ≠ re-employed (workers may move to ESA/UC). Nomis age band 25-49 ≠ model band 25-44. UK training course = 2-day refresher to full vocational qual — not comparable to German Umschulung (1-2yr full requalification). Steel sector ~95% male; gender-disaggregated outcome rates unavailable from public sources.",2017Q1,16,all,3357,3477,-120.4,,,53005,67784,-14779.5,,,6.5,70.2,75.2,Jul 2016-Jun 2017,504.1,26213,104,,,,,,,,,,,,
redcar_2015,ONS Nomis NM_162_1 / DWP JSA Stats / SSI Task Force,https://www.nomisweb.co.uk/,2015-2017,Redcar / Teesside,North East England,all,skilled_manual,primary_metals / steel_manufacturing,£20k-£25k,"£11k-£15k employer hiring subsidy (age-tiered: £11k under-45, £15k aged 45+); Routes to Work pilot £7.5m (Tees Valley-wide); £46m total government package (announced Oct 2015)","N/A — no UBI operational in UK Oct 2015. Actual baseline safety net: JSA £73.10/wk (adult rate) or £57.90/wk (under-25); ESA (support group) £109.65/wk; UC standard allowance £317.82/month. For model calibration: ubi_level = 0. UBI counterfactuals are simulation scenarios, not historical data.",310,2017Q1 (16 months post-closure),5.0,9.0,54.0,30.0,2.0,ESTIMATED_LOW,"INCOME BAND: £20k-£25k. Semi-skilled process operators, junior technicians. ASHE NE p25-median range (£359-£486/wk). Estimated 15% of workforce — LOW confidence. Outcome adjustments vs £25k-£35k baseline: retrain -1pp, share_similar -4pp, underemployed +2pp, exit +4pp, still_seeking -1pp. Source: China Shock ADH (low-wage→exit/underemployed; high-wage→share_similar) + Hartz re-employment wage analysis. All income-band outcomes ESTIMATED_LOW.  QUARTER: 2017Q1 (16 months post-closure, Oct 2 2015).  REDCAR & CLEVELAND LA (E06000003) claimant count: 3357 quarterly avg (baseline 3477; excess vs baseline: -120).  NE LABOUR MARKET (APS Jul 2016-Jun 2017): unemployment 6.5%, employment 70.2%, activity 75.2%.  NE MEDIAN WAGE (ASHE 2017): £504.1/week (£26213/yr). SSI workers earned above NE median (skilled manual, union rates, est. £25k-£35k).  No direct outcome data for this quarter. Use RC LA claimant count trajectory as proxy for still_seeking rate.  outcome_retrain_% and outcome_share_similar_% remain UNKNOWN — DWP microdata required for clean bucket split. outcome_underemployed_% proxy only (area wage data). All area-level data is NOT individual SSI worker tracking.","Nomis claimant count is AREA-LEVEL (Redcar & Cleveland LA or NE ITL1) — not individual SSI worker tracking. SSI dominated local economy so LA-level excess is largely attributable to closure, but non-SSI workers are included. JSA exit ≠ re-employed (workers may move to ESA/UC). Nomis age band 25-49 ≠ model band 25-44. UK training course = 2-day refresher to full vocational qual — not comparable to German Umschulung (1-2yr full requalification). Steel sector ~95% male; gender-disaggregated outcome rates unavailable from public sources.",2017Q1,16,all,3357,3477,-120.4,,,53005,67784,-14779.5,,,6.5,70.2,75.2,Jul 2016-Jun 2017,504.1,26213,310,,,,,,,,,,,,
redcar_2015,ONS Nomis NM_162_1 / DWP JSA Stats / SSI Task Force,https://www.nomisweb.co.uk/,2015-2017,Redcar / Teesside,North East England,all,skilled_manual,primary_metals / steel_manufacturing,£25k-£35k,"£11k-£15k employer hiring subsidy (age-tiered: £11k under-45, £15k aged 45+); Routes to Work pilot £7.5m (Tees Valley-wide); £46m total government package (announced Oct 2015)","N/A — no UBI operational in UK Oct 2015. Actual baseline safety net: JSA £73.10/wk (adult rate) or £57.90/wk (under-25); ESA (support group) £109.65/wk; UC standard allowance £317.82/month. For model calibration: ubi_level = 0. UBI counterfactuals are simulation scenarios, not historical data.",1138,2017Q1 (16 months post-closure),6.0,13.0,52.0,26.0,,LOW,"INCOME BAND: £25k-£35k. Skilled process operators, blast furnace operators. ASHE NE median-p75 range (£486-£679/wk). PRIMARY ESTIMATE — majority of SSI workforce. All aggregate anchors (25% still-seeking, 93% off benefits) apply directly. Outcome adjustments vs £25k-£35k baseline: retrain +0pp, share_similar +0pp, underemployed +0pp, exit +0pp, still_seeking +0pp. Source: China Shock ADH (low-wage→exit/underemployed; high-wage→share_similar) + Hartz re-employment wage analysis. All income-band outcomes ESTIMATED_LOW.  QUARTER: 2017Q1 (16 months post-closure, Oct 2 2015).  REDCAR & CLEVELAND LA (E06000003) claimant count: 3357 quarterly avg (baseline 3477; excess vs baseline: -120).  NE LABOUR MARKET (APS Jul 2016-Jun 2017): unemployment 6.5%, employment 70.2%, activity 75.2%.  NE MEDIAN WAGE (ASHE 2017): £504.1/week (£26213/yr). SSI workers earned above NE median (skilled manual, union rates, est. £25k-£35k).  No direct outcome data for this quarter. Use RC LA claimant count trajectory as proxy for still_seeking rate.  outcome_retrain_% and outcome_share_similar_% remain UNKNOWN — DWP microdata required for clean bucket split. outcome_underemployed_% proxy only (area wage data). All area-level data is NOT individual SSI worker tracking.","Nomis claimant count is AREA-LEVEL (Redcar & Cleveland LA or NE ITL1) — not individual SSI worker tracking. SSI dominated local economy so LA-level excess is largely attributable to closure, but non-SSI workers are included. JSA exit ≠ re-employed (workers may move to ESA/UC). Nomis age band 25-49 ≠ model band 25-44. UK training course = 2-day refresher to full vocational qual — not comparable to German Umschulung (1-2yr full requalification). Steel sector ~95% male; gender-disaggregated outcome rates unavailable from public sources.",2017Q1,16,all,3357,3477,-120.4,,,53005,67784,-14779.5,,,6.5,70.2,75.2,Jul 2016-Jun 2017,504.1,26213,1138,,,,,,,,,,,,
redcar_2015,ONS Nomis NM_162_1 / DWP JSA Stats / SSI Task Force,https://www.nomisweb.co.uk/,2015-2017,Redcar / Teesside,North East England,all,skilled_manual,primary_metals / steel_manufacturing,£35k-£50k,"£11k-£15k employer hiring subsidy (age-tiered: £11k under-45, £15k aged 45+); Routes to Work pilot £7.5m (Tees Valley-wide); £46m total government package (announced Oct 2015)","N/A — no UBI operational in UK Oct 2015. Actual baseline safety net: JSA £73.10/wk (adult rate) or £57.90/wk (under-25); ESA (support group) £109.65/wk; UC standard allowance £317.82/month. For model calibration: ubi_level = 0. UBI counterfactuals are simulation scenarios, not historical data.",414,2017Q1 (16 months post-closure),7.0,20.0,46.0,22.0,5.0,ESTIMATED_LOW,"INCOME BAND: £35k-£50k. Senior operators, shift supervisors, maintenance engineers, technicians. ASHE NE p75-p90 range (£679-£882/wk). Estimated 20% of workforce — LOW confidence. Outcome adjustments vs £25k-£35k baseline: retrain +1pp, share_similar +7pp, underemployed -6pp, exit -4pp, still_seeking +2pp. Source: China Shock ADH (low-wage→exit/underemployed; high-wage→share_similar) + Hartz re-employment wage analysis. All income-band outcomes ESTIMATED_LOW.  QUARTER: 2017Q1 (16 months post-closure, Oct 2 2015).  REDCAR & CLEVELAND LA (E06000003) claimant count: 3357 quarterly avg (baseline 3477; excess vs baseline: -120).  NE LABOUR MARKET (APS Jul 2016-Jun 2017): unemployment 6.5%, employment 70.2%, activity 75.2%.  NE MEDIAN WAGE (ASHE 2017): £504.1/week (£26213/yr). SSI workers earned above NE median (skilled manual, union rates, est. £25k-£35k).  No direct outcome data for this quarter. Use RC LA claimant count trajectory as proxy for still_seeking rate.  outcome_retrain_% and outcome_share_similar_% remain UNKNOWN — DWP microdata required for clean bucket split. outcome_underemployed_% proxy only (area wage data). All area-level data is NOT individual SSI worker tracking.","Nomis claimant count is AREA-LEVEL (Redcar & Cleveland LA or NE ITL1) — not individual SSI worker tracking. SSI dominated local economy so LA-level excess is largely attributable to closure, but non-SSI workers are included. JSA exit ≠ re-employed (workers may move to ESA/UC). Nomis age band 25-49 ≠ model band 25-44. UK training course = 2-day refresher to full vocational qual — not comparable to German Umschulung (1-2yr full requalification). Steel sector ~95% male; gender-disaggregated outcome rates unavailable from public sources.",2017Q1,16,all,3357,3477,-120.4,,,53005,67784,-14779.5,,,6.5,70.2,75.2,Jul 2016-Jun 2017,504.1,26213,414,,,,,,,,,,,,
redcar_2015,ONS Nomis NM_162_1 / DWP JSA Stats / SSI Task Force,https://www.nomisweb.co.uk/,2015-2017,Redcar / Teesside,North East England,all,professional,primary_metals / steel_manufacturing,£50k+,"£11k-£15k employer hiring subsidy (age-tiered: £11k under-45, £15k aged 45+); Routes to Work pilot £7.5m (Tees Valley-wide); £46m total government package (announced Oct 2015)","N/A — no UBI operational in UK Oct 2015. Actual baseline safety net: JSA £73.10/wk (adult rate) or £57.90/wk (under-25); ESA (support group) £109.65/wk; UC standard allowance £317.82/month. For model calibration: ubi_level = 0. UBI counterfactuals are simulation scenarios, not historical data.",104,2017Q1 (16 months post-closure),5.0,28.0,38.0,20.0,9.0,ESTIMATED_LOW,"INCOME BAND: £50k+. Plant management, senior engineers, operations managers. Above ASHE NE p90 (£882/wk=£45.9k/yr). Estimated 5% of workforce — LOW confidence. Likely had enhanced redundancy packages separate from main SSI terms. Outcome adjustments vs £25k-£35k baseline: retrain -1pp, share_similar +15pp, underemployed -14pp, exit -6pp, still_seeking +6pp. Source: China Shock ADH (low-wage→exit/underemployed; high-wage→share_similar) + Hartz re-employment wage analysis. All income-band outcomes ESTIMATED_LOW.  QUARTER: 2017Q1 (16 months post-closure, Oct 2 2015).  REDCAR & CLEVELAND LA (E06000003) claimant count: 3357 quarterly avg (baseline 3477; excess vs baseline: -120).  NE LABOUR MARKET (APS Jul 2016-Jun 2017): unemployment 6.5%, employment 70.2%, activity 75.2%.  NE MEDIAN WAGE (ASHE 2017): £504.1/week (£26213/yr). SSI workers earned above NE median (skilled manual, union rates, est. £25k-£35k).  No direct outcome data for this quarter. Use RC LA claimant count trajectory as proxy for still_seeking rate.  outcome_retrain_% and outcome_share_similar_% remain UNKNOWN — DWP microdata required for clean bucket split. outcome_underemployed_% proxy only (area wage data). All area-level data is NOT individual SSI worker tracking.","Nomis claimant count is AREA-LEVEL (Redcar & Cleveland LA or NE ITL1) — not individual SSI worker tracking. SSI dominated local economy so LA-level excess is largely attributable to closure, but non-SSI workers are included. JSA exit ≠ re-employed (workers may move to ESA/UC). Nomis age band 25-49 ≠ model band 25-44. UK training course = 2-day refresher to full vocational qual — not comparable to German Umschulung (1-2yr full requalification). Steel sector ~95% male; gender-disaggregated outcome rates unavailable from public sources.",2017Q1,16,all,3357,3477,-120.4,,,53005,67784,-14779.5,,,6.5,70.2,75.2,Jul 2016-Jun 2017,504.1,26213,104,,,,,,,,,,,,
redcar_2015,ONS Nomis NM_162_1 / DWP JSA Stats / SSI Task Force,https://www.nomisweb.co.uk/,2015-2017,Redcar / Teesside,North East England,all,skilled_manual,primary_metals / steel_manufacturing,£25k-£35k est.,"£11k-£15k employer hiring subsidy (age-tiered: £11k under-45, £15k aged 45+); Routes to Work pilot £7.5m (Tees Valley-wide); £46m total government package (announced Oct 2015)","N/A — no UBI operational in UK Oct 2015. Actual baseline safety net: JSA £73.10/wk (adult rate) or £57.90/wk (under-25); ESA (support group) £109.65/wk; UC standard allowance £317.82/month. For model calibration: ubi_level = 0. UBI counterfactuals are simulation scenarios, not historical data.",2070,2017Q2 (19 months post-closure),,,,,,LOW,"QUARTER: 2017Q2 (19 months post-closure, Oct 2 2015).  REDCAR & CLEVELAND LA (E06000003) claimant count: 3120 quarterly avg (baseline 3477; excess vs baseline: -357).  NE LABOUR MARKET (APS Oct 2016-Sep 2017): unemployment 6.4%, employment 70.4%, activity 75.4%.  NE MEDIAN WAGE (ASHE 2017): £504.1/week (£26213/yr). SSI workers earned above NE median (skilled manual, union rates, est. £25k-£35k).  No direct outcome data for this quarter. Use RC LA claimant count trajectory as proxy for still_seeking rate.  outcome_retrain_% and outcome_share_similar_% remain UNKNOWN — DWP microdata required for clean bucket split. outcome_underemployed_% proxy only (area wage data). All area-level data is NOT individual SSI worker tracking.","Nomis claimant count is AREA-LEVEL (Redcar & Cleveland LA or NE ITL1) — not individual SSI worker tracking. SSI dominated local economy so LA-level excess is largely attributable to closure, but non-SSI workers are included. JSA exit ≠ re-employed (workers may move to ESA/UC). Nomis age band 25-49 ≠ model band 25-44. UK training course = 2-day refresher to full vocational qual — not comparable to German Umschulung (1-2yr full requalification). Steel sector ~95% male; gender-disaggregated outcome rates unavailable from public sources.",2017Q2,19,all,3120,3477,-357.1,,,52812,67784,-14972.8,,,6.4,70.4,75.4,Oct 2016-Sep 2017,504.1,26213,2070,,,,,,,,,,,,
redcar_2015,ONS Nomis NM_162_1 / DWP JSA Stats / SSI Task Force,https://www.nomisweb.co.uk/,2015-2017,Redcar / Teesside,North East England,16-24,skilled_manual,primary_metals / steel_manufacturing,£25k-£35k est.,£11k employer hiring subsidy (under-45 tier); Routes to Work pilot £7.5m (Tees Valley-wide); Employer Ownership of Skills pilot; £46m total government package,"N/A — no UBI operational in UK Oct 2015. Actual baseline safety net: JSA £73.10/wk (adult rate) or £57.90/wk (under-25); ESA (support group) £109.65/wk; UC standard allowance £317.82/month. For model calibration: ubi_level = 0. UBI counterfactuals are simulation scenarios, not historical data.",207,2017Q2 (19 months post-closure),,,,,,LOW,"AGE BAND: 16-24. Nomis band used: Aged 16-24 . Estimated SSI workers in this cell: 207 (prior: 10% of 2070).  QUARTER: 2017Q2 (19 months post-closure, Oct 2 2015).  REDCAR & CLEVELAND LA (E06000003) claimant count: 3120 quarterly avg (baseline 3477; excess vs baseline: -357).  RC LA age band claimants: 740 (23.7% of LA total).  NE LABOUR MARKET (APS Oct 2016-Sep 2017): unemployment 6.4%, employment 70.4%, activity 75.4%.  NE MEDIAN WAGE (ASHE 2017): £504.1/week (£26213/yr). SSI workers earned above NE median (skilled manual, union rates, est. £25k-£35k).  No direct outcome data for this quarter. Use RC LA claimant count trajectory as proxy for still_seeking rate.  outcome_retrain_% and outcome_share_similar_% remain UNKNOWN — DWP microdata required for clean bucket split. outcome_underemployed_% proxy only (area wage data). All area-level data is NOT individual SSI worker tracking.","Nomis claimant count is AREA-LEVEL (Redcar & Cleveland LA or NE ITL1) — not individual SSI worker tracking. SSI dominated local economy so LA-level excess is largely attributable to closure, but non-SSI workers are included. JSA exit ≠ re-employed (workers may move to ESA/UC). Nomis age band 25-49 ≠ model band 25-44. UK training course = 2-day refresher to full vocational qual — not comparable to German Umschulung (1-2yr full requalification). Steel sector ~95% male; gender-disaggregated outcome rates unavailable from public sources.",2017Q2,19,all,3120,3477,-357.1,740.0,23.7,52812,67784,-14972.8,,,6.4,70.4,75.4,Oct 2016-Sep 2017,504.1,26213,207,0.1,,,,,,,,,,,
redcar_2015,ONS Nomis NM_162_1 / DWP JSA Stats / SSI Task Force,https://www.nomisweb.co.uk/,2015-2017,Redcar / Teesside,North East England,25-49,skilled_manual,primary_metals / steel_manufacturing,£25k-£35k est.,£11k employer hiring subsidy (under-45 tier); Routes to Work pilot £7.5m (Tees Valley-wide); £46m total government package,"N/A — no UBI operational in UK Oct 2015. Actual baseline safety net: JSA £73.10/wk (adult rate) or £57.90/wk (under-25); ESA (support group) £109.65/wk; UC standard allowance £317.82/month. For model calibration: ubi_level = 0. UBI counterfactuals are simulation scenarios, not historical data.",828,2017Q2 (19 months post-closure),,,,,,LOW,"AGE BAND: 25-49. Nomis band used: Aged 25-49 (NOTE: Nomis uses 25-49, not 25-44 — document mismatch). Estimated SSI workers in this cell: 828 (prior: 40% of 2070).  QUARTER: 2017Q2 (19 months post-closure, Oct 2 2015).  REDCAR & CLEVELAND LA (E06000003) claimant count: 3120 quarterly avg (baseline 3477; excess vs baseline: -357).  RC LA age band claimants: 1627 (52.2% of LA total).  NE LABOUR MARKET (APS Oct 2016-Sep 2017): unemployment 6.4%, employment 70.4%, activity 75.4%.  NE MEDIAN WAGE (ASHE 2017): £504.1/week (£26213/yr). SSI workers earned above NE median (skilled manual, union rates, est. £25k-£35k).  No direct outcome data for this quarter. Use RC LA claimant count trajectory as proxy for still_seeking rate.  outcome_retrain_% and outcome_share_similar_% remain UNKNOWN — DWP microdata required for clean bucket split. outcome_underemployed_% proxy only (area wage data). All area-level data is NOT individual SSI worker tracking.","Nomis claimant count is AREA-LEVEL (Redcar & Cleveland LA or NE ITL1) — not individual SSI worker tracking. SSI dominated local economy so LA-level excess is largely attributable to closure, but non-SSI workers are included. JSA exit ≠ re-employed (workers may move to ESA/UC). Nomis age band 25-49 ≠ model band 25-44. UK training course = 2-day refresher to full vocational qual — not comparable to German Umschulung (1-2yr full requalification). Steel sector ~95% male; gender-disaggregated outcome rates unavailable from public sources.",2017Q2,19,all,3120,3477,-357.1,1627.0,52.2,52812,67784,-14972.8,,,6.4,70.4,75.4,Oct 2016-Sep 2017,504.1,26213,828,0.4,,,,,,,,,,,
redcar_2015,ONS Nomis NM_162_1 / DWP JSA Stats / SSI Task Force,https://www.nomisweb.co.uk/,2015-2017,Redcar / Teesside,North East England,50+,skilled_manual,primary_metals / steel_manufacturing,£25k-£35k est.,"£15k employer hiring subsidy (45+ tier — highest rate, recognising harder-to-place status); Routes to Work pilot £7.5m (Tees Valley-wide); £46m total government package","N/A — no UBI operational in UK Oct 2015. Actual baseline safety net: JSA £73.10/wk (adult rate) or £57.90/wk (under-25); ESA (support group) £109.65/wk; UC standard allowance £317.82/month. For model calibration: ubi_level = 0. UBI counterfactuals are simulation scenarios, not historical data.",1035,2017Q2 (19 months post-closure),,,,,,LOW,"AGE BAND: 50+. Nomis band used: Aged 50+ . Estimated SSI workers in this cell: 1035 (prior: 50% of 2070).  QUARTER: 2017Q2 (19 months post-closure, Oct 2 2015).  REDCAR & CLEVELAND LA (E06000003) claimant count: 3120 quarterly avg (baseline 3477; excess vs baseline: -357).  RC LA age band claimants: 752 (24.1% of LA total).  NE LABOUR MARKET (APS Oct 2016-Sep 2017): unemployment 6.4%, employment 70.4%, activity 75.4%.  NE MEDIAN WAGE (ASHE 2017): £504.1/week (£26213/yr). SSI workers earned above NE median (skilled manual, union rates, est. £25k-£35k).  No direct outcome data for this quarter. Use RC LA claimant count trajectory as proxy for still_seeking rate.  outcome_retrain_% and outcome_share_similar_% remain UNKNOWN — DWP microdata required for clean bucket split. outcome_underemployed_% proxy only (area wage data). All area-level data is NOT individual SSI worker tracking.","Nomis claimant count is AREA-LEVEL (Redcar & Cleveland LA or NE ITL1) — not individual SSI worker tracking. SSI dominated local economy so LA-level excess is largely attributable to closure, but non-SSI workers are included. JSA exit ≠ re-employed (workers may move to ESA/UC). Nomis age band 25-49 ≠ model band 25-44. UK training course = 2-day refresher to full vocational qual — not comparable to German Umschulung (1-2yr full requalification). Steel sector ~95% male; gender-disaggregated outcome rates unavailable from public sources.",2017Q2,19,all,3120,3477,-357.1,752.0,24.1,52812,67784,-14972.8,,,6.4,70.4,75.4,Oct 2016-Sep 2017,504.1,26213,1035,0.5,,,,,,,,,,,
redcar_2015,ONS Nomis NM_162_1 / DWP JSA Stats / SSI Task Force,https://www.nomisweb.co.uk/,2015-2017,Redcar / Teesside,North East England,16-24,skilled_manual,primary_metals / steel_manufacturing,£25k-£35k est.,£11k employer hiring subsidy (under-45 tier); Routes to Work pilot £7.5m (Tees Valley-wide); Employer Ownership of Skills pilot; £46m total government package,"N/A — no UBI operational in UK Oct 2015. Actual baseline safety net: JSA £73.10/wk (adult rate) or £57.90/wk (under-25); ESA (support group) £109.65/wk; UC standard allowance £317.82/month. For model calibration: ubi_level = 0. UBI counterfactuals are simulation scenarios, not historical data.",197,2017Q2 (19 months post-closure),,,,,,LOW,"AGE BAND: 16-24. Nomis band used: Aged 16-24 . Estimated SSI workers in this cell: 197 (prior: 10% of 2070).  GENDER: male. Prior: 95% of SSI workforce (UK steel industry statistic, not SSI-specific microdata).  QUARTER: 2017Q2 (19 months post-closure, Oct 2 2015).  REDCAR & CLEVELAND LA (E06000003) claimant count: 3120 quarterly avg (baseline 3477; excess vs baseline: -357).  RC LA age band claimants: 740 (23.7% of LA total).  NE ITL1 gender claimants in this age band: 7985 (66.7% of NE age-band total). NOTE: NE gender split mixes steel and non-steel workers. SSI gender prior (95% male) used for ssi_est_workers_this_cell instead.  NE LABOUR MARKET (APS Oct 2016-Sep 2017): unemployment 6.4%, employment 70.4%, activity 75.4%.  NE MEDIAN WAGE (ASHE 2017): £504.1/week (£26213/yr). SSI workers earned above NE median (skilled manual, union rates, est. £25k-£35k).  No direct outcome data for this quarter. Use RC LA claimant count trajectory as proxy for still_seeking rate.  outcome_retrain_% and outcome_share_similar_% remain UNKNOWN — DWP microdata required for clean bucket split. outcome_underemployed_% proxy only (area wage data). All area-level data is NOT individual SSI worker tracking.","Nomis claimant count is AREA-LEVEL (Redcar & Cleveland LA or NE ITL1) — not individual SSI worker tracking. SSI dominated local economy so LA-level excess is largely attributable to closure, but non-SSI workers are included. JSA exit ≠ re-employed (workers may move to ESA/UC). Nomis age band 25-49 ≠ model band 25-44. UK training course = 2-day refresher to full vocational qual — not comparable to German Umschulung (1-2yr full requalification). Steel sector ~95% male; gender-disaggregated outcome rates unavailable from public sources.",2017Q2,19,male,3120,3477,-357.1,740.0,23.7,52812,67784,-14972.8,7985.0,66.7,6.4,70.4,75.4,Oct 2016-Sep 2017,504.1,26213,197,0.1,0.95,,,,,,,,,,
redcar_2015,ONS Nomis NM_162_1 / DWP JSA Stats / SSI Task Force,https://www.nomisweb.co.uk/,2015-2017,Redcar / Teesside,North East England,16-24,skilled_manual,primary_metals / steel_manufacturing,£25k-£35k est.,£11k employer hiring subsidy (under-45 tier); Routes to Work pilot £7.5m (Tees Valley-wide); Employer Ownership of Skills pilot; £46m total government package,"N/A — no UBI operational in UK Oct 2015. Actual baseline safety net: JSA £73.10/wk (adult rate) or £57.90/wk (under-25); ESA (support group) £109.65/wk; UC standard allowance £317.82/month. For model calibration: ubi_level = 0. UBI counterfactuals are simulation scenarios, not historical data.",10,2017Q2 (19 months post-closure),,,,,,LOW,"AGE BAND: 16-24. Nomis band used: Aged 16-24 . Estimated SSI workers in this cell: 10 (prior: 10% of 2070).  GENDER: female. Prior: 5% of SSI workforce (UK steel industry statistic, not SSI-specific microdata).  QUARTER: 2017Q2 (19 months post-closure, Oct 2 2015).  REDCAR & CLEVELAND LA (E06000003) claimant count: 3120 quarterly avg (baseline 3477; excess vs baseline: -357).  RC LA age band claimants: 740 (23.7% of LA total).  NE ITL1 gender claimants in this age band: 3982 (33.3% of NE age-band total). NOTE: NE gender split mixes steel and non-steel workers. SSI gender prior (95% male) used for ssi_est_workers_this_cell instead.  NE LABOUR MARKET (APS Oct 2016-Sep 2017): unemployment 6.4%, employment 70.4%, activity 75.4%.  NE MEDIAN WAGE (ASHE 2017): £504.1/week (£26213/yr). SSI workers earned above NE median (skilled manual, union rates, est. £25k-£35k).  No direct outcome data for this quarter. Use RC LA claimant count trajectory as proxy for still_seeking rate.  outcome_retrain_% and outcome_share_similar_% remain UNKNOWN — DWP microdata required for clean bucket split. outcome_underemployed_% proxy only (area wage data). All area-level data is NOT individual SSI worker tracking.","Nomis claimant count is AREA-LEVEL (Redcar & Cleveland LA or NE ITL1) — not individual SSI worker tracking. SSI dominated local economy so LA-level excess is largely attributable to closure, but non-SSI workers are included. JSA exit ≠ re-employed (workers may move to ESA/UC). Nomis age band 25-49 ≠ model band 25-44. UK training course = 2-day refresher to full vocational qual — not comparable to German Umschulung (1-2yr full requalification). Steel sector ~95% male; gender-disaggregated outcome rates unavailable from public sources.",2017Q2,19,female,3120,3477,-357.1,740.0,23.7,52812,67784,-14972.8,3982.0,33.3,6.4,70.4,75.4,Oct 2016-Sep 2017,504.1,26213,10,0.1,0.05,,,,,,,,,,
redcar_2015,ONS Nomis NM_162_1 / DWP JSA Stats / SSI Task Force,https://www.nomisweb.co.uk/,2015-2017,Redcar / Teesside,North East England,25-49,skilled_manual,primary_metals / steel_manufacturing,£25k-£35k est.,£11k employer hiring subsidy (under-45 tier); Routes to Work pilot £7.5m (Tees Valley-wide); £46m total government package,"N/A — no UBI operational in UK Oct 2015. Actual baseline safety net: JSA £73.10/wk (adult rate) or £57.90/wk (under-25); ESA (support group) £109.65/wk; UC standard allowance £317.82/month. For model calibration: ubi_level = 0. UBI counterfactuals are simulation scenarios, not historical data.",787,2017Q2 (19 months post-closure),,,,,,LOW,"AGE BAND: 25-49. Nomis band used: Aged 25-49 (NOTE: Nomis uses 25-49, not 25-44 — document mismatch). Estimated SSI workers in this cell: 787 (prior: 40% of 2070).  GENDER: male. Prior: 95% of SSI workforce (UK steel industry statistic, not SSI-specific microdata).  QUARTER: 2017Q2 (19 months post-closure, Oct 2 2015).  REDCAR & CLEVELAND LA (E06000003) claimant count: 3120 quarterly avg (baseline 3477; excess vs baseline: -357).  RC LA age band claimants: 1627 (52.2% of LA total).  NE ITL1 gender claimants in this age band: 18337 (66.2% of NE age-band total). NOTE: NE gender split mixes steel and non-steel workers. SSI gender prior (95% male) used for ssi_est_workers_this_cell instead.  NE LABOUR MARKET (APS Oct 2016-Sep 2017): unemployment 6.4%, employment 70.4%, activity 75.4%.  NE MEDIAN WAGE (ASHE 2017): £504.1/week (£26213/yr). SSI workers earned above NE median (skilled manual, union rates, est. £25k-£35k).  No direct outcome data for this quarter. Use RC LA claimant count trajectory as proxy for still_seeking rate.  outcome_retrain_% and outcome_share_similar_% remain UNKNOWN — DWP microdata required for clean bucket split. outcome_underemployed_% proxy only (area wage data). All area-level data is NOT individual SSI worker tracking.","Nomis claimant count is AREA-LEVEL (Redcar & Cleveland LA or NE ITL1) — not individual SSI worker tracking. SSI dominated local economy so LA-level excess is largely attributable to closure, but non-SSI workers are included. JSA exit ≠ re-employed (workers may move to ESA/UC). Nomis age band 25-49 ≠ model band 25-44. UK training course = 2-day refresher to full vocational qual — not comparable to German Umschulung (1-2yr full requalification). Steel sector ~95% male; gender-disaggregated outcome rates unavailable from public sources.",2017Q2,19,male,3120,3477,-357.1,1627.0,52.2,52812,67784,-14972.8,18337.0,66.2,6.4,70.4,75.4,Oct 2016-Sep 2017,504.1,26213,787,0.4,0.95,,,,,,,,,,
redcar_2015,ONS Nomis NM_162_1 / DWP JSA Stats / SSI Task Force,https://www.nomisweb.co.uk/,2015-2017,Redcar / Teesside,North East England,25-49,skilled_manual,primary_metals / steel_manufacturing,£25k-£35k est.,£11k employer hiring subsidy (under-45 tier); Routes to Work pilot £7.5m (Tees Valley-wide); £46m total government package,"N/A — no UBI operational in UK Oct 2015. Actual baseline safety net: JSA £73.10/wk (adult rate) or £57.90/wk (under-25); ESA (support group) £109.65/wk; UC standard allowance £317.82/month. For model calibration: ubi_level = 0. UBI counterfactuals are simulation scenarios, not historical data.",41,2017Q2 (19 months post-closure),,,,,,LOW,"AGE BAND: 25-49. Nomis band used: Aged 25-49 (NOTE: Nomis uses 25-49, not 25-44 — document mismatch). Estimated SSI workers in this cell: 41 (prior: 40% of 2070).  GENDER: female. Prior: 5% of SSI workforce (UK steel industry statistic, not SSI-specific microdata).  QUARTER: 2017Q2 (19 months post-closure, Oct 2 2015).  REDCAR & CLEVELAND LA (E06000003) claimant count: 3120 quarterly avg (baseline 3477; excess vs baseline: -357).  RC LA age band claimants: 1627 (52.2% of LA total).  NE ITL1 gender claimants in this age band: 9382 (33.8% of NE age-band total). NOTE: NE gender split mixes steel and non-steel workers. SSI gender prior (95% male) used for ssi_est_workers_this_cell instead.  NE LABOUR MARKET (APS Oct 2016-Sep 2017): unemployment 6.4%, employment 70.4%, activity 75.4%.  NE MEDIAN WAGE (ASHE 2017): £504.1/week (£26213/yr). SSI workers earned above NE median (skilled manual, union rates, est. £25k-£35k).  No direct outcome data for this quarter. Use RC LA claimant count trajectory as proxy for still_seeking rate.  outcome_retrain_% and outcome_share_similar_% remain UNKNOWN — DWP microdata required for clean bucket split. outcome_underemployed_% proxy only (area wage data). All area-level data is NOT individual SSI worker tracking.","Nomis claimant count is AREA-LEVEL (Redcar & Cleveland LA or NE ITL1) — not individual SSI worker tracking. SSI dominated local economy so LA-level excess is largely attributable to closure, but non-SSI workers are included. JSA exit ≠ re-employed (workers may move to ESA/UC). Nomis age band 25-49 ≠ model band 25-44. UK training course = 2-day refresher to full vocational qual — not comparable to German Umschulung (1-2yr full requalification). Steel sector ~95% male; gender-disaggregated outcome rates unavailable from public sources.",2017Q2,19,female,3120,3477,-357.1,1627.0,52.2,52812,67784,-14972.8,9382.0,33.8,6.4,70.4,75.4,Oct 2016-Sep 2017,504.1,26213,41,0.4,0.05,,,,,,,,,,
redcar_2015,ONS Nomis NM_162_1 / DWP JSA Stats / SSI Task Force,https://www.nomisweb.co.uk/,2015-2017,Redcar / Teesside,North East England,50+,skilled_manual,primary_metals / steel_manufacturing,£25k-£35k est.,"£15k employer hiring subsidy (45+ tier — highest rate, recognising harder-to-place status); Routes to Work pilot £7.5m (Tees Valley-wide); £46m total government package","N/A — no UBI operational in UK Oct 2015. Actual baseline safety net: JSA £73.10/wk (adult rate) or £57.90/wk (under-25); ESA (support group) £109.65/wk; UC standard allowance £317.82/month. For model calibration: ubi_level = 0. UBI counterfactuals are simulation scenarios, not historical data.",983,2017Q2 (19 months post-closure),,,,,,LOW,"AGE BAND: 50+. Nomis band used: Aged 50+ . Estimated SSI workers in this cell: 983 (prior: 50% of 2070).  GENDER: male. Prior: 95% of SSI workforce (UK steel industry statistic, not SSI-specific microdata).  QUARTER: 2017Q2 (19 months post-closure, Oct 2 2015).  REDCAR & CLEVELAND LA (E06000003) claimant count: 3120 quarterly avg (baseline 3477; excess vs baseline: -357).  RC LA age band claimants: 752 (24.1% of LA total).  NE ITL1 gender claimants in this age band: 8350 (63.7% of NE age-band total). NOTE: NE gender split mixes steel and non-steel workers. SSI gender prior (95% male) used for ssi_est_workers_this_cell instead.  NE LABOUR MARKET (APS Oct 2016-Sep 2017): unemployment 6.4%, employment 70.4%, activity 75.4%.  NE MEDIAN WAGE (ASHE 2017): £504.1/week (£26213/yr). SSI workers earned above NE median (skilled manual, union rates, est. £25k-£35k).  No direct outcome data for this quarter. Use RC LA claimant count trajectory as proxy for still_seeking rate.  outcome_retrain_% and outcome_share_similar_% remain UNKNOWN — DWP microdata required for clean bucket split. outcome_underemployed_% proxy only (area wage data). All area-level data is NOT individual SSI worker tracking.","Nomis claimant count is AREA-LEVEL (Redcar & Cleveland LA or NE ITL1) — not individual SSI worker tracking. SSI dominated local economy so LA-level excess is largely attributable to closure, but non-SSI workers are included. JSA exit ≠ re-employed (workers may move to ESA/UC). Nomis age band 25-49 ≠ model band 25-44. UK training course = 2-day refresher to full vocational qual — not comparable to German Umschulung (1-2yr full requalification). Steel sector ~95% male; gender-disaggregated outcome rates unavailable from public sources.",2017Q2,19,male,3120,3477,-357.1,752.0,24.1,52812,67784,-14972.8,8350.0,63.7,6.4,70.4,75.4,Oct 2016-Sep 2017,504.1,26213,983,0.5,0.95,,,,,,,,,,
redcar_2015,ONS Nomis NM_162_1 / DWP JSA Stats / SSI Task Force,https://www.nomisweb.co.uk/,2015-2017,Redcar / Teesside,North East England,50+,skilled_manual,primary_metals / steel_manufacturing,£25k-£35k est.,"£15k employer hiring subsidy (45+ tier — highest rate, recognising harder-to-place status); Routes to Work pilot £7.5m (Tees Valley-wide); £46m total government package","N/A — no UBI operational in UK Oct 2015. Actual baseline safety net: JSA £73.10/wk (adult rate) or £57.90/wk (under-25); ESA (support group) £109.65/wk; UC standard allowance £317.82/month. For model calibration: ubi_level = 0. UBI counterfactuals are simulation scenarios, not historical data.",52,2017Q2 (19 months post-closure),,,,,,LOW,"AGE BAND: 50+. Nomis band used: Aged 50+ . Estimated SSI workers in this cell: 52 (prior: 50% of 2070).  GENDER: female. Prior: 5% of SSI workforce (UK steel industry statistic, not SSI-specific microdata).  QUARTER: 2017Q2 (19 months post-closure, Oct 2 2015).  REDCAR & CLEVELAND LA (E06000003) claimant count: 3120 quarterly avg (baseline 3477; excess vs baseline: -357).  RC LA age band claimants: 752 (24.1% of LA total).  NE ITL1 gender claimants in this age band: 4752 (36.3% of NE age-band total). NOTE: NE gender split mixes steel and non-steel workers. SSI gender prior (95% male) used for ssi_est_workers_this_cell instead.  NE LABOUR MARKET (APS Oct 2016-Sep 2017): unemployment 6.4%, employment 70.4%, activity 75.4%.  NE MEDIAN WAGE (ASHE 2017): £504.1/week (£26213/yr). SSI workers earned above NE median (skilled manual, union rates, est. £25k-£35k).  No direct outcome data for this quarter. Use RC LA claimant count trajectory as proxy for still_seeking rate.  outcome_retrain_% and outcome_share_similar_% remain UNKNOWN — DWP microdata required for clean bucket split. outcome_underemployed_% proxy only (area wage data). All area-level data is NOT individual SSI worker tracking.","Nomis claimant count is AREA-LEVEL (Redcar & Cleveland LA or NE ITL1) — not individual SSI worker tracking. SSI dominated local economy so LA-level excess is largely attributable to closure, but non-SSI workers are included. JSA exit ≠ re-employed (workers may move to ESA/UC). Nomis age band 25-49 ≠ model band 25-44. UK training course = 2-day refresher to full vocational qual — not comparable to German Umschulung (1-2yr full requalification). Steel sector ~95% male; gender-disaggregated outcome rates unavailable from public sources.",2017Q2,19,female,3120,3477,-357.1,752.0,24.1,52812,67784,-14972.8,4752.0,36.3,6.4,70.4,75.4,Oct 2016-Sep 2017,504.1,26213,52,0.5,0.05,,,,,,,,,,
redcar_2015,ONS Nomis NM_162_1 / DWP JSA Stats / SSI Task Force,https://www.nomisweb.co.uk/,2015-2017,Redcar / Teesside,North East England,all,low_skilled,primary_metals / steel_manufacturing,<£20k,"£11k-£15k employer hiring subsidy (age-tiered: £11k under-45, £15k aged 45+); Routes to Work pilot £7.5m (Tees Valley-wide); £46m total government package (announced Oct 2015)","N/A — no UBI operational in UK Oct 2015. Actual baseline safety net: JSA £73.10/wk (adult rate) or £57.90/wk (under-25); ESA (support group) £109.65/wk; UC standard allowance £317.82/month. For model calibration: ubi_level = 0. UBI counterfactuals are simulation scenarios, not historical data.",104,2017Q2 (19 months post-closure),6.0,9.0,48.0,36.0,1.0,ESTIMATED_LOW,"INCOME BAND: <£20k. Semi-skilled process support, admin, cleaners. ASHE NE p10 (£288/wk=£15k/yr). Lowest-paid SSI cohort. Estimated 5% of workforce — LOW confidence. Outcome adjustments vs £25k-£35k baseline: retrain -2pp, share_similar -6pp, underemployed +3pp, exit +6pp, still_seeking -1pp. Source: China Shock ADH (low-wage→exit/underemployed; high-wage→share_similar) + Hartz re-employment wage analysis. All income-band outcomes ESTIMATED_LOW.  QUARTER: 2017Q2 (19 months post-closure, Oct 2 2015).  REDCAR & CLEVELAND LA (E06000003) claimant count: 3120 quarterly avg (baseline 3477; excess vs baseline: -357).  NE LABOUR MARKET (APS Oct 2016-Sep 2017): unemployment 6.4%, employment 70.4%, activity 75.4%.  NE MEDIAN WAGE (ASHE 2017): £504.1/week (£26213/yr). SSI workers earned above NE median (skilled manual, union rates, est. £25k-£35k).  No direct outcome data for this quarter. Use RC LA claimant count trajectory as proxy for still_seeking rate.  outcome_retrain_% and outcome_share_similar_% remain UNKNOWN — DWP microdata required for clean bucket split. outcome_underemployed_% proxy only (area wage data). All area-level data is NOT individual SSI worker tracking.","Nomis claimant count is AREA-LEVEL (Redcar & Cleveland LA or NE ITL1) — not individual SSI worker tracking. SSI dominated local economy so LA-level excess is largely attributable to closure, but non-SSI workers are included. JSA exit ≠ re-employed (workers may move to ESA/UC). Nomis age band 25-49 ≠ model band 25-44. UK training course = 2-day refresher to full vocational qual — not comparable to German Umschulung (1-2yr full requalification). Steel sector ~95% male; gender-disaggregated outcome rates unavailable from public sources.",2017Q2,19,all,3120,3477,-357.1,,,52812,67784,-14972.8,,,6.4,70.4,75.4,Oct 2016-Sep 2017,504.1,26213,104,,,,,,,,,,,,
redcar_2015,ONS Nomis NM_162_1 / DWP JSA Stats / SSI Task Force,https://www.nomisweb.co.uk/,2015-2017,Redcar / Teesside,North East England,all,skilled_manual,primary_metals / steel_manufacturing,£20k-£25k,"£11k-£15k employer hiring subsidy (age-tiered: £11k under-45, £15k aged 45+); Routes to Work pilot £7.5m (Tees Valley-wide); £46m total government package (announced Oct 2015)","N/A — no UBI operational in UK Oct 2015. Actual baseline safety net: JSA £73.10/wk (adult rate) or £57.90/wk (under-25); ESA (support group) £109.65/wk; UC standard allowance £317.82/month. For model calibration: ubi_level = 0. UBI counterfactuals are simulation scenarios, not historical data.",310,2017Q2 (19 months post-closure),7.0,11.0,47.0,34.0,1.0,ESTIMATED_LOW,"INCOME BAND: £20k-£25k. Semi-skilled process operators, junior technicians. ASHE NE p25-median range (£359-£486/wk). Estimated 15% of workforce — LOW confidence. Outcome adjustments vs £25k-£35k baseline: retrain -1pp, share_similar -4pp, underemployed +2pp, exit +4pp, still_seeking -1pp. Source: China Shock ADH (low-wage→exit/underemployed; high-wage→share_similar) + Hartz re-employment wage analysis. All income-band outcomes ESTIMATED_LOW.  QUARTER: 2017Q2 (19 months post-closure, Oct 2 2015).  REDCAR & CLEVELAND LA (E06000003) claimant count: 3120 quarterly avg (baseline 3477; excess vs baseline: -357).  NE LABOUR MARKET (APS Oct 2016-Sep 2017): unemployment 6.4%, employment 70.4%, activity 75.4%.  NE MEDIAN WAGE (ASHE 2017): £504.1/week (£26213/yr). SSI workers earned above NE median (skilled manual, union rates, est. £25k-£35k).  No direct outcome data for this quarter. Use RC LA claimant count trajectory as proxy for still_seeking rate.  outcome_retrain_% and outcome_share_similar_% remain UNKNOWN — DWP microdata required for clean bucket split. outcome_underemployed_% proxy only (area wage data). All area-level data is NOT individual SSI worker tracking.","Nomis claimant count is AREA-LEVEL (Redcar & Cleveland LA or NE ITL1) — not individual SSI worker tracking. SSI dominated local economy so LA-level excess is largely attributable to closure, but non-SSI workers are included. JSA exit ≠ re-employed (workers may move to ESA/UC). Nomis age band 25-49 ≠ model band 25-44. UK training course = 2-day refresher to full vocational qual — not comparable to German Umschulung (1-2yr full requalification). Steel sector ~95% male; gender-disaggregated outcome rates unavailable from public sources.",2017Q2,19,all,3120,3477,-357.1,,,52812,67784,-14972.8,,,6.4,70.4,75.4,Oct 2016-Sep 2017,504.1,26213,310,,,,,,,,,,,,
redcar_2015,ONS Nomis NM_162_1 / DWP JSA Stats / SSI Task Force,https://www.nomisweb.co.uk/,2015-2017,Redcar / Teesside,North East England,all,skilled_manual,primary_metals / steel_manufacturing,£25k-£35k,"£11k-£15k employer hiring subsidy (age-tiered: £11k under-45, £15k aged 45+); Routes to Work pilot £7.5m (Tees Valley-wide); £46m total government package (announced Oct 2015)","N/A — no UBI operational in UK Oct 2015. Actual baseline safety net: JSA £73.10/wk (adult rate) or £57.90/wk (under-25); ESA (support group) £109.65/wk; UC standard allowance £317.82/month. For model calibration: ubi_level = 0. UBI counterfactuals are simulation scenarios, not historical data.",1138,2017Q2 (19 months post-closure),8.0,15.0,45.0,30.0,,LOW,"INCOME BAND: £25k-£35k. Skilled process operators, blast furnace operators. ASHE NE median-p75 range (£486-£679/wk). PRIMARY ESTIMATE — majority of SSI workforce. All aggregate anchors (25% still-seeking, 93% off benefits) apply directly. Outcome adjustments vs £25k-£35k baseline: retrain +0pp, share_similar +0pp, underemployed +0pp, exit +0pp, still_seeking +0pp. Source: China Shock ADH (low-wage→exit/underemployed; high-wage→share_similar) + Hartz re-employment wage analysis. All income-band outcomes ESTIMATED_LOW.  QUARTER: 2017Q2 (19 months post-closure, Oct 2 2015).  REDCAR & CLEVELAND LA (E06000003) claimant count: 3120 quarterly avg (baseline 3477; excess vs baseline: -357).  NE LABOUR MARKET (APS Oct 2016-Sep 2017): unemployment 6.4%, employment 70.4%, activity 75.4%.  NE MEDIAN WAGE (ASHE 2017): £504.1/week (£26213/yr). SSI workers earned above NE median (skilled manual, union rates, est. £25k-£35k).  No direct outcome data for this quarter. Use RC LA claimant count trajectory as proxy for still_seeking rate.  outcome_retrain_% and outcome_share_similar_% remain UNKNOWN — DWP microdata required for clean bucket split. outcome_underemployed_% proxy only (area wage data). All area-level data is NOT individual SSI worker tracking.","Nomis claimant count is AREA-LEVEL (Redcar & Cleveland LA or NE ITL1) — not individual SSI worker tracking. SSI dominated local economy so LA-level excess is largely attributable to closure, but non-SSI workers are included. JSA exit ≠ re-employed (workers may move to ESA/UC). Nomis age band 25-49 ≠ model band 25-44. UK training course = 2-day refresher to full vocational qual — not comparable to German Umschulung (1-2yr full requalification). Steel sector ~95% male; gender-disaggregated outcome rates unavailable from public sources.",2017Q2,19,all,3120,3477,-357.1,,,52812,67784,-14972.8,,,6.4,70.4,75.4,Oct 2016-Sep 2017,504.1,26213,1138,,,,,,,,,,,,
redcar_2015,ONS Nomis NM_162_1 / DWP JSA Stats / SSI Task Force,https://www.nomisweb.co.uk/,2015-2017,Redcar / Teesside,North East England,all,skilled_manual,primary_metals / steel_manufacturing,£35k-£50k,"£11k-£15k employer hiring subsidy (age-tiered: £11k under-45, £15k aged 45+); Routes to Work pilot £7.5m (Tees Valley-wide); £46m total government package (announced Oct 2015)","N/A — no UBI operational in UK Oct 2015. Actual baseline safety net: JSA £73.10/wk (adult rate) or £57.90/wk (under-25); ESA (support group) £109.65/wk; UC standard allowance £317.82/month. For model calibration: ubi_level = 0. UBI counterfactuals are simulation scenarios, not historical data.",414,2017Q2 (19 months post-closure),9.0,22.0,39.0,26.0,4.0,ESTIMATED_LOW,"INCOME BAND: £35k-£50k. Senior operators, shift supervisors, maintenance engineers, technicians. ASHE NE p75-p90 range (£679-£882/wk). Estimated 20% of workforce — LOW confidence. Outcome adjustments vs £25k-£35k baseline: retrain +1pp, share_similar +7pp, underemployed -6pp, exit -4pp, still_seeking +2pp. Source: China Shock ADH (low-wage→exit/underemployed; high-wage→share_similar) + Hartz re-employment wage analysis. All income-band outcomes ESTIMATED_LOW.  QUARTER: 2017Q2 (19 months post-closure, Oct 2 2015).  REDCAR & CLEVELAND LA (E06000003) claimant count: 3120 quarterly avg (baseline 3477; excess vs baseline: -357).  NE LABOUR MARKET (APS Oct 2016-Sep 2017): unemployment 6.4%, employment 70.4%, activity 75.4%.  NE MEDIAN WAGE (ASHE 2017): £504.1/week (£26213/yr). SSI workers earned above NE median (skilled manual, union rates, est. £25k-£35k).  No direct outcome data for this quarter. Use RC LA claimant count trajectory as proxy for still_seeking rate.  outcome_retrain_% and outcome_share_similar_% remain UNKNOWN — DWP microdata required for clean bucket split. outcome_underemployed_% proxy only (area wage data). All area-level data is NOT individual SSI worker tracking.","Nomis claimant count is AREA-LEVEL (Redcar & Cleveland LA or NE ITL1) — not individual SSI worker tracking. SSI dominated local economy so LA-level excess is largely attributable to closure, but non-SSI workers are included. JSA exit ≠ re-employed (workers may move to ESA/UC). Nomis age band 25-49 ≠ model band 25-44. UK training course = 2-day refresher to full vocational qual — not comparable to German Umschulung (1-2yr full requalification). Steel sector ~95% male; gender-disaggregated outcome rates unavailable from public sources.",2017Q2,19,all,3120,3477,-357.1,,,52812,67784,-14972.8,,,6.4,70.4,75.4,Oct 2016-Sep 2017,504.1,26213,414,,,,,,,,,,,,
redcar_2015,ONS Nomis NM_162_1 / DWP JSA Stats / SSI Task Force,https://www.nomisweb.co.uk/,2015-2017,Redcar / Teesside,North East England,all,professional,primary_metals / steel_manufacturing,£50k+,"£11k-£15k employer hiring subsidy (age-tiered: £11k under-45, £15k aged 45+); Routes to Work pilot £7.5m (Tees Valley-wide); £46m total government package (announced Oct 2015)","N/A — no UBI operational in UK Oct 2015. Actual baseline safety net: JSA £73.10/wk (adult rate) or £57.90/wk (under-25); ESA (support group) £109.65/wk; UC standard allowance £317.82/month. For model calibration: ubi_level = 0. UBI counterfactuals are simulation scenarios, not historical data.",104,2017Q2 (19 months post-closure),7.0,30.0,31.0,24.0,8.0,ESTIMATED_LOW,"INCOME BAND: £50k+. Plant management, senior engineers, operations managers. Above ASHE NE p90 (£882/wk=£45.9k/yr). Estimated 5% of workforce — LOW confidence. Likely had enhanced redundancy packages separate from main SSI terms. Outcome adjustments vs £25k-£35k baseline: retrain -1pp, share_similar +15pp, underemployed -14pp, exit -6pp, still_seeking +6pp. Source: China Shock ADH (low-wage→exit/underemployed; high-wage→share_similar) + Hartz re-employment wage analysis. All income-band outcomes ESTIMATED_LOW.  QUARTER: 2017Q2 (19 months post-closure, Oct 2 2015).  REDCAR & CLEVELAND LA (E06000003) claimant count: 3120 quarterly avg (baseline 3477; excess vs baseline: -357).  NE LABOUR MARKET (APS Oct 2016-Sep 2017): unemployment 6.4%, employment 70.4%, activity 75.4%.  NE MEDIAN WAGE (ASHE 2017): £504.1/week (£26213/yr). SSI workers earned above NE median (skilled manual, union rates, est. £25k-£35k).  No direct outcome data for this quarter. Use RC LA claimant count trajectory as proxy for still_seeking rate.  outcome_retrain_% and outcome_share_similar_% remain UNKNOWN — DWP microdata required for clean bucket split. outcome_underemployed_% proxy only (area wage data). All area-level data is NOT individual SSI worker tracking.","Nomis claimant count is AREA-LEVEL (Redcar & Cleveland LA or NE ITL1) — not individual SSI worker tracking. SSI dominated local economy so LA-level excess is largely attributable to closure, but non-SSI workers are included. JSA exit ≠ re-employed (workers may move to ESA/UC). Nomis age band 25-49 ≠ model band 25-44. UK training course = 2-day refresher to full vocational qual — not comparable to German Umschulung (1-2yr full requalification). Steel sector ~95% male; gender-disaggregated outcome rates unavailable from public sources.",2017Q2,19,all,3120,3477,-357.1,,,52812,67784,-14972.8,,,6.4,70.4,75.4,Oct 2016-Sep 2017,504.1,26213,104,,,,,,,,,,,,
redcar_2015,ONS Nomis NM_162_1 / DWP JSA Stats / SSI Task Force,https://www.nomisweb.co.uk/,2015-2017,Redcar / Teesside,North East England,all,skilled_manual,primary_metals / steel_manufacturing,£25k-£35k est.,"£11k-£15k employer hiring subsidy (age-tiered: £11k under-45, £15k aged 45+); Routes to Work pilot £7.5m (Tees Valley-wide); £46m total government package (announced Oct 2015)","N/A — no UBI operational in UK Oct 2015. Actual baseline safety net: JSA £73.10/wk (adult rate) or £57.90/wk (under-25); ESA (support group) £109.65/wk; UC standard allowance £317.82/month. For model calibration: ubi_level = 0. UBI counterfactuals are simulation scenarios, not historical data.",2070,2017Q3 (22 months post-closure),,,,,,LOW,"QUARTER: 2017Q3 (22 months post-closure, Oct 2 2015).  REDCAR & CLEVELAND LA (E06000003) claimant count: 2965 quarterly avg (baseline 3477; excess vs baseline: -512).  NE LABOUR MARKET (APS Jan 2017-Dec 2017): unemployment 6.2%, employment 70.6%, activity 75.4%.  NE MEDIAN WAGE (ASHE 2017): £504.1/week (£26213/yr). SSI workers earned above NE median (skilled manual, union rates, est. £25k-£35k).  No direct outcome data for this quarter. Use RC LA claimant count trajectory as proxy for still_seeking rate.  outcome_retrain_% and outcome_share_similar_% remain UNKNOWN — DWP microdata required for clean bucket split. outcome_underemployed_% proxy only (area wage data). All area-level data is NOT individual SSI worker tracking.","Nomis claimant count is AREA-LEVEL (Redcar & Cleveland LA or NE ITL1) — not individual SSI worker tracking. SSI dominated local economy so LA-level excess is largely attributable to closure, but non-SSI workers are included. JSA exit ≠ re-employed (workers may move to ESA/UC). Nomis age band 25-49 ≠ model band 25-44. UK training course = 2-day refresher to full vocational qual — not comparable to German Umschulung (1-2yr full requalification). Steel sector ~95% male; gender-disaggregated outcome rates unavailable from public sources.",2017Q3,22,all,2965,3477,-512.1,,,52348,67784,-15436.2,,,6.2,70.6,75.4,Jan 2017-Dec 2017,504.1,26213,2070,,,,,,,,,,,,
redcar_2015,ONS Nomis NM_162_1 / DWP JSA Stats / SSI Task Force,https://www.nomisweb.co.uk/,2015-2017,Redcar / Teesside,North East England,16-24,skilled_manual,primary_metals / steel_manufacturing,£25k-£35k est.,£11k employer hiring subsidy (under-45 tier); Routes to Work pilot £7.5m (Tees Valley-wide); Employer Ownership of Skills pilot; £46m total government package,"N/A — no UBI operational in UK Oct 2015. Actual baseline safety net: JSA £73.10/wk (adult rate) or £57.90/wk (under-25); ESA (support group) £109.65/wk; UC standard allowance £317.82/month. For model calibration: ubi_level = 0. UBI counterfactuals are simulation scenarios, not historical data.",207,2017Q3 (22 months post-closure),,,,,,LOW,"AGE BAND: 16-24. Nomis band used: Aged 16-24 . Estimated SSI workers in this cell: 207 (prior: 10% of 2070).  QUARTER: 2017Q3 (22 months post-closure, Oct 2 2015).  REDCAR & CLEVELAND LA (E06000003) claimant count: 2965 quarterly avg (baseline 3477; excess vs baseline: -512).  RC LA age band claimants: 750 (25.3% of LA total).  NE LABOUR MARKET (APS Jan 2017-Dec 2017): unemployment 6.2%, employment 70.6%, activity 75.4%.  NE MEDIAN WAGE (ASHE 2017): £504.1/week (£26213/yr). SSI workers earned above NE median (skilled manual, union rates, est. £25k-£35k).  No direct outcome data for this quarter. Use RC LA claimant count trajectory as proxy for still_seeking rate.  outcome_retrain_% and outcome_share_similar_% remain UNKNOWN — DWP microdata required for clean bucket split. outcome_underemployed_% proxy only (area wage data). All area-level data is NOT individual SSI worker tracking.","Nomis claimant count is AREA-LEVEL (Redcar & Cleveland LA or NE ITL1) — not individual SSI worker tracking. SSI dominated local economy so LA-level excess is largely attributable to closure, but non-SSI workers are included. JSA exit ≠ re-employed (workers may move to ESA/UC). Nomis age band 25-49 ≠ model band 25-44. UK training course = 2-day refresher to full vocational qual — not comparable to German Umschulung (1-2yr full requalification). Steel sector ~95% male; gender-disaggregated outcome rates unavailable from public sources.",2017Q3,22,all,2965,3477,-512.1,750.0,25.3,52348,67784,-15436.2,,,6.2,70.6,75.4,Jan 2017-Dec 2017,504.1,26213,207,0.1,,,,,,,,,,,
redcar_2015,ONS Nomis NM_162_1 / DWP JSA Stats / SSI Task Force,https://www.nomisweb.co.uk/,2015-2017,Redcar / Teesside,North East England,25-49,skilled_manual,primary_metals / steel_manufacturing,£25k-£35k est.,£11k employer hiring subsidy (under-45 tier); Routes to Work pilot £7.5m (Tees Valley-wide); £46m total government package,"N/A — no UBI operational in UK Oct 2015. Actual baseline safety net: JSA £73.10/wk (adult rate) or £57.90/wk (under-25); ESA (support group) £109.65/wk; UC standard allowance £317.82/month. For model calibration: ubi_level = 0. UBI counterfactuals are simulation scenarios, not historical data.",828,2017Q3 (22 months post-closure),,,,,,LOW,"AGE BAND: 25-49. Nomis band used: Aged 25-49 (NOTE: Nomis uses 25-49, not 25-44 — document mismatch). Estimated SSI workers in this cell: 828 (prior: 40% of 2070).  QUARTER: 2017Q3 (22 months post-closure, Oct 2 2015).  REDCAR & CLEVELAND LA (E06000003) claimant count: 2965 quarterly avg (baseline 3477; excess vs baseline: -512).  RC LA age band claimants: 1520 (51.3% of LA total).  NE LABOUR MARKET (APS Jan 2017-Dec 2017): unemployment 6.2%, employment 70.6%, activity 75.4%.  NE MEDIAN WAGE (ASHE 2017): £504.1/week (£26213/yr). SSI workers earned above NE median (skilled manual, union rates, est. £25k-£35k).  No direct outcome data for this quarter. Use RC LA claimant count trajectory as proxy for still_seeking rate.  outcome_retrain_% and outcome_share_similar_% remain UNKNOWN — DWP microdata required for clean bucket split. outcome_underemployed_% proxy only (area wage data). All area-level data is NOT individual SSI worker tracking.","Nomis claimant count is AREA-LEVEL (Redcar & Cleveland LA or NE ITL1) — not individual SSI worker tracking. SSI dominated local economy so LA-level excess is largely attributable to closure, but non-SSI workers are included. JSA exit ≠ re-employed (workers may move to ESA/UC). Nomis age band 25-49 ≠ model band 25-44. UK training course = 2-day refresher to full vocational qual — not comparable to German Umschulung (1-2yr full requalification). Steel sector ~95% male; gender-disaggregated outcome rates unavailable from public sources.",2017Q3,22,all,2965,3477,-512.1,1520.0,51.3,52348,67784,-15436.2,,,6.2,70.6,75.4,Jan 2017-Dec 2017,504.1,26213,828,0.4,,,,,,,,,,,
redcar_2015,ONS Nomis NM_162_1 / DWP JSA Stats / SSI Task Force,https://www.nomisweb.co.uk/,2015-2017,Redcar / Teesside,North East England,50+,skilled_manual,primary_metals / steel_manufacturing,£25k-£35k est.,"£15k employer hiring subsidy (45+ tier — highest rate, recognising harder-to-place status); Routes to Work pilot £7.5m (Tees Valley-wide); £46m total government package","N/A — no UBI operational in UK Oct 2015. Actual baseline safety net: JSA £73.10/wk (adult rate) or £57.90/wk (under-25); ESA (support group) £109.65/wk; UC standard allowance £317.82/month. For model calibration: ubi_level = 0. UBI counterfactuals are simulation scenarios, not historical data.",1035,2017Q3 (22 months post-closure),,,,,,LOW,"AGE BAND: 50+. Nomis band used: Aged 50+ . Estimated SSI workers in this cell: 1035 (prior: 50% of 2070).  QUARTER: 2017Q3 (22 months post-closure, Oct 2 2015).  REDCAR & CLEVELAND LA (E06000003) claimant count: 2965 quarterly avg (baseline 3477; excess vs baseline: -512).  RC LA age band claimants: 692 (23.4% of LA total).  NE LABOUR MARKET (APS Jan 2017-Dec 2017): unemployment 6.2%, employment 70.6%, activity 75.4%.  NE MEDIAN WAGE (ASHE 2017): £504.1/week (£26213/yr). SSI workers earned above NE median (skilled manual, union rates, est. £25k-£35k).  No direct outcome data for this quarter. Use RC LA claimant count trajectory as proxy for still_seeking rate.  outcome_retrain_% and outcome_share_similar_% remain UNKNOWN — DWP microdata required for clean bucket split. outcome_underemployed_% proxy only (area wage data). All area-level data is NOT individual SSI worker tracking.","Nomis claimant count is AREA-LEVEL (Redcar & Cleveland LA or NE ITL1) — not individual SSI worker tracking. SSI dominated local economy so LA-level excess is largely attributable to closure, but non-SSI workers are included. JSA exit ≠ re-employed (workers may move to ESA/UC). Nomis age band 25-49 ≠ model band 25-44. UK training course = 2-day refresher to full vocational qual — not comparable to German Umschulung (1-2yr full requalification). Steel sector ~95% male; gender-disaggregated outcome rates unavailable from public sources.",2017Q3,22,all,2965,3477,-512.1,692.0,23.4,52348,67784,-15436.2,,,6.2,70.6,75.4,Jan 2017-Dec 2017,504.1,26213,1035,0.5,,,,,,,,,,,
redcar_2015,ONS Nomis NM_162_1 / DWP JSA Stats / SSI Task Force,https://www.nomisweb.co.uk/,2015-2017,Redcar / Teesside,North East England,16-24,skilled_manual,primary_metals / steel_manufacturing,£25k-£35k est.,£11k employer hiring subsidy (under-45 tier); Routes to Work pilot £7.5m (Tees Valley-wide); Employer Ownership of Skills pilot; £46m total government package,"N/A — no UBI operational in UK Oct 2015. Actual baseline safety net: JSA £73.10/wk (adult rate) or £57.90/wk (under-25); ESA (support group) £109.65/wk; UC standard allowance £317.82/month. For model calibration: ubi_level = 0. UBI counterfactuals are simulation scenarios, not historical data.",197,2017Q3 (22 months post-closure),,,,,,LOW,"AGE BAND: 16-24. Nomis band used: Aged 16-24 . Estimated SSI workers in this cell: 197 (prior: 10% of 2070).  GENDER: male. Prior: 95% of SSI workforce (UK steel industry statistic, not SSI-specific microdata).  QUARTER: 2017Q3 (22 months post-closure, Oct 2 2015).  REDCAR & CLEVELAND LA (E06000003) claimant count: 2965 quarterly avg (baseline 3477; excess vs baseline: -512).  RC LA age band claimants: 750 (25.3% of LA total).  NE ITL1 gender claimants in this age band: 7802 (65.7% of NE age-band total). NOTE: NE gender split mixes steel and non-steel workers. SSI gender prior (95% male) used for ssi_est_workers_this_cell instead.  NE LABOUR MARKET (APS Jan 2017-Dec 2017): unemployment 6.2%, employment 70.6%, activity 75.4%.  NE MEDIAN WAGE (ASHE 2017): £504.1/week (£26213/yr). SSI workers earned above NE median (skilled manual, union rates, est. £25k-£35k).  No direct outcome data for this quarter. Use RC LA claimant count trajectory as proxy for still_seeking rate.  outcome_retrain_% and outcome_share_similar_% remain UNKNOWN — DWP microdata required for clean bucket split. outcome_underemployed_% proxy only (area wage data). All area-level data is NOT individual SSI worker tracking.","Nomis claimant count is AREA-LEVEL (Redcar & Cleveland LA or NE ITL1) — not individual SSI worker tracking. SSI dominated local economy so LA-level excess is largely attributable to closure, but non-SSI workers are included. JSA exit ≠ re-employed (workers may move to ESA/UC). Nomis age band 25-49 ≠ model band 25-44. UK training course = 2-day refresher to full vocational qual — not comparable to German Umschulung (1-2yr full requalification). Steel sector ~95% male; gender-disaggregated outcome rates unavailable from public sources.",2017Q3,22,male,2965,3477,-512.1,750.0,25.3,52348,67784,-15436.2,7802.0,65.7,6.2,70.6,75.4,Jan 2017-Dec 2017,504.1,26213,197,0.1,0.95,,,,,,,,,,
redcar_2015,ONS Nomis NM_162_1 / DWP JSA Stats / SSI Task Force,https://www.nomisweb.co.uk/,2015-2017,Redcar / Teesside,North East England,16-24,skilled_manual,primary_metals / steel_manufacturing,£25k-£35k est.,£11k employer hiring subsidy (under-45 tier); Routes to Work pilot £7.5m (Tees Valley-wide); Employer Ownership of Skills pilot; £46m total government package,"N/A — no UBI operational in UK Oct 2015. Actual baseline safety net: JSA £73.10/wk (adult rate) or £57.90/wk (under-25); ESA (support group) £109.65/wk; UC standard allowance £317.82/month. For model calibration: ubi_level = 0. UBI counterfactuals are simulation scenarios, not historical data.",10,2017Q3 (22 months post-closure),,,,,,LOW,"AGE BAND: 16-24. Nomis band used: Aged 16-24 . Estimated SSI workers in this cell: 10 (prior: 10% of 2070).  GENDER: female. Prior: 5% of SSI workforce (UK steel industry statistic, not SSI-specific microdata).  QUARTER: 2017Q3 (22 months post-closure, Oct 2 2015).  REDCAR & CLEVELAND LA (E06000003) claimant count: 2965 quarterly avg (baseline 3477; excess vs baseline: -512).  RC LA age band claimants: 750 (25.3% of LA total).  NE ITL1 gender claimants in this age band: 4075 (34.3% of NE age-band total). NOTE: NE gender split mixes steel and non-steel workers. SSI gender prior (95% male) used for ssi_est_workers_this_cell instead.  NE LABOUR MARKET (APS Jan 2017-Dec 2017): unemployment 6.2%, employment 70.6%, activity 75.4%.  NE MEDIAN WAGE (ASHE 2017): £504.1/week (£26213/yr). SSI workers earned above NE median (skilled manual, union rates, est. £25k-£35k).  No direct outcome data for this quarter. Use RC LA claimant count trajectory as proxy for still_seeking rate.  outcome_retrain_% and outcome_share_similar_% remain UNKNOWN — DWP microdata required for clean bucket split. outcome_underemployed_% proxy only (area wage data). All area-level data is NOT individual SSI worker tracking.","Nomis claimant count is AREA-LEVEL (Redcar & Cleveland LA or NE ITL1) — not individual SSI worker tracking. SSI dominated local economy so LA-level excess is largely attributable to closure, but non-SSI workers are included. JSA exit ≠ re-employed (workers may move to ESA/UC). Nomis age band 25-49 ≠ model band 25-44. UK training course = 2-day refresher to full vocational qual — not comparable to German Umschulung (1-2yr full requalification). Steel sector ~95% male; gender-disaggregated outcome rates unavailable from public sources.",2017Q3,22,female,2965,3477,-512.1,750.0,25.3,52348,67784,-15436.2,4075.0,34.3,6.2,70.6,75.4,Jan 2017-Dec 2017,504.1,26213,10,0.1,0.05,,,,,,,,,,
redcar_2015,ONS Nomis NM_162_1 / DWP JSA Stats / SSI Task Force,https://www.nomisweb.co.uk/,2015-2017,Redcar / Teesside,North East England,25-49,skilled_manual,primary_metals / steel_manufacturing,£25k-£35k est.,£11k employer hiring subsidy (under-45 tier); Routes to Work pilot £7.5m (Tees Valley-wide); £46m total government package,"N/A — no UBI operational in UK Oct 2015. Actual baseline safety net: JSA £73.10/wk (adult rate) or £57.90/wk (under-25); ESA (support group) £109.65/wk; UC standard allowance £317.82/month. For model calibration: ubi_level = 0. UBI counterfactuals are simulation scenarios, not historical data.",787,2017Q3 (22 months post-closure),,,,,,LOW,"AGE BAND: 25-49. Nomis band used: Aged 25-49 (NOTE: Nomis uses 25-49, not 25-44 — document mismatch). Estimated SSI workers in this cell: 787 (prior: 40% of 2070).  GENDER: male. Prior: 95% of SSI workforce (UK steel industry statistic, not SSI-specific microdata).  QUARTER: 2017Q3 (22 months post-closure, Oct 2 2015).  REDCAR & CLEVELAND LA (E06000003) claimant count: 2965 quarterly avg (baseline 3477; excess vs baseline: -512).  RC LA age band claimants: 1520 (51.3% of LA total).  NE ITL1 gender claimants in this age band: 17755 (64.8% of NE age-band total). NOTE: NE gender split mixes steel and non-steel workers. SSI gender prior (95% male) used for ssi_est_workers_this_cell instead.  NE LABOUR MARKET (APS Jan 2017-Dec 2017): unemployment 6.2%, employment 70.6%, activity 75.4%.  NE MEDIAN WAGE (ASHE 2017): £504.1/week (£26213/yr). SSI workers earned above NE median (skilled manual, union rates, est. £25k-£35k).  No direct outcome data for this quarter. Use RC LA claimant count trajectory as proxy for still_seeking rate.  outcome_retrain_% and outcome_share_similar_% remain UNKNOWN — DWP microdata required for clean bucket split. outcome_underemployed_% proxy only (area wage data). All area-level data is NOT individual SSI worker tracking.","Nomis claimant count is AREA-LEVEL (Redcar & Cleveland LA or NE ITL1) — not individual SSI worker tracking. SSI dominated local economy so LA-level excess is largely attributable to closure, but non-SSI workers are included. JSA exit ≠ re-employed (workers may move to ESA/UC). Nomis age band 25-49 ≠ model band 25-44. UK training course = 2-day refresher to full vocational qual — not comparable to German Umschulung (1-2yr full requalification). Steel sector ~95% male; gender-disaggregated outcome rates unavailable from public sources.",2017Q3,22,male,2965,3477,-512.1,1520.0,51.3,52348,67784,-15436.2,17755.0,64.8,6.2,70.6,75.4,Jan 2017-Dec 2017,504.1,26213,787,0.4,0.95,,,,,,,,,,
redcar_2015,ONS Nomis NM_162_1 / DWP JSA Stats / SSI Task Force,https://www.nomisweb.co.uk/,2015-2017,Redcar / Teesside,North East England,25-49,skilled_manual,primary_metals / steel_manufacturing,£25k-£35k est.,£11k employer hiring subsidy (under-45 tier); Routes to Work pilot £7.5m (Tees Valley-wide); £46m total government package,"N/A — no UBI operational in UK Oct 2015. Actual baseline safety net: JSA £73.10/wk (adult rate) or £57.90/wk (under-25); ESA (support group) £109.65/wk; UC standard allowance £317.82/month. For model calibration: ubi_level = 0. UBI counterfactuals are simulation scenarios, not historical data.",41,2017Q3 (22 months post-closure),,,,,,LOW,"AGE BAND: 25-49. Nomis band used: Aged 25-49 (NOTE: Nomis uses 25-49, not 25-44 — document mismatch). Estimated SSI workers in this cell: 41 (prior: 40% of 2070).  GENDER: female. Prior: 5% of SSI workforce (UK steel industry statistic, not SSI-specific microdata).  QUARTER: 2017Q3 (22 months post-closure, Oct 2 2015).  REDCAR & CLEVELAND LA (E06000003) claimant count: 2965 quarterly avg (baseline 3477; excess vs baseline: -512).  RC LA age band claimants: 1520 (51.3% of LA total).  NE ITL1 gender claimants in this age band: 9638 (35.2% of NE age-band total). NOTE: NE gender split mixes steel and non-steel workers. SSI gender prior (95% male) used for ssi_est_workers_this_cell instead.  NE LABOUR MARKET (APS Jan 2017-Dec 2017): unemployment 6.2%, employment 70.6%, activity 75.4%.  NE MEDIAN WAGE (ASHE 2017): £504.1/week (£26213/yr). SSI workers earned above NE median (skilled manual, union rates, est. £25k-£35k).  No direct outcome data for this quarter. Use RC LA claimant count trajectory as proxy for still_seeking rate.  outcome_retrain_% and outcome_share_similar_% remain UNKNOWN — DWP microdata required for clean bucket split. outcome_underemployed_% proxy only (area wage data). All area-level data is NOT individual SSI worker tracking.","Nomis claimant count is AREA-LEVEL (Redcar & Cleveland LA or NE ITL1) — not individual SSI worker tracking. SSI dominated local economy so LA-level excess is largely attributable to closure, but non-SSI workers are included. JSA exit ≠ re-employed (workers may move to ESA/UC). Nomis age band 25-49 ≠ model band 25-44. UK training course = 2-day refresher to full vocational qual — not comparable to German Umschulung (1-2yr full requalification). Steel sector ~95% male; gender-disaggregated outcome rates unavailable from public sources.",2017Q3,22,female,2965,3477,-512.1,1520.0,51.3,52348,67784,-15436.2,9638.0,35.2,6.2,70.6,75.4,Jan 2017-Dec 2017,504.1,26213,41,0.4,0.05,,,,,,,,,,
redcar_2015,ONS Nomis NM_162_1 / DWP JSA Stats / SSI Task Force,https://www.nomisweb.co.uk/,2015-2017,Redcar / Teesside,North East England,50+,skilled_manual,primary_metals / steel_manufacturing,£25k-£35k est.,"£15k employer hiring subsidy (45+ tier — highest rate, recognising harder-to-place status); Routes to Work pilot £7.5m (Tees Valley-wide); £46m total government package","N/A — no UBI operational in UK Oct 2015. Actual baseline safety net: JSA £73.10/wk (adult rate) or £57.90/wk (under-25); ESA (support group) £109.65/wk; UC standard allowance £317.82/month. For model calibration: ubi_level = 0. UBI counterfactuals are simulation scenarios, not historical data.",983,2017Q3 (22 months post-closure),,,,,,LOW,"AGE BAND: 50+. Nomis band used: Aged 50+ . Estimated SSI workers in this cell: 983 (prior: 50% of 2070).  GENDER: male. Prior: 95% of SSI workforce (UK steel industry statistic, not SSI-specific microdata).  QUARTER: 2017Q3 (22 months post-closure, Oct 2 2015).  REDCAR & CLEVELAND LA (E06000003) claimant count: 2965 quarterly avg (baseline 3477; excess vs baseline: -512).  RC LA age band claimants: 692 (23.4% of LA total).  NE ITL1 gender claimants in this age band: 8118 (62.2% of NE age-band total). NOTE: NE gender split mixes steel and non-steel workers. SSI gender prior (95% male) used for ssi_est_workers_this_cell instead.  NE LABOUR MARKET (APS Jan 2017-Dec 2017): unemployment 6.2%, employment 70.6%, activity 75.4%.  NE MEDIAN WAGE (ASHE 2017): £504.1/week (£26213/yr). SSI workers earned above NE median (skilled manual, union rates, est. £25k-£35k).  No direct outcome data for this quarter. Use RC LA claimant count trajectory as proxy for still_seeking rate.  outcome_retrain_% and outcome_share_similar_% remain UNKNOWN — DWP microdata required for clean bucket split. outcome_underemployed_% proxy only (area wage data). All area-level data is NOT individual SSI worker tracking.","Nomis claimant count is AREA-LEVEL (Redcar & Cleveland LA or NE ITL1) — not individual SSI worker tracking. SSI dominated local economy so LA-level excess is largely attributable to closure, but non-SSI workers are included. JSA exit ≠ re-employed (workers may move to ESA/UC). Nomis age band 25-49 ≠ model band 25-44. UK training course = 2-day refresher to full vocational qual — not comparable to German Umschulung (1-2yr full requalification). Steel sector ~95% male; gender-disaggregated outcome rates unavailable from public sources.",2017Q3,22,male,2965,3477,-512.1,692.0,23.4,52348,67784,-15436.2,8118.0,62.2,6.2,70.6,75.4,Jan 2017-Dec 2017,504.1,26213,983,0.5,0.95,,,,,,,,,,
redcar_2015,ONS Nomis NM_162_1 / DWP JSA Stats / SSI Task Force,https://www.nomisweb.co.uk/,2015-2017,Redcar / Teesside,North East England,50+,skilled_manual,primary_metals / steel_manufacturing,£25k-£35k est.,"£15k employer hiring subsidy (45+ tier — highest rate, recognising harder-to-place status); Routes to Work pilot £7.5m (Tees Valley-wide); £46m total government package","N/A — no UBI operational in UK Oct 2015. Actual baseline safety net: JSA £73.10/wk (adult rate) or £57.90/wk (under-25); ESA (support group) £109.65/wk; UC standard allowance £317.82/month. For model calibration: ubi_level = 0. UBI counterfactuals are simulation scenarios, not historical data.",52,2017Q3 (22 months post-closure),,,,,,LOW,"AGE BAND: 50+. Nomis band used: Aged 50+ . Estimated SSI workers in this cell: 52 (prior: 50% of 2070).  GENDER: female. Prior: 5% of SSI workforce (UK steel industry statistic, not SSI-specific microdata).  QUARTER: 2017Q3 (22 months post-closure, Oct 2 2015).  REDCAR & CLEVELAND LA (E06000003) claimant count: 2965 quarterly avg (baseline 3477; excess vs baseline: -512).  RC LA age band claimants: 692 (23.4% of LA total).  NE ITL1 gender claimants in this age band: 4940 (37.8% of NE age-band total). NOTE: NE gender split mixes steel and non-steel workers. SSI gender prior (95% male) used for ssi_est_workers_this_cell instead.  NE LABOUR MARKET (APS Jan 2017-Dec 2017): unemployment 6.2%, employment 70.6%, activity 75.4%.  NE MEDIAN WAGE (ASHE 2017): £504.1/week (£26213/yr). SSI workers earned above NE median (skilled manual, union rates, est. £25k-£35k).  No direct outcome data for this quarter. Use RC LA claimant count trajectory as proxy for still_seeking rate.  outcome_retrain_% and outcome_share_similar_% remain UNKNOWN — DWP microdata required for clean bucket split. outcome_underemployed_% proxy only (area wage data). All area-level data is NOT individual SSI worker tracking.","Nomis claimant count is AREA-LEVEL (Redcar & Cleveland LA or NE ITL1) — not individual SSI worker tracking. SSI dominated local economy so LA-level excess is largely attributable to closure, but non-SSI workers are included. JSA exit ≠ re-employed (workers may move to ESA/UC). Nomis age band 25-49 ≠ model band 25-44. UK training course = 2-day refresher to full vocational qual — not comparable to German Umschulung (1-2yr full requalification). Steel sector ~95% male; gender-disaggregated outcome rates unavailable from public sources.",2017Q3,22,female,2965,3477,-512.1,692.0,23.4,52348,67784,-15436.2,4940.0,37.8,6.2,70.6,75.4,Jan 2017-Dec 2017,504.1,26213,52,0.5,0.05,,,,,,,,,,
redcar_2015,ONS Nomis NM_162_1 / DWP JSA Stats / SSI Task Force,https://www.nomisweb.co.uk/,2015-2017,Redcar / Teesside,North East England,all,low_skilled,primary_metals / steel_manufacturing,<£20k,"£11k-£15k employer hiring subsidy (age-tiered: £11k under-45, £15k aged 45+); Routes to Work pilot £7.5m (Tees Valley-wide); £46m total government package (announced Oct 2015)","N/A — no UBI operational in UK Oct 2015. Actual baseline safety net: JSA £73.10/wk (adult rate) or £57.90/wk (under-25); ESA (support group) £109.65/wk; UC standard allowance £317.82/month. For model calibration: ubi_level = 0. UBI counterfactuals are simulation scenarios, not historical data.",104,2017Q3 (22 months post-closure),6.0,9.0,48.0,36.0,1.0,ESTIMATED_LOW,"INCOME BAND: <£20k. Semi-skilled process support, admin, cleaners. ASHE NE p10 (£288/wk=£15k/yr). Lowest-paid SSI cohort. Estimated 5% of workforce — LOW confidence. Outcome adjustments vs £25k-£35k baseline: retrain -2pp, share_similar -6pp, underemployed +3pp, exit +6pp, still_seeking -1pp. Source: China Shock ADH (low-wage→exit/underemployed; high-wage→share_similar) + Hartz re-employment wage analysis. All income-band outcomes ESTIMATED_LOW.  QUARTER: 2017Q3 (22 months post-closure, Oct 2 2015).  REDCAR & CLEVELAND LA (E06000003) claimant count: 2965 quarterly avg (baseline 3477; excess vs baseline: -512).  NE LABOUR MARKET (APS Jan 2017-Dec 2017): unemployment 6.2%, employment 70.6%, activity 75.4%.  NE MEDIAN WAGE (ASHE 2017): £504.1/week (£26213/yr). SSI workers earned above NE median (skilled manual, union rates, est. £25k-£35k).  No direct outcome data for this quarter. Use RC LA claimant count trajectory as proxy for still_seeking rate.  outcome_retrain_% and outcome_share_similar_% remain UNKNOWN — DWP microdata required for clean bucket split. outcome_underemployed_% proxy only (area wage data). All area-level data is NOT individual SSI worker tracking.","Nomis claimant count is AREA-LEVEL (Redcar & Cleveland LA or NE ITL1) — not individual SSI worker tracking. SSI dominated local economy so LA-level excess is largely attributable to closure, but non-SSI workers are included. JSA exit ≠ re-employed (workers may move to ESA/UC). Nomis age band 25-49 ≠ model band 25-44. UK training course = 2-day refresher to full vocational qual — not comparable to German Umschulung (1-2yr full requalification). Steel sector ~95% male; gender-disaggregated outcome rates unavailable from public sources.",2017Q3,22,all,2965,3477,-512.1,,,52348,67784,-15436.2,,,6.2,70.6,75.4,Jan 2017-Dec 2017,504.1,26213,104,,,,,,,,,,,,
redcar_2015,ONS Nomis NM_162_1 / DWP JSA Stats / SSI Task Force,https://www.nomisweb.co.uk/,2015-2017,Redcar / Teesside,North East England,all,skilled_manual,primary_metals / steel_manufacturing,£20k-£25k,"£11k-£15k employer hiring subsidy (age-tiered: £11k under-45, £15k aged 45+); Routes to Work pilot £7.5m (Tees Valley-wide); £46m total government package (announced Oct 2015)","N/A — no UBI operational in UK Oct 2015. Actual baseline safety net: JSA £73.10/wk (adult rate) or £57.90/wk (under-25); ESA (support group) £109.65/wk; UC standard allowance £317.82/month. For model calibration: ubi_level = 0. UBI counterfactuals are simulation scenarios, not historical data.",310,2017Q3 (22 months post-closure),7.0,11.0,47.0,34.0,1.0,ESTIMATED_LOW,"INCOME BAND: £20k-£25k. Semi-skilled process operators, junior technicians. ASHE NE p25-median range (£359-£486/wk). Estimated 15% of workforce — LOW confidence. Outcome adjustments vs £25k-£35k baseline: retrain -1pp, share_similar -4pp, underemployed +2pp, exit +4pp, still_seeking -1pp. Source: China Shock ADH (low-wage→exit/underemployed; high-wage→share_similar) + Hartz re-employment wage analysis. All income-band outcomes ESTIMATED_LOW.  QUARTER: 2017Q3 (22 months post-closure, Oct 2 2015).  REDCAR & CLEVELAND LA (E06000003) claimant count: 2965 quarterly avg (baseline 3477; excess vs baseline: -512).  NE LABOUR MARKET (APS Jan 2017-Dec 2017): unemployment 6.2%, employment 70.6%, activity 75.4%.  NE MEDIAN WAGE (ASHE 2017): £504.1/week (£26213/yr). SSI workers earned above NE median (skilled manual, union rates, est. £25k-£35k).  No direct outcome data for this quarter. Use RC LA claimant count trajectory as proxy for still_seeking rate.  outcome_retrain_% and outcome_share_similar_% remain UNKNOWN — DWP microdata required for clean bucket split. outcome_underemployed_% proxy only (area wage data). All area-level data is NOT individual SSI worker tracking.","Nomis claimant count is AREA-LEVEL (Redcar & Cleveland LA or NE ITL1) — not individual SSI worker tracking. SSI dominated local economy so LA-level excess is largely attributable to closure, but non-SSI workers are included. JSA exit ≠ re-employed (workers may move to ESA/UC). Nomis age band 25-49 ≠ model band 25-44. UK training course = 2-day refresher to full vocational qual — not comparable to German Umschulung (1-2yr full requalification). Steel sector ~95% male; gender-disaggregated outcome rates unavailable from public sources.",2017Q3,22,all,2965,3477,-512.1,,,52348,67784,-15436.2,,,6.2,70.6,75.4,Jan 2017-Dec 2017,504.1,26213,310,,,,,,,,,,,,
redcar_2015,ONS Nomis NM_162_1 / DWP JSA Stats / SSI Task Force,https://www.nomisweb.co.uk/,2015-2017,Redcar / Teesside,North East England,all,skilled_manual,primary_metals / steel_manufacturing,£25k-£35k,"£11k-£15k employer hiring subsidy (age-tiered: £11k under-45, £15k aged 45+); Routes to Work pilot £7.5m (Tees Valley-wide); £46m total government package (announced Oct 2015)","N/A — no UBI operational in UK Oct 2015. Actual baseline safety net: JSA £73.10/wk (adult rate) or £57.90/wk (under-25); ESA (support group) £109.65/wk; UC standard allowance £317.82/month. For model calibration: ubi_level = 0. UBI counterfactuals are simulation scenarios, not historical data.",1138,2017Q3 (22 months post-closure),8.0,15.0,45.0,30.0,,LOW,"INCOME BAND: £25k-£35k. Skilled process operators, blast furnace operators. ASHE NE median-p75 range (£486-£679/wk). PRIMARY ESTIMATE — majority of SSI workforce. All aggregate anchors (25% still-seeking, 93% off benefits) apply directly. Outcome adjustments vs £25k-£35k baseline: retrain +0pp, share_similar +0pp, underemployed +0pp, exit +0pp, still_seeking +0pp. Source: China Shock ADH (low-wage→exit/underemployed; high-wage→share_similar) + Hartz re-employment wage analysis. All income-band outcomes ESTIMATED_LOW.  QUARTER: 2017Q3 (22 months post-closure, Oct 2 2015).  REDCAR & CLEVELAND LA (E06000003) claimant count: 2965 quarterly avg (baseline 3477; excess vs baseline: -512).  NE LABOUR MARKET (APS Jan 2017-Dec 2017): unemployment 6.2%, employment 70.6%, activity 75.4%.  NE MEDIAN WAGE (ASHE 2017): £504.1/week (£26213/yr). SSI workers earned above NE median (skilled manual, union rates, est. £25k-£35k).  No direct outcome data for this quarter. Use RC LA claimant count trajectory as proxy for still_seeking rate.  outcome_retrain_% and outcome_share_similar_% remain UNKNOWN — DWP microdata required for clean bucket split. outcome_underemployed_% proxy only (area wage data). All area-level data is NOT individual SSI worker tracking.","Nomis claimant count is AREA-LEVEL (Redcar & Cleveland LA or NE ITL1) — not individual SSI worker tracking. SSI dominated local economy so LA-level excess is largely attributable to closure, but non-SSI workers are included. JSA exit ≠ re-employed (workers may move to ESA/UC). Nomis age band 25-49 ≠ model band 25-44. UK training course = 2-day refresher to full vocational qual — not comparable to German Umschulung (1-2yr full requalification). Steel sector ~95% male; gender-disaggregated outcome rates unavailable from public sources.",2017Q3,22,all,2965,3477,-512.1,,,52348,67784,-15436.2,,,6.2,70.6,75.4,Jan 2017-Dec 2017,504.1,26213,1138,,,,,,,,,,,,
redcar_2015,ONS Nomis NM_162_1 / DWP JSA Stats / SSI Task Force,https://www.nomisweb.co.uk/,2015-2017,Redcar / Teesside,North East England,all,skilled_manual,primary_metals / steel_manufacturing,£35k-£50k,"£11k-£15k employer hiring subsidy (age-tiered: £11k under-45, £15k aged 45+); Routes to Work pilot £7.5m (Tees Valley-wide); £46m total government package (announced Oct 2015)","N/A — no UBI operational in UK Oct 2015. Actual baseline safety net: JSA £73.10/wk (adult rate) or £57.90/wk (under-25); ESA (support group) £109.65/wk; UC standard allowance £317.82/month. For model calibration: ubi_level = 0. UBI counterfactuals are simulation scenarios, not historical data.",414,2017Q3 (22 months post-closure),9.0,22.0,39.0,26.0,4.0,ESTIMATED_LOW,"INCOME BAND: £35k-£50k. Senior operators, shift supervisors, maintenance engineers, technicians. ASHE NE p75-p90 range (£679-£882/wk). Estimated 20% of workforce — LOW confidence. Outcome adjustments vs £25k-£35k baseline: retrain +1pp, share_similar +7pp, underemployed -6pp, exit -4pp, still_seeking +2pp. Source: China Shock ADH (low-wage→exit/underemployed; high-wage→share_similar) + Hartz re-employment wage analysis. All income-band outcomes ESTIMATED_LOW.  QUARTER: 2017Q3 (22 months post-closure, Oct 2 2015).  REDCAR & CLEVELAND LA (E06000003) claimant count: 2965 quarterly avg (baseline 3477; excess vs baseline: -512).  NE LABOUR MARKET (APS Jan 2017-Dec 2017): unemployment 6.2%, employment 70.6%, activity 75.4%.  NE MEDIAN WAGE (ASHE 2017): £504.1/week (£26213/yr). SSI workers earned above NE median (skilled manual, union rates, est. £25k-£35k).  No direct outcome data for this quarter. Use RC LA claimant count trajectory as proxy for still_seeking rate.  outcome_retrain_% and outcome_share_similar_% remain UNKNOWN — DWP microdata required for clean bucket split. outcome_underemployed_% proxy only (area wage data). All area-level data is NOT individual SSI worker tracking.","Nomis claimant count is AREA-LEVEL (Redcar & Cleveland LA or NE ITL1) — not individual SSI worker tracking. SSI dominated local economy so LA-level excess is largely attributable to closure, but non-SSI workers are included. JSA exit ≠ re-employed (workers may move to ESA/UC). Nomis age band 25-49 ≠ model band 25-44. UK training course = 2-day refresher to full vocational qual — not comparable to German Umschulung (1-2yr full requalification). Steel sector ~95% male; gender-disaggregated outcome rates unavailable from public sources.",2017Q3,22,all,2965,3477,-512.1,,,52348,67784,-15436.2,,,6.2,70.6,75.4,Jan 2017-Dec 2017,504.1,26213,414,,,,,,,,,,,,
redcar_2015,ONS Nomis NM_162_1 / DWP JSA Stats / SSI Task Force,https://www.nomisweb.co.uk/,2015-2017,Redcar / Teesside,North East England,all,professional,primary_metals / steel_manufacturing,£50k+,"£11k-£15k employer hiring subsidy (age-tiered: £11k under-45, £15k aged 45+); Routes to Work pilot £7.5m (Tees Valley-wide); £46m total government package (announced Oct 2015)","N/A — no UBI operational in UK Oct 2015. Actual baseline safety net: JSA £73.10/wk (adult rate) or £57.90/wk (under-25); ESA (support group) £109.65/wk; UC standard allowance £317.82/month. For model calibration: ubi_level = 0. UBI counterfactuals are simulation scenarios, not historical data.",104,2017Q3 (22 months post-closure),7.0,30.0,31.0,24.0,8.0,ESTIMATED_LOW,"INCOME BAND: £50k+. Plant management, senior engineers, operations managers. Above ASHE NE p90 (£882/wk=£45.9k/yr). Estimated 5% of workforce — LOW confidence. Likely had enhanced redundancy packages separate from main SSI terms. Outcome adjustments vs £25k-£35k baseline: retrain -1pp, share_similar +15pp, underemployed -14pp, exit -6pp, still_seeking +6pp. Source: China Shock ADH (low-wage→exit/underemployed; high-wage→share_similar) + Hartz re-employment wage analysis. All income-band outcomes ESTIMATED_LOW.  QUARTER: 2017Q3 (22 months post-closure, Oct 2 2015).  REDCAR & CLEVELAND LA (E06000003) claimant count: 2965 quarterly avg (baseline 3477; excess vs baseline: -512).  NE LABOUR MARKET (APS Jan 2017-Dec 2017): unemployment 6.2%, employment 70.6%, activity 75.4%.  NE MEDIAN WAGE (ASHE 2017): £504.1/week (£26213/yr). SSI workers earned above NE median (skilled manual, union rates, est. £25k-£35k).  No direct outcome data for this quarter. Use RC LA claimant count trajectory as proxy for still_seeking rate.  outcome_retrain_% and outcome_share_similar_% remain UNKNOWN — DWP microdata required for clean bucket split. outcome_underemployed_% proxy only (area wage data). All area-level data is NOT individual SSI worker tracking.","Nomis claimant count is AREA-LEVEL (Redcar & Cleveland LA or NE ITL1) — not individual SSI worker tracking. SSI dominated local economy so LA-level excess is largely attributable to closure, but non-SSI workers are included. JSA exit ≠ re-employed (workers may move to ESA/UC). Nomis age band 25-49 ≠ model band 25-44. UK training course = 2-day refresher to full vocational qual — not comparable to German Umschulung (1-2yr full requalification). Steel sector ~95% male; gender-disaggregated outcome rates unavailable from public sources.",2017Q3,22,all,2965,3477,-512.1,,,52348,67784,-15436.2,,,6.2,70.6,75.4,Jan 2017-Dec 2017,504.1,26213,104,,,,,,,,,,,,
redcar_2015,Teesside Live Sept 2025; Evidently Substack (Tees Valley CA data),https://evidently.substack.com/p/3-lessons-from-redcar-steelworks,2015-2017,Redcar / Teesside,North East England,all,skilled_manual,primary_metals / steel_manufacturing,£25k-£35k est.,"£11k-£15k employer hiring subsidy (age-tiered: £11k under-45, £15k aged 45+); Routes to Work pilot £7.5m (Tees Valley-wide); £46m total government package (announced Oct 2015)","N/A — no UBI operational in UK Oct 2015. Actual baseline safety net: JSA £73.10/wk (adult rate) or £57.90/wk (under-25); ESA (support group) £109.65/wk; UC standard allowance £317.82/month. For model calibration: ubi_level = 0. UBI counterfactuals are simulation scenarios, not historical data.",2070,2017Q4 (25 months post-closure),,15.2,,,,MEDIUM,"QUARTER: 2017Q4 (25 months post-closure, Oct 2 2015).  REDCAR & CLEVELAND LA (E06000003) claimant count: 2845 quarterly avg (baseline 3477; excess vs baseline: -632).  NE LABOUR MARKET (APS Apr 2017-Mar 2018): unemployment 5.5%, employment 71.1%, activity 75.2%.  NE MEDIAN WAGE (ASHE 2017): £504.1/week (£26213/yr). SSI workers earned above NE median (skilled manual, union rates, est. £25k-£35k).  UNDEREMPLOYMENT PROXY: area wages -0.5% real 2015-2017 vs +1.6% rest of NE (2.1pp gap). Manual jobs share: 10.0% → 8.0% of local employment (occupational downshift into lower-paid service jobs). Claimant count returned to pre-closure baseline ~Oct 2017 (2-year recovery).  outcome_retrain_% and outcome_share_similar_% remain UNKNOWN — DWP microdata required for clean bucket split. outcome_underemployed_% proxy only (area wage data). All area-level data is NOT individual SSI worker tracking.","Nomis claimant count is AREA-LEVEL (Redcar & Cleveland LA or NE ITL1) — not individual SSI worker tracking. SSI dominated local economy so LA-level excess is largely attributable to closure, but non-SSI workers are included. JSA exit ≠ re-employed (workers may move to ESA/UC). Nomis age band 25-49 ≠ model band 25-44. UK training course = 2-day refresher to full vocational qual — not comparable to German Umschulung (1-2yr full requalification). Steel sector ~95% male; gender-disaggregated outcome rates unavailable from public sources.",2017Q4,25,all,2845,3477,-632.1,,,53145,67784,-14639.5,,,5.5,71.1,75.2,Apr 2017-Mar 2018,504.1,26213,2070,,,,,,15.2,315.0,,-0.5,1.6,10.0,8.0
redcar_2015,Teesside Live Sept 2025; Evidently Substack (Tees Valley CA data),https://evidently.substack.com/p/3-lessons-from-redcar-steelworks,2015-2017,Redcar / Teesside,North East England,16-24,skilled_manual,primary_metals / steel_manufacturing,£25k-£35k est.,£11k employer hiring subsidy (under-45 tier); Routes to Work pilot £7.5m (Tees Valley-wide); Employer Ownership of Skills pilot; £46m total government package,"N/A — no UBI operational in UK Oct 2015. Actual baseline safety net: JSA £73.10/wk (adult rate) or £57.90/wk (under-25); ESA (support group) £109.65/wk; UC standard allowance £317.82/month. For model calibration: ubi_level = 0. UBI counterfactuals are simulation scenarios, not historical data.",207,2017Q4 (25 months post-closure),,15.2,,,,MEDIUM,"AGE BAND: 16-24. Nomis band used: Aged 16-24 . Estimated SSI workers in this cell: 207 (prior: 10% of 2070).  QUARTER: 2017Q4 (25 months post-closure, Oct 2 2015).  REDCAR & CLEVELAND LA (E06000003) claimant count: 2845 quarterly avg (baseline 3477; excess vs baseline: -632).  RC LA age band claimants: 723 (25.4% of LA total).  NE LABOUR MARKET (APS Apr 2017-Mar 2018): unemployment 5.5%, employment 71.1%, activity 75.2%.  NE MEDIAN WAGE (ASHE 2017): £504.1/week (£26213/yr). SSI workers earned above NE median (skilled manual, union rates, est. £25k-£35k).  UNDEREMPLOYMENT PROXY: area wages -0.5% real 2015-2017 vs +1.6% rest of NE (2.1pp gap). Manual jobs share: 10.0% → 8.0% of local employment (occupational downshift into lower-paid service jobs). Claimant count returned to pre-closure baseline ~Oct 2017 (2-year recovery).  outcome_retrain_% and outcome_share_similar_% remain UNKNOWN — DWP microdata required for clean bucket split. outcome_underemployed_% proxy only (area wage data). All area-level data is NOT individual SSI worker tracking.","Nomis claimant count is AREA-LEVEL (Redcar & Cleveland LA or NE ITL1) — not individual SSI worker tracking. SSI dominated local economy so LA-level excess is largely attributable to closure, but non-SSI workers are included. JSA exit ≠ re-employed (workers may move to ESA/UC). Nomis age band 25-49 ≠ model band 25-44. UK training course = 2-day refresher to full vocational qual — not comparable to German Umschulung (1-2yr full requalification). Steel sector ~95% male; gender-disaggregated outcome rates unavailable from public sources.",2017Q4,25,all,2845,3477,-632.1,723.0,25.4,53145,67784,-14639.5,,,5.5,71.1,75.2,Apr 2017-Mar 2018,504.1,26213,207,0.1,,,,,15.2,315.0,,-0.5,1.6,10.0,8.0
redcar_2015,Teesside Live Sept 2025; Evidently Substack (Tees Valley CA data),https://evidently.substack.com/p/3-lessons-from-redcar-steelworks,2015-2017,Redcar / Teesside,North East England,25-49,skilled_manual,primary_metals / steel_manufacturing,£25k-£35k est.,£11k employer hiring subsidy (under-45 tier); Routes to Work pilot £7.5m (Tees Valley-wide); £46m total government package,"N/A — no UBI operational in UK Oct 2015. Actual baseline safety net: JSA £73.10/wk (adult rate) or £57.90/wk (under-25); ESA (support group) £109.65/wk; UC standard allowance £317.82/month. For model calibration: ubi_level = 0. UBI counterfactuals are simulation scenarios, not historical data.",828,2017Q4 (25 months post-closure),,15.2,,,,MEDIUM,"AGE BAND: 25-49. Nomis band used: Aged 25-49 (NOTE: Nomis uses 25-49, not 25-44 — document mismatch). Estimated SSI workers in this cell: 828 (prior: 40% of 2070).  QUARTER: 2017Q4 (25 months post-closure, Oct 2 2015).  REDCAR & CLEVELAND LA (E06000003) claimant count: 2845 quarterly avg (baseline 3477; excess vs baseline: -632).  RC LA age band claimants: 1440 (50.6% of LA total).  NE LABOUR MARKET (APS Apr 2017-Mar 2018): unemployment 5.5%, employment 71.1%, activity 75.2%.  NE MEDIAN WAGE (ASHE 2017): £504.1/week (£26213/yr). SSI workers earned above NE median (skilled manual, union rates, est. £25k-£35k).  UNDEREMPLOYMENT PROXY: area wages -0.5% real 2015-2017 vs +1.6% rest of NE (2.1pp gap). Manual jobs share: 10.0% → 8.0% of local employment (occupational downshift into lower-paid service jobs). Claimant count returned to pre-closure baseline ~Oct 2017 (2-year recovery).  outcome_retrain_% and outcome_share_similar_% remain UNKNOWN — DWP microdata required for clean bucket split. outcome_underemployed_% proxy only (area wage data). All area-level data is NOT individual SSI worker tracking.","Nomis claimant count is AREA-LEVEL (Redcar & Cleveland LA or NE ITL1) — not individual SSI worker tracking. SSI dominated local economy so LA-level excess is largely attributable to closure, but non-SSI workers are included. JSA exit ≠ re-employed (workers may move to ESA/UC). Nomis age band 25-49 ≠ model band 25-44. UK training course = 2-day refresher to full vocational qual — not comparable to German Umschulung (1-2yr full requalification). Steel sector ~95% male; gender-disaggregated outcome rates unavailable from public sources.",2017Q4,25,all,2845,3477,-632.1,1440.0,50.6,53145,67784,-14639.5,,,5.5,71.1,75.2,Apr 2017-Mar 2018,504.1,26213,828,0.4,,,,,15.2,315.0,,-0.5,1.6,10.0,8.0
redcar_2015,Teesside Live Sept 2025; Evidently Substack (Tees Valley CA data),https://evidently.substack.com/p/3-lessons-from-redcar-steelworks,2015-2017,Redcar / Teesside,North East England,50+,skilled_manual,primary_metals / steel_manufacturing,£25k-£35k est.,"£15k employer hiring subsidy (45+ tier — highest rate, recognising harder-to-place status); Routes to Work pilot £7.5m (Tees Valley-wide); £46m total government package","N/A — no UBI operational in UK Oct 2015. Actual baseline safety net: JSA £73.10/wk (adult rate) or £57.90/wk (under-25); ESA (support group) £109.65/wk; UC standard allowance £317.82/month. For model calibration: ubi_level = 0. UBI counterfactuals are simulation scenarios, not historical data.",1035,2017Q4 (25 months post-closure),,15.2,,,,MEDIUM,"AGE BAND: 50+. Nomis band used: Aged 50+ . Estimated SSI workers in this cell: 1035 (prior: 50% of 2070).  QUARTER: 2017Q4 (25 months post-closure, Oct 2 2015).  REDCAR & CLEVELAND LA (E06000003) claimant count: 2845 quarterly avg (baseline 3477; excess vs baseline: -632).  RC LA age band claimants: 680 (23.9% of LA total).  NE LABOUR MARKET (APS Apr 2017-Mar 2018): unemployment 5.5%, employment 71.1%, activity 75.2%.  NE MEDIAN WAGE (ASHE 2017): £504.1/week (£26213/yr). SSI workers earned above NE median (skilled manual, union rates, est. £25k-£35k).  UNDEREMPLOYMENT PROXY: area wages -0.5% real 2015-2017 vs +1.6% rest of NE (2.1pp gap). Manual jobs share: 10.0% → 8.0% of local employment (occupational downshift into lower-paid service jobs). Claimant count returned to pre-closure baseline ~Oct 2017 (2-year recovery).  outcome_retrain_% and outcome_share_similar_% remain UNKNOWN — DWP microdata required for clean bucket split. outcome_underemployed_% proxy only (area wage data). All area-level data is NOT individual SSI worker tracking.","Nomis claimant count is AREA-LEVEL (Redcar & Cleveland LA or NE ITL1) — not individual SSI worker tracking. SSI dominated local economy so LA-level excess is largely attributable to closure, but non-SSI workers are included. JSA exit ≠ re-employed (workers may move to ESA/UC). Nomis age band 25-49 ≠ model band 25-44. UK training course = 2-day refresher to full vocational qual — not comparable to German Umschulung (1-2yr full requalification). Steel sector ~95% male; gender-disaggregated outcome rates unavailable from public sources.",2017Q4,25,all,2845,3477,-632.1,680.0,23.9,53145,67784,-14639.5,,,5.5,71.1,75.2,Apr 2017-Mar 2018,504.1,26213,1035,0.5,,,,,15.2,315.0,,-0.5,1.6,10.0,8.0
redcar_2015,Teesside Live Sept 2025; Evidently Substack (Tees Valley CA data),https://evidently.substack.com/p/3-lessons-from-redcar-steelworks,2015-2017,Redcar / Teesside,North East England,16-24,skilled_manual,primary_metals / steel_manufacturing,£25k-£35k est.,£11k employer hiring subsidy (under-45 tier); Routes to Work pilot £7.5m (Tees Valley-wide); Employer Ownership of Skills pilot; £46m total government package,"N/A — no UBI operational in UK Oct 2015. Actual baseline safety net: JSA £73.10/wk (adult rate) or £57.90/wk (under-25); ESA (support group) £109.65/wk; UC standard allowance £317.82/month. For model calibration: ubi_level = 0. UBI counterfactuals are simulation scenarios, not historical data.",197,2017Q4 (25 months post-closure),,15.2,,,,MEDIUM,"AGE BAND: 16-24. Nomis band used: Aged 16-24 . Estimated SSI workers in this cell: 197 (prior: 10% of 2070).  GENDER: male. Prior: 95% of SSI workforce (UK steel industry statistic, not SSI-specific microdata).  QUARTER: 2017Q4 (25 months post-closure, Oct 2 2015).  REDCAR & CLEVELAND LA (E06000003) claimant count: 2845 quarterly avg (baseline 3477; excess vs baseline: -632).  RC LA age band claimants: 723 (25.4% of LA total).  NE ITL1 gender claimants in this age band: 7765 (65.1% of NE age-band total). NOTE: NE gender split mixes steel and non-steel workers. SSI gender prior (95% male) used for ssi_est_workers_this_cell instead.  NE LABOUR MARKET (APS Apr 2017-Mar 2018): unemployment 5.5%, employment 71.1%, activity 75.2%.  NE MEDIAN WAGE (ASHE 2017): £504.1/week (£26213/yr). SSI workers earned above NE median (skilled manual, union rates, est. £25k-£35k).  UNDEREMPLOYMENT PROXY: area wages -0.5% real 2015-2017 vs +1.6% rest of NE (2.1pp gap). Manual jobs share: 10.0% → 8.0% of local employment (occupational downshift into lower-paid service jobs). Claimant count returned to pre-closure baseline ~Oct 2017 (2-year recovery).  outcome_retrain_% and outcome_share_similar_% remain UNKNOWN — DWP microdata required for clean bucket split. outcome_underemployed_% proxy only (area wage data). All area-level data is NOT individual SSI worker tracking.","Nomis claimant count is AREA-LEVEL (Redcar & Cleveland LA or NE ITL1) — not individual SSI worker tracking. SSI dominated local economy so LA-level excess is largely attributable to closure, but non-SSI workers are included. JSA exit ≠ re-employed (workers may move to ESA/UC). Nomis age band 25-49 ≠ model band 25-44. UK training course = 2-day refresher to full vocational qual — not comparable to German Umschulung (1-2yr full requalification). Steel sector ~95% male; gender-disaggregated outcome rates unavailable from public sources.",2017Q4,25,male,2845,3477,-632.1,723.0,25.4,53145,67784,-14639.5,7765.0,65.1,5.5,71.1,75.2,Apr 2017-Mar 2018,504.1,26213,197,0.1,0.95,,,,15.2,315.0,,-0.5,1.6,10.0,8.0
redcar_2015,Teesside Live Sept 2025; Evidently Substack (Tees Valley CA data),https://evidently.substack.com/p/3-lessons-from-redcar-steelworks,2015-2017,Redcar / Teesside,North East England,16-24,skilled_manual,primary_metals / steel_manufacturing,£25k-£35k est.,£11k employer hiring subsidy (under-45 tier); Routes to Work pilot £7.5m (Tees Valley-wide); Employer Ownership of Skills pilot; £46m total government package,"N/A — no UBI operational in UK Oct 2015. Actual baseline safety net: JSA £73.10/wk (adult rate) or £57.90/wk (under-25); ESA (support group) £109.65/wk; UC standard allowance £317.82/month. For model calibration: ubi_level = 0. UBI counterfactuals are simulation scenarios, not historical data.",10,2017Q4 (25 months post-closure),,15.2,,,,MEDIUM,"AGE BAND: 16-24. Nomis band used: Aged 16-24 . Estimated SSI workers in this cell: 10 (prior: 10% of 2070).  GENDER: female. Prior: 5% of SSI workforce (UK steel industry statistic, not SSI-specific microdata).  QUARTER: 2017Q4 (25 months post-closure, Oct 2 2015).  REDCAR & CLEVELAND LA (E06000003) claimant count: 2845 quarterly avg (baseline 3477; excess vs baseline: -632).  RC LA age band claimants: 723 (25.4% of LA total).  NE ITL1 gender claimants in this age band: 4162 (34.9% of NE age-band total). NOTE: NE gender split mixes steel and non-steel workers. SSI gender prior (95% male) used for ssi_est_workers_this_cell instead.  NE LABOUR MARKET (APS Apr 2017-Mar 2018): unemployment 5.5%, employment 71.1%, activity 75.2%.  NE MEDIAN WAGE (ASHE 2017): £504.1/week (£26213/yr). SSI workers earned above NE median (skilled manual, union rates, est. £25k-£35k).  UNDEREMPLOYMENT PROXY: area wages -0.5% real 2015-2017 vs +1.6% rest of NE (2.1pp gap). Manual jobs share: 10.0% → 8.0% of local employment (occupational downshift into lower-paid service jobs). Claimant count returned to pre-closure baseline ~Oct 2017 (2-year recovery).  outcome_retrain_% and outcome_share_similar_% remain UNKNOWN — DWP microdata required for clean bucket split. outcome_underemployed_% proxy only (area wage data). All area-level data is NOT individual SSI worker tracking.","Nomis claimant count is AREA-LEVEL (Redcar & Cleveland LA or NE ITL1) — not individual SSI worker tracking. SSI dominated local economy so LA-level excess is largely attributable to closure, but non-SSI workers are included. JSA exit ≠ re-employed (workers may move to ESA/UC). Nomis age band 25-49 ≠ model band 25-44. UK training course = 2-day refresher to full vocational qual — not comparable to German Umschulung (1-2yr full requalification). Steel sector ~95% male; gender-disaggregated outcome rates unavailable from public sources.",2017Q4,25,female,2845,3477,-632.1,723.0,25.4,53145,67784,-14639.5,4162.0,34.9,5.5,71.1,75.2,Apr 2017-Mar 2018,504.1,26213,10,0.1,0.05,,,,15.2,315.0,,-0.5,1.6,10.0,8.0
redcar_2015,Teesside Live Sept 2025; Evidently Substack (Tees Valley CA data),https://evidently.substack.com/p/3-lessons-from-redcar-steelworks,2015-2017,Redcar / Teesside,North East England,25-49,skilled_manual,primary_metals / steel_manufacturing,£25k-£35k est.,£11k employer hiring subsidy (under-45 tier); Routes to Work pilot £7.5m (Tees Valley-wide); £46m total government package,"N/A — no UBI operational in UK Oct 2015. Actual baseline safety net: JSA £73.10/wk (adult rate) or £57.90/wk (under-25); ESA (support group) £109.65/wk; UC standard allowance £317.82/month. For model calibration: ubi_level = 0. UBI counterfactuals are simulation scenarios, not historical data.",787,2017Q4 (25 months post-closure),,15.2,,,,MEDIUM,"AGE BAND: 25-49. Nomis band used: Aged 25-49 (NOTE: Nomis uses 25-49, not 25-44 — document mismatch). Estimated SSI workers in this cell: 787 (prior: 40% of 2070).  GENDER: male. Prior: 95% of SSI workforce (UK steel industry statistic, not SSI-specific microdata).  QUARTER: 2017Q4 (25 months post-closure, Oct 2 2015).  REDCAR & CLEVELAND LA (E06000003) claimant count: 2845 quarterly avg (baseline 3477; excess vs baseline: -632).  RC LA age band claimants: 1440 (50.6% of LA total).  NE ITL1 gender claimants in this age band: 17857 (64.6% of NE age-band total). NOTE: NE gender split mixes steel and non-steel workers. SSI gender prior (95% male) used for ssi_est_workers_this_cell instead.  NE LABOUR MARKET (APS Apr 2017-Mar 2018): unemployment 5.5%, employment 71.1%, activity 75.2%.  NE MEDIAN WAGE (ASHE 2017): £504.1/week (£26213/yr). SSI workers earned above NE median (skilled manual, union rates, est. £25k-£35k).  UNDEREMPLOYMENT PROXY: area wages -0.5% real 2015-2017 vs +1.6% rest of NE (2.1pp gap). Manual jobs share: 10.0% → 8.0% of local employment (occupational downshift into lower-paid service jobs). Claimant count returned to pre-closure baseline ~Oct 2017 (2-year recovery).  outcome_retrain_% and outcome_share_similar_% remain UNKNOWN — DWP microdata required for clean bucket split. outcome_underemployed_% proxy only (area wage data). All area-level data is NOT individual SSI worker tracking.","Nomis claimant count is AREA-LEVEL (Redcar & Cleveland LA or NE ITL1) — not individual SSI worker tracking. SSI dominated local economy so LA-level excess is largely attributable to closure, but non-SSI workers are included. JSA exit ≠ re-employed (workers may move to ESA/UC). Nomis age band 25-49 ≠ model band 25-44. UK training course = 2-day refresher to full vocational qual — not comparable to German Umschulung (1-2yr full requalification). Steel sector ~95% male; gender-disaggregated outcome rates unavailable from public sources.",2017Q4,25,male,2845,3477,-632.1,1440.0,50.6,53145,67784,-14639.5,17857.0,64.6,5.5,71.1,75.2,Apr 2017-Mar 2018,504.1,26213,787,0.4,0.95,,,,15.2,315.0,,-0.5,1.6,10.0,8.0
redcar_2015,Teesside Live Sept 2025; Evidently Substack (Tees Valley CA data),https://evidently.substack.com/p/3-lessons-from-redcar-steelworks,2015-2017,Redcar / Teesside,North East England,25-49,skilled_manual,primary_metals / steel_manufacturing,£25k-£35k est.,£11k employer hiring subsidy (under-45 tier); Routes to Work pilot £7.5m (Tees Valley-wide); £46m total government package,"N/A — no UBI operational in UK Oct 2015. Actual baseline safety net: JSA £73.10/wk (adult rate) or £57.90/wk (under-25); ESA (support group) £109.65/wk; UC standard allowance £317.82/month. For model calibration: ubi_level = 0. UBI counterfactuals are simulation scenarios, not historical data.",41,2017Q4 (25 months post-closure),,15.2,,,,MEDIUM,"AGE BAND: 25-49. Nomis band used: Aged 25-49 (NOTE: Nomis uses 25-49, not 25-44 — document mismatch). Estimated SSI workers in this cell: 41 (prior: 40% of 2070).  GENDER: female. Prior: 5% of SSI workforce (UK steel industry statistic, not SSI-specific microdata).  QUARTER: 2017Q4 (25 months post-closure, Oct 2 2015).  REDCAR & CLEVELAND LA (E06000003) claimant count: 2845 quarterly avg (baseline 3477; excess vs baseline: -632).  RC LA age band claimants: 1440 (50.6% of LA total).  NE ITL1 gender claimants in this age band: 9788 (35.4% of NE age-band total). NOTE: NE gender split mixes steel and non-steel workers. SSI gender prior (95% male) used for ssi_est_workers_this_cell instead.  NE LABOUR MARKET (APS Apr 2017-Mar 2018): unemployment 5.5%, employment 71.1%, activity 75.2%.  NE MEDIAN WAGE (ASHE 2017): £504.1/week (£26213/yr). SSI workers earned above NE median (skilled manual, union rates, est. £25k-£35k).  UNDEREMPLOYMENT PROXY: area wages -0.5% real 2015-2017 vs +1.6% rest of NE (2.1pp gap). Manual jobs share: 10.0% → 8.0% of local employment (occupational downshift into lower-paid service jobs). Claimant count returned to pre-closure baseline ~Oct 2017 (2-year recovery).  outcome_retrain_% and outcome_share_similar_% remain UNKNOWN — DWP microdata required for clean bucket split. outcome_underemployed_% proxy only (area wage data). All area-level data is NOT individual SSI worker tracking.","Nomis claimant count is AREA-LEVEL (Redcar & Cleveland LA or NE ITL1) — not individual SSI worker tracking. SSI dominated local economy so LA-level excess is largely attributable to closure, but non-SSI workers are included. JSA exit ≠ re-employed (workers may move to ESA/UC). Nomis age band 25-49 ≠ model band 25-44. UK training course = 2-day refresher to full vocational qual — not comparable to German Umschulung (1-2yr full requalification). Steel sector ~95% male; gender-disaggregated outcome rates unavailable from public sources.",2017Q4,25,female,2845,3477,-632.1,1440.0,50.6,53145,67784,-14639.5,9788.0,35.4,5.5,71.1,75.2,Apr 2017-Mar 2018,504.1,26213,41,0.4,0.05,,,,15.2,315.0,,-0.5,1.6,10.0,8.0
redcar_2015,Teesside Live Sept 2025; Evidently Substack (Tees Valley CA data),https://evidently.substack.com/p/3-lessons-from-redcar-steelworks,2015-2017,Redcar / Teesside,North East England,50+,skilled_manual,primary_metals / steel_manufacturing,£25k-£35k est.,"£15k employer hiring subsidy (45+ tier — highest rate, recognising harder-to-place status); Routes to Work pilot £7.5m (Tees Valley-wide); £46m total government package","N/A — no UBI operational in UK Oct 2015. Actual baseline safety net: JSA £73.10/wk (adult rate) or £57.90/wk (under-25); ESA (support group) £109.65/wk; UC standard allowance £317.82/month. For model calibration: ubi_level = 0. UBI counterfactuals are simulation scenarios, not historical data.",983,2017Q4 (25 months post-closure),,15.2,,,,MEDIUM,"AGE BAND: 50+. Nomis band used: Aged 50+ . Estimated SSI workers in this cell: 983 (prior: 50% of 2070).  GENDER: male. Prior: 95% of SSI workforce (UK steel industry statistic, not SSI-specific microdata).  QUARTER: 2017Q4 (25 months post-closure, Oct 2 2015).  REDCAR & CLEVELAND LA (E06000003) claimant count: 2845 quarterly avg (baseline 3477; excess vs baseline: -632).  RC LA age band claimants: 680 (23.9% of LA total).  NE ITL1 gender claimants in this age band: 8415 (62.1% of NE age-band total). NOTE: NE gender split mixes steel and non-steel workers. SSI gender prior (95% male) used for ssi_est_workers_this_cell instead.  NE LABOUR MARKET (APS Apr 2017-Mar 2018): unemployment 5.5%, employment 71.1%, activity 75.2%.  NE MEDIAN WAGE (ASHE 2017): £504.1/week (£26213/yr). SSI workers earned above NE median (skilled manual, union rates, est. £25k-£35k).  UNDEREMPLOYMENT PROXY: area wages -0.5% real 2015-2017 vs +1.6% rest of NE (2.1pp gap). Manual jobs share: 10.0% → 8.0% of local employment (occupational downshift into lower-paid service jobs). Claimant count returned to pre-closure baseline ~Oct 2017 (2-year recovery).  outcome_retrain_% and outcome_share_similar_% remain UNKNOWN — DWP microdata required for clean bucket split. outcome_underemployed_% proxy only (area wage data). All area-level data is NOT individual SSI worker tracking.","Nomis claimant count is AREA-LEVEL (Redcar & Cleveland LA or NE ITL1) — not individual SSI worker tracking. SSI dominated local economy so LA-level excess is largely attributable to closure, but non-SSI workers are included. JSA exit ≠ re-employed (workers may move to ESA/UC). Nomis age band 25-49 ≠ model band 25-44. UK training course = 2-day refresher to full vocational qual — not comparable to German Umschulung (1-2yr full requalification). Steel sector ~95% male; gender-disaggregated outcome rates unavailable from public sources.",2017Q4,25,male,2845,3477,-632.1,680.0,23.9,53145,67784,-14639.5,8415.0,62.1,5.5,71.1,75.2,Apr 2017-Mar 2018,504.1,26213,983,0.5,0.95,,,,15.2,315.0,,-0.5,1.6,10.0,8.0
redcar_2015,Teesside Live Sept 2025; Evidently Substack (Tees Valley CA data),https://evidently.substack.com/p/3-lessons-from-redcar-steelworks,2015-2017,Redcar / Teesside,North East England,50+,skilled_manual,primary_metals / steel_manufacturing,£25k-£35k est.,"£15k employer hiring subsidy (45+ tier — highest rate, recognising harder-to-place status); Routes to Work pilot £7.5m (Tees Valley-wide); £46m total government package","N/A — no UBI operational in UK Oct 2015. Actual baseline safety net: JSA £73.10/wk (adult rate) or £57.90/wk (under-25); ESA (support group) £109.65/wk; UC standard allowance £317.82/month. For model calibration: ubi_level = 0. UBI counterfactuals are simulation scenarios, not historical data.",52,2017Q4 (25 months post-closure),,15.2,,,,MEDIUM,"AGE BAND: 50+. Nomis band used: Aged 50+ . Estimated SSI workers in this cell: 52 (prior: 50% of 2070).  GENDER: female. Prior: 5% of SSI workforce (UK steel industry statistic, not SSI-specific microdata).  QUARTER: 2017Q4 (25 months post-closure, Oct 2 2015).  REDCAR & CLEVELAND LA (E06000003) claimant count: 2845 quarterly avg (baseline 3477; excess vs baseline: -632).  RC LA age band claimants: 680 (23.9% of LA total).  NE ITL1 gender claimants in this age band: 5137 (37.9% of NE age-band total). NOTE: NE gender split mixes steel and non-steel workers. SSI gender prior (95% male) used for ssi_est_workers_this_cell instead.  NE LABOUR MARKET (APS Apr 2017-Mar 2018): unemployment 5.5%, employment 71.1%, activity 75.2%.  NE MEDIAN WAGE (ASHE 2017): £504.1/week (£26213/yr). SSI workers earned above NE median (skilled manual, union rates, est. £25k-£35k).  UNDEREMPLOYMENT PROXY: area wages -0.5% real 2015-2017 vs +1.6% rest of NE (2.1pp gap). Manual jobs share: 10.0% → 8.0% of local employment (occupational downshift into lower-paid service jobs). Claimant count returned to pre-closure baseline ~Oct 2017 (2-year recovery).  outcome_retrain_% and outcome_share_similar_% remain UNKNOWN — DWP microdata required for clean bucket split. outcome_underemployed_% proxy only (area wage data). All area-level data is NOT individual SSI worker tracking.","Nomis claimant count is AREA-LEVEL (Redcar & Cleveland LA or NE ITL1) — not individual SSI worker tracking. SSI dominated local economy so LA-level excess is largely attributable to closure, but non-SSI workers are included. JSA exit ≠ re-employed (workers may move to ESA/UC). Nomis age band 25-49 ≠ model band 25-44. UK training course = 2-day refresher to full vocational qual — not comparable to German Umschulung (1-2yr full requalification). Steel sector ~95% male; gender-disaggregated outcome rates unavailable from public sources.",2017Q4,25,female,2845,3477,-632.1,680.0,23.9,53145,67784,-14639.5,5137.0,37.9,5.5,71.1,75.2,Apr 2017-Mar 2018,504.1,26213,52,0.5,0.05,,,,15.2,315.0,,-0.5,1.6,10.0,8.0
redcar_2015,Teesside Live Sept 2025; Evidently Substack (Tees Valley CA data),https://evidently.substack.com/p/3-lessons-from-redcar-steelworks,2015-2017,Redcar / Teesside,North East England,all,low_skilled,primary_metals / steel_manufacturing,<£20k,"£11k-£15k employer hiring subsidy (age-tiered: £11k under-45, £15k aged 45+); Routes to Work pilot £7.5m (Tees Valley-wide); £46m total government package (announced Oct 2015)","N/A — no UBI operational in UK Oct 2015. Actual baseline safety net: JSA £73.10/wk (adult rate) or £57.90/wk (under-25); ESA (support group) £109.65/wk; UC standard allowance £317.82/month. For model calibration: ubi_level = 0. UBI counterfactuals are simulation scenarios, not historical data.",104,2017Q4 (25 months post-closure),6.0,9.0,48.0,36.0,1.0,ESTIMATED_LOW,"INCOME BAND: <£20k. Semi-skilled process support, admin, cleaners. ASHE NE p10 (£288/wk=£15k/yr). Lowest-paid SSI cohort. Estimated 5% of workforce — LOW confidence. Outcome adjustments vs £25k-£35k baseline: retrain -2pp, share_similar -6pp, underemployed +3pp, exit +6pp, still_seeking -1pp. Source: China Shock ADH (low-wage→exit/underemployed; high-wage→share_similar) + Hartz re-employment wage analysis. All income-band outcomes ESTIMATED_LOW.  QUARTER: 2017Q4 (25 months post-closure, Oct 2 2015).  REDCAR & CLEVELAND LA (E06000003) claimant count: 2845 quarterly avg (baseline 3477; excess vs baseline: -632).  NE LABOUR MARKET (APS Apr 2017-Mar 2018): unemployment 5.5%, employment 71.1%, activity 75.2%.  NE MEDIAN WAGE (ASHE 2017): £504.1/week (£26213/yr). SSI workers earned above NE median (skilled manual, union rates, est. £25k-£35k).  UNDEREMPLOYMENT PROXY: area wages -0.5% real 2015-2017 vs +1.6% rest of NE (2.1pp gap). Manual jobs share: 10.0% → 8.0% of local employment (occupational downshift into lower-paid service jobs). Claimant count returned to pre-closure baseline ~Oct 2017 (2-year recovery).  outcome_retrain_% and outcome_share_similar_% remain UNKNOWN — DWP microdata required for clean bucket split. outcome_underemployed_% proxy only (area wage data). All area-level data is NOT individual SSI worker tracking.","Nomis claimant count is AREA-LEVEL (Redcar & Cleveland LA or NE ITL1) — not individual SSI worker tracking. SSI dominated local economy so LA-level excess is largely attributable to closure, but non-SSI workers are included. JSA exit ≠ re-employed (workers may move to ESA/UC). Nomis age band 25-49 ≠ model band 25-44. UK training course = 2-day refresher to full vocational qual — not comparable to German Umschulung (1-2yr full requalification). Steel sector ~95% male; gender-disaggregated outcome rates unavailable from public sources.",2017Q4,25,all,2845,3477,-632.1,,,53145,67784,-14639.5,,,5.5,71.1,75.2,Apr 2017-Mar 2018,504.1,26213,104,,,,,,15.2,315.0,,-0.5,1.6,10.0,8.0
redcar_2015,Teesside Live Sept 2025; Evidently Substack (Tees Valley CA data),https://evidently.substack.com/p/3-lessons-from-redcar-steelworks,2015-2017,Redcar / Teesside,North East England,all,skilled_manual,primary_metals / steel_manufacturing,£20k-£25k,"£11k-£15k employer hiring subsidy (age-tiered: £11k under-45, £15k aged 45+); Routes to Work pilot £7.5m (Tees Valley-wide); £46m total government package (announced Oct 2015)","N/A — no UBI operational in UK Oct 2015. Actual baseline safety net: JSA £73.10/wk (adult rate) or £57.90/wk (under-25); ESA (support group) £109.65/wk; UC standard allowance £317.82/month. For model calibration: ubi_level = 0. UBI counterfactuals are simulation scenarios, not historical data.",310,2017Q4 (25 months post-closure),7.0,11.0,47.0,34.0,1.0,ESTIMATED_LOW,"INCOME BAND: £20k-£25k. Semi-skilled process operators, junior technicians. ASHE NE p25-median range (£359-£486/wk). Estimated 15% of workforce — LOW confidence. Outcome adjustments vs £25k-£35k baseline: retrain -1pp, share_similar -4pp, underemployed +2pp, exit +4pp, still_seeking -1pp. Source: China Shock ADH (low-wage→exit/underemployed; high-wage→share_similar) + Hartz re-employment wage analysis. All income-band outcomes ESTIMATED_LOW.  QUARTER: 2017Q4 (25 months post-closure, Oct 2 2015).  REDCAR & CLEVELAND LA (E06000003) claimant count: 2845 quarterly avg (baseline 3477; excess vs baseline: -632).  NE LABOUR MARKET (APS Apr 2017-Mar 2018): unemployment 5.5%, employment 71.1%, activity 75.2%.  NE MEDIAN WAGE (ASHE 2017): £504.1/week (£26213/yr). SSI workers earned above NE median (skilled manual, union rates, est. £25k-£35k).  UNDEREMPLOYMENT PROXY: area wages -0.5% real 2015-2017 vs +1.6% rest of NE (2.1pp gap). Manual jobs share: 10.0% → 8.0% of local employment (occupational downshift into lower-paid service jobs). Claimant count returned to pre-closure baseline ~Oct 2017 (2-year recovery).  outcome_retrain_% and outcome_share_similar_% remain UNKNOWN — DWP microdata required for clean bucket split. outcome_underemployed_% proxy only (area wage data). All area-level data is NOT individual SSI worker tracking.","Nomis claimant count is AREA-LEVEL (Redcar & Cleveland LA or NE ITL1) — not individual SSI worker tracking. SSI dominated local economy so LA-level excess is largely attributable to closure, but non-SSI workers are included. JSA exit ≠ re-employed (workers may move to ESA/UC). Nomis age band 25-49 ≠ model band 25-44. UK training course = 2-day refresher to full vocational qual — not comparable to German Umschulung (1-2yr full requalification). Steel sector ~95% male; gender-disaggregated outcome rates unavailable from public sources.",2017Q4,25,all,2845,3477,-632.1,,,53145,67784,-14639.5,,,5.5,71.1,75.2,Apr 2017-Mar 2018,504.1,26213,310,,,,,,15.2,315.0,,-0.5,1.6,10.0,8.0
redcar_2015,Teesside Live Sept 2025; Evidently Substack (Tees Valley CA data),https://evidently.substack.com/p/3-lessons-from-redcar-steelworks,2015-2017,Redcar / Teesside,North East England,all,skilled_manual,primary_metals / steel_manufacturing,£25k-£35k,"£11k-£15k employer hiring subsidy (age-tiered: £11k under-45, £15k aged 45+); Routes to Work pilot £7.5m (Tees Valley-wide); £46m total government package (announced Oct 2015)","N/A — no UBI operational in UK Oct 2015. Actual baseline safety net: JSA £73.10/wk (adult rate) or £57.90/wk (under-25); ESA (support group) £109.65/wk; UC standard allowance £317.82/month. For model calibration: ubi_level = 0. UBI counterfactuals are simulation scenarios, not historical data.",1138,2017Q4 (25 months post-closure),8.0,15.0,45.0,30.0,,MEDIUM,"INCOME BAND: £25k-£35k. Skilled process operators, blast furnace operators. ASHE NE median-p75 range (£486-£679/wk). PRIMARY ESTIMATE — majority of SSI workforce. All aggregate anchors (25% still-seeking, 93% off benefits) apply directly. Outcome adjustments vs £25k-£35k baseline: retrain +0pp, share_similar +0pp, underemployed +0pp, exit +0pp, still_seeking +0pp. Source: China Shock ADH (low-wage→exit/underemployed; high-wage→share_similar) + Hartz re-employment wage analysis. All income-band outcomes ESTIMATED_LOW.  QUARTER: 2017Q4 (25 months post-closure, Oct 2 2015).  REDCAR & CLEVELAND LA (E06000003) claimant count: 2845 quarterly avg (baseline 3477; excess vs baseline: -632).  NE LABOUR MARKET (APS Apr 2017-Mar 2018): unemployment 5.5%, employment 71.1%, activity 75.2%.  NE MEDIAN WAGE (ASHE 2017): £504.1/week (£26213/yr). SSI workers earned above NE median (skilled manual, union rates, est. £25k-£35k).  UNDEREMPLOYMENT PROXY: area wages -0.5% real 2015-2017 vs +1.6% rest of NE (2.1pp gap). Manual jobs share: 10.0% → 8.0% of local employment (occupational downshift into lower-paid service jobs). Claimant count returned to pre-closure baseline ~Oct 2017 (2-year recovery).  outcome_retrain_% and outcome_share_similar_% remain UNKNOWN — DWP microdata required for clean bucket split. outcome_underemployed_% proxy only (area wage data). All area-level data is NOT individual SSI worker tracking.","Nomis claimant count is AREA-LEVEL (Redcar & Cleveland LA or NE ITL1) — not individual SSI worker tracking. SSI dominated local economy so LA-level excess is largely attributable to closure, but non-SSI workers are included. JSA exit ≠ re-employed (workers may move to ESA/UC). Nomis age band 25-49 ≠ model band 25-44. UK training course = 2-day refresher to full vocational qual — not comparable to German Umschulung (1-2yr full requalification). Steel sector ~95% male; gender-disaggregated outcome rates unavailable from public sources.",2017Q4,25,all,2845,3477,-632.1,,,53145,67784,-14639.5,,,5.5,71.1,75.2,Apr 2017-Mar 2018,504.1,26213,1138,,,,,,15.2,315.0,,-0.5,1.6,10.0,8.0
redcar_2015,Teesside Live Sept 2025; Evidently Substack (Tees Valley CA data),https://evidently.substack.com/p/3-lessons-from-redcar-steelworks,2015-2017,Redcar / Teesside,North East England,all,skilled_manual,primary_metals / steel_manufacturing,£35k-£50k,"£11k-£15k employer hiring subsidy (age-tiered: £11k under-45, £15k aged 45+); Routes to Work pilot £7.5m (Tees Valley-wide); £46m total government package (announced Oct 2015)","N/A — no UBI operational in UK Oct 2015. Actual baseline safety net: JSA £73.10/wk (adult rate) or £57.90/wk (under-25); ESA (support group) £109.65/wk; UC standard allowance £317.82/month. For model calibration: ubi_level = 0. UBI counterfactuals are simulation scenarios, not historical data.",414,2017Q4 (25 months post-closure),9.0,22.0,39.0,26.0,4.0,ESTIMATED_LOW,"INCOME BAND: £35k-£50k. Senior operators, shift supervisors, maintenance engineers, technicians. ASHE NE p75-p90 range (£679-£882/wk). Estimated 20% of workforce — LOW confidence. Outcome adjustments vs £25k-£35k baseline: retrain +1pp, share_similar +7pp, underemployed -6pp, exit -4pp, still_seeking +2pp. Source: China Shock ADH (low-wage→exit/underemployed; high-wage→share_similar) + Hartz re-employment wage analysis. All income-band outcomes ESTIMATED_LOW.  QUARTER: 2017Q4 (25 months post-closure, Oct 2 2015).  REDCAR & CLEVELAND LA (E06000003) claimant count: 2845 quarterly avg (baseline 3477; excess vs baseline: -632).  NE LABOUR MARKET (APS Apr 2017-Mar 2018): unemployment 5.5%, employment 71.1%, activity 75.2%.  NE MEDIAN WAGE (ASHE 2017): £504.1/week (£26213/yr). SSI workers earned above NE median (skilled manual, union rates, est. £25k-£35k).  UNDEREMPLOYMENT PROXY: area wages -0.5% real 2015-2017 vs +1.6% rest of NE (2.1pp gap). Manual jobs share: 10.0% → 8.0% of local employment (occupational downshift into lower-paid service jobs). Claimant count returned to pre-closure baseline ~Oct 2017 (2-year recovery).  outcome_retrain_% and outcome_share_similar_% remain UNKNOWN — DWP microdata required for clean bucket split. outcome_underemployed_% proxy only (area wage data). All area-level data is NOT individual SSI worker tracking.","Nomis claimant count is AREA-LEVEL (Redcar & Cleveland LA or NE ITL1) — not individual SSI worker tracking. SSI dominated local economy so LA-level excess is largely attributable to closure, but non-SSI workers are included. JSA exit ≠ re-employed (workers may move to ESA/UC). Nomis age band 25-49 ≠ model band 25-44. UK training course = 2-day refresher to full vocational qual — not comparable to German Umschulung (1-2yr full requalification). Steel sector ~95% male; gender-disaggregated outcome rates unavailable from public sources.",2017Q4,25,all,2845,3477,-632.1,,,53145,67784,-14639.5,,,5.5,71.1,75.2,Apr 2017-Mar 2018,504.1,26213,414,,,,,,15.2,315.0,,-0.5,1.6,10.0,8.0
redcar_2015,Teesside Live Sept 2025; Evidently Substack (Tees Valley CA data),https://evidently.substack.com/p/3-lessons-from-redcar-steelworks,2015-2017,Redcar / Teesside,North East England,all,professional,primary_metals / steel_manufacturing,£50k+,"£11k-£15k employer hiring subsidy (age-tiered: £11k under-45, £15k aged 45+); Routes to Work pilot £7.5m (Tees Valley-wide); £46m total government package (announced Oct 2015)","N/A — no UBI operational in UK Oct 2015. Actual baseline safety net: JSA £73.10/wk (adult rate) or £57.90/wk (under-25); ESA (support group) £109.65/wk; UC standard allowance £317.82/month. For model calibration: ubi_level = 0. UBI counterfactuals are simulation scenarios, not historical data.",104,2017Q4 (25 months post-closure),7.0,30.0,31.0,24.0,8.0,ESTIMATED_LOW,"INCOME BAND: £50k+. Plant management, senior engineers, operations managers. Above ASHE NE p90 (£882/wk=£45.9k/yr). Estimated 5% of workforce — LOW confidence. Likely had enhanced redundancy packages separate from main SSI terms. Outcome adjustments vs £25k-£35k baseline: retrain -1pp, share_similar +15pp, underemployed -14pp, exit -6pp, still_seeking +6pp. Source: China Shock ADH (low-wage→exit/underemployed; high-wage→share_similar) + Hartz re-employment wage analysis. All income-band outcomes ESTIMATED_LOW.  QUARTER: 2017Q4 (25 months post-closure, Oct 2 2015).  REDCAR & CLEVELAND LA (E06000003) claimant count: 2845 quarterly avg (baseline 3477; excess vs baseline: -632).  NE LABOUR MARKET (APS Apr 2017-Mar 2018): unemployment 5.5%, employment 71.1%, activity 75.2%.  NE MEDIAN WAGE (ASHE 2017): £504.1/week (£26213/yr). SSI workers earned above NE median (skilled manual, union rates, est. £25k-£35k).  UNDEREMPLOYMENT PROXY: area wages -0.5% real 2015-2017 vs +1.6% rest of NE (2.1pp gap). Manual jobs share: 10.0% → 8.0% of local employment (occupational downshift into lower-paid service jobs). Claimant count returned to pre-closure baseline ~Oct 2017 (2-year recovery).  outcome_retrain_% and outcome_share_similar_% remain UNKNOWN — DWP microdata required for clean bucket split. outcome_underemployed_% proxy only (area wage data). All area-level data is NOT individual SSI worker tracking.","Nomis claimant count is AREA-LEVEL (Redcar & Cleveland LA or NE ITL1) — not individual SSI worker tracking. SSI dominated local economy so LA-level excess is largely attributable to closure, but non-SSI workers are included. JSA exit ≠ re-employed (workers may move to ESA/UC). Nomis age band 25-49 ≠ model band 25-44. UK training course = 2-day refresher to full vocational qual — not comparable to German Umschulung (1-2yr full requalification). Steel sector ~95% male; gender-disaggregated outcome rates unavailable from public sources.",2017Q4,25,all,2845,3477,-632.1,,,53145,67784,-14639.5,,,5.5,71.1,75.2,Apr 2017-Mar 2018,504.1,26213,104,,,,,,15.2,315.0,,-0.5,1.6,10.0,8.0
redcar_2015,ONS Nomis NM_162_1 / DWP JSA Stats / SSI Task Force,https://www.nomisweb.co.uk/,2015-2017,Redcar / Teesside,North East England,all,skilled_manual,primary_metals / steel_manufacturing,£25k-£35k est.,"£11k-£15k employer hiring subsidy (age-tiered: £11k under-45, £15k aged 45+); Routes to Work pilot £7.5m (Tees Valley-wide); £46m total government package (announced Oct 2015)","N/A — no UBI operational in UK Oct 2015. Actual baseline safety net: JSA £73.10/wk (adult rate) or £57.90/wk (under-25); ESA (support group) £109.65/wk; UC standard allowance £317.82/month. For model calibration: ubi_level = 0. UBI counterfactuals are simulation scenarios, not historical data.",2070,2018Q1 (28 months post-closure),,,,,,LOW,"QUARTER: 2018Q1 (28 months post-closure, Oct 2 2015).  REDCAR & CLEVELAND LA (E06000003) claimant count: 3050 quarterly avg (baseline 3477; excess vs baseline: -427).  NE LABOUR MARKET (APS Jul 2017-Jun 2018): unemployment 5.4%, employment 70.6%, activity 74.7%.  NE MEDIAN WAGE (ASHE 2018): £511.1/week (£26577/yr). SSI workers earned above NE median (skilled manual, union rates, est. £25k-£35k).  No direct outcome data for this quarter. Use RC LA claimant count trajectory as proxy for still_seeking rate.  outcome_retrain_% and outcome_share_similar_% remain UNKNOWN — DWP microdata required for clean bucket split. outcome_underemployed_% proxy only (area wage data). All area-level data is NOT individual SSI worker tracking.","Nomis claimant count is AREA-LEVEL (Redcar & Cleveland LA or NE ITL1) — not individual SSI worker tracking. SSI dominated local economy so LA-level excess is largely attributable to closure, but non-SSI workers are included. JSA exit ≠ re-employed (workers may move to ESA/UC). Nomis age band 25-49 ≠ model band 25-44. UK training course = 2-day refresher to full vocational qual — not comparable to German Umschulung (1-2yr full requalification). Steel sector ~95% male; gender-disaggregated outcome rates unavailable from public sources.",2018Q1,28,all,3050,3477,-427.1,,,57788,67784,-9996.2,,,5.4,70.6,74.7,Jul 2017-Jun 2018,511.1,26577,2070,,,,,,,,,,,,
redcar_2015,ONS Nomis NM_162_1 / DWP JSA Stats / SSI Task Force,https://www.nomisweb.co.uk/,2015-2017,Redcar / Teesside,North East England,16-24,skilled_manual,primary_metals / steel_manufacturing,£25k-£35k est.,£11k employer hiring subsidy (under-45 tier); Routes to Work pilot £7.5m (Tees Valley-wide); Employer Ownership of Skills pilot; £46m total government package,"N/A — no UBI operational in UK Oct 2015. Actual baseline safety net: JSA £73.10/wk (adult rate) or £57.90/wk (under-25); ESA (support group) £109.65/wk; UC standard allowance £317.82/month. For model calibration: ubi_level = 0. UBI counterfactuals are simulation scenarios, not historical data.",207,2018Q1 (28 months post-closure),,,,,,LOW,"AGE BAND: 16-24. Nomis band used: Aged 16-24 . Estimated SSI workers in this cell: 207 (prior: 10% of 2070).  QUARTER: 2018Q1 (28 months post-closure, Oct 2 2015).  REDCAR & CLEVELAND LA (E06000003) claimant count: 3050 quarterly avg (baseline 3477; excess vs baseline: -427).  RC LA age band claimants: 753 (24.7% of LA total).  NE LABOUR MARKET (APS Jul 2017-Jun 2018): unemployment 5.4%, employment 70.6%, activity 74.7%.  NE MEDIAN WAGE (ASHE 2018): £511.1/week (£26577/yr). SSI workers earned above NE median (skilled manual, union rates, est. £25k-£35k).  No direct outcome data for this quarter. Use RC LA claimant count trajectory as proxy for still_seeking rate.  outcome_retrain_% and outcome_share_similar_% remain UNKNOWN — DWP microdata required for clean bucket split. outcome_underemployed_% proxy only (area wage data). All area-level data is NOT individual SSI worker tracking.","Nomis claimant count is AREA-LEVEL (Redcar & Cleveland LA or NE ITL1) — not individual SSI worker tracking. SSI dominated local economy so LA-level excess is largely attributable to closure, but non-SSI workers are included. JSA exit ≠ re-employed (workers may move to ESA/UC). Nomis age band 25-49 ≠ model band 25-44. UK training course = 2-day refresher to full vocational qual — not comparable to German Umschulung (1-2yr full requalification). Steel sector ~95% male; gender-disaggregated outcome rates unavailable from public sources.",2018Q1,28,all,3050,3477,-427.1,753.0,24.7,57788,67784,-9996.2,,,5.4,70.6,74.7,Jul 2017-Jun 2018,511.1,26577,207,0.1,,,,,,,,,,,
redcar_2015,ONS Nomis NM_162_1 / DWP JSA Stats / SSI Task Force,https://www.nomisweb.co.uk/,2015-2017,Redcar / Teesside,North East England,25-49,skilled_manual,primary_metals / steel_manufacturing,£25k-£35k est.,£11k employer hiring subsidy (under-45 tier); Routes to Work pilot £7.5m (Tees Valley-wide); £46m total government package,"N/A — no UBI operational in UK Oct 2015. Actual baseline safety net: JSA £73.10/wk (adult rate) or £57.90/wk (under-25); ESA (support group) £109.65/wk; UC standard allowance £317.82/month. For model calibration: ubi_level = 0. UBI counterfactuals are simulation scenarios, not historical data.",828,2018Q1 (28 months post-closure),,,,,,LOW,"AGE BAND: 25-49. Nomis band used: Aged 25-49 (NOTE: Nomis uses 25-49, not 25-44 — document mismatch). Estimated SSI workers in this cell: 828 (prior: 40% of 2070).  QUARTER: 2018Q1 (28 months post-closure, Oct 2 2015).  REDCAR & CLEVELAND LA (E06000003) claimant count: 3050 quarterly avg (baseline 3477; excess vs baseline: -427).  RC LA age band claimants: 1558 (51.1% of LA total).  NE LABOUR MARKET (APS Jul 2017-Jun 2018): unemployment 5.4%, employment 70.6%, activity 74.7%.  NE MEDIAN WAGE (ASHE 2018): £511.1/week (£26577/yr). SSI workers earned above NE median (skilled manual, union rates, est. £25k-£35k).  No direct outcome data for this quarter. Use RC LA claimant count trajectory as proxy for still_seeking rate.  outcome_retrain_% and outcome_share_similar_% remain UNKNOWN — DWP microdata required for clean bucket split. outcome_underemployed_% proxy only (area wage data). All area-level data is NOT individual SSI worker tracking.","Nomis claimant count is AREA-LEVEL (Redcar & Cleveland LA or NE ITL1) — not individual SSI worker tracking. SSI dominated local economy so LA-level excess is largely attributable to closure, but non-SSI workers are included. JSA exit ≠ re-employed (workers may move to ESA/UC). Nomis age band 25-49 ≠ model band 25-44. UK training course = 2-day refresher to full vocational qual — not comparable to German Umschulung (1-2yr full requalification). Steel sector ~95% male; gender-disaggregated outcome rates unavailable from public sources.",2018Q1,28,all,3050,3477,-427.1,1558.0,51.1,57788,67784,-9996.2,,,5.4,70.6,74.7,Jul 2017-Jun 2018,511.1,26577,828,0.4,,,,,,,,,,,
redcar_2015,ONS Nomis NM_162_1 / DWP JSA Stats / SSI Task Force,https://www.nomisweb.co.uk/,2015-2017,Redcar / Teesside,North East England,50+,skilled_manual,primary_metals / steel_manufacturing,£25k-£35k est.,"£15k employer hiring subsidy (45+ tier — highest rate, recognising harder-to-place status); Routes to Work pilot £7.5m (Tees Valley-wide); £46m total government package","N/A — no UBI operational in UK Oct 2015. Actual baseline safety net: JSA £73.10/wk (adult rate) or £57.90/wk (under-25); ESA (support group) £109.65/wk; UC standard allowance £317.82/month. For model calibration: ubi_level = 0. UBI counterfactuals are simulation scenarios, not historical data.",1035,2018Q1 (28 months post-closure),,,,,,LOW,"AGE BAND: 50+. Nomis band used: Aged 50+ . Estimated SSI workers in this cell: 1035 (prior: 50% of 2070).  QUARTER: 2018Q1 (28 months post-closure, Oct 2 2015).  REDCAR & CLEVELAND LA (E06000003) claimant count: 3050 quarterly avg (baseline 3477; excess vs baseline: -427).  RC LA age band claimants: 735 (24.1% of LA total).  NE LABOUR MARKET (APS Jul 2017-Jun 2018): unemployment 5.4%, employment 70.6%, activity 74.7%.  NE MEDIAN WAGE (ASHE 2018): £511.1/week (£26577/yr). SSI workers earned above NE median (skilled manual, union rates, est. £25k-£35k).  No direct outcome data for this quarter. Use RC LA claimant count trajectory as proxy for still_seeking rate.  outcome_retrain_% and outcome_share_similar_% remain UNKNOWN — DWP microdata required for clean bucket split. outcome_underemployed_% proxy only (area wage data). All area-level data is NOT individual SSI worker tracking.","Nomis claimant count is AREA-LEVEL (Redcar & Cleveland LA or NE ITL1) — not individual SSI worker tracking. SSI dominated local economy so LA-level excess is largely attributable to closure, but non-SSI workers are included. JSA exit ≠ re-employed (workers may move to ESA/UC). Nomis age band 25-49 ≠ model band 25-44. UK training course = 2-day refresher to full vocational qual — not comparable to German Umschulung (1-2yr full requalification). Steel sector ~95% male; gender-disaggregated outcome rates unavailable from public sources.",2018Q1,28,all,3050,3477,-427.1,735.0,24.1,57788,67784,-9996.2,,,5.4,70.6,74.7,Jul 2017-Jun 2018,511.1,26577,1035,0.5,,,,,,,,,,,
redcar_2015,ONS Nomis NM_162_1 / DWP JSA Stats / SSI Task Force,https://www.nomisweb.co.uk/,2015-2017,Redcar / Teesside,North East England,16-24,skilled_manual,primary_metals / steel_manufacturing,£25k-£35k est.,£11k employer hiring subsidy (under-45 tier); Routes to Work pilot £7.5m (Tees Valley-wide); Employer Ownership of Skills pilot; £46m total government package,"N/A — no UBI operational in UK Oct 2015. Actual baseline safety net: JSA £73.10/wk (adult rate) or £57.90/wk (under-25); ESA (support group) £109.65/wk; UC standard allowance £317.82/month. For model calibration: ubi_level = 0. UBI counterfactuals are simulation scenarios, not historical data.",197,2018Q1 (28 months post-closure),,,,,,LOW,"AGE BAND: 16-24. Nomis band used: Aged 16-24 . Estimated SSI workers in this cell: 197 (prior: 10% of 2070).  GENDER: male. Prior: 95% of SSI workforce (UK steel industry statistic, not SSI-specific microdata).  QUARTER: 2018Q1 (28 months post-closure, Oct 2 2015).  REDCAR & CLEVELAND LA (E06000003) claimant count: 3050 quarterly avg (baseline 3477; excess vs baseline: -427).  RC LA age band claimants: 753 (24.7% of LA total).  NE ITL1 gender claimants in this age band: 8200 (65.6% of NE age-band total). NOTE: NE gender split mixes steel and non-steel workers. SSI gender prior (95% male) used for ssi_est_workers_this_cell instead.  NE LABOUR MARKET (APS Jul 2017-Jun 2018): unemployment 5.4%, employment 70.6%, activity 74.7%.  NE MEDIAN WAGE (ASHE 2018): £511.1/week (£26577/yr). SSI workers earned above NE median (skilled manual, union rates, est. £25k-£35k).  No direct outcome data for this quarter. Use RC LA claimant count trajectory as proxy for still_seeking rate.  outcome_retrain_% and outcome_share_similar_% remain UNKNOWN — DWP microdata required for clean bucket split. outcome_underemployed_% proxy only (area wage data). All area-level data is NOT individual SSI worker tracking.","Nomis claimant count is AREA-LEVEL (Redcar & Cleveland LA or NE ITL1) — not individual SSI worker tracking. SSI dominated local economy so LA-level excess is largely attributable to closure, but non-SSI workers are included. JSA exit ≠ re-employed (workers may move to ESA/UC). Nomis age band 25-49 ≠ model band 25-44. UK training course = 2-day refresher to full vocational qual — not comparable to German Umschulung (1-2yr full requalification). Steel sector ~95% male; gender-disaggregated outcome rates unavailable from public sources.",2018Q1,28,male,3050,3477,-427.1,753.0,24.7,57788,67784,-9996.2,8200.0,65.6,5.4,70.6,74.7,Jul 2017-Jun 2018,511.1,26577,197,0.1,0.95,,,,,,,,,,
redcar_2015,ONS Nomis NM_162_1 / DWP JSA Stats / SSI Task Force,https://www.nomisweb.co.uk/,2015-2017,Redcar / Teesside,North East England,16-24,skilled_manual,primary_metals / steel_manufacturing,£25k-£35k est.,£11k employer hiring subsidy (under-45 tier); Routes to Work pilot £7.5m (Tees Valley-wide); Employer Ownership of Skills pilot; £46m total government package,"N/A — no UBI operational in UK Oct 2015. Actual baseline safety net: JSA £73.10/wk (adult rate) or £57.90/wk (under-25); ESA (support group) £109.65/wk; UC standard allowance £317.82/month. For model calibration: ubi_level = 0. UBI counterfactuals are simulation scenarios, not historical data.",10,2018Q1 (28 months post-closure),,,,,,LOW,"AGE BAND: 16-24. Nomis band used: Aged 16-24 . Estimated SSI workers in this cell: 10 (prior: 10% of 2070).  GENDER: female. Prior: 5% of SSI workforce (UK steel industry statistic, not SSI-specific microdata).  QUARTER: 2018Q1 (28 months post-closure, Oct 2 2015).  REDCAR & CLEVELAND LA (E06000003) claimant count: 3050 quarterly avg (baseline 3477; excess vs baseline: -427).  RC LA age band claimants: 753 (24.7% of LA total).  NE ITL1 gender claimants in this age band: 4308 (34.4% of NE age-band total). NOTE: NE gender split mixes steel and non-steel workers. SSI gender prior (95% male) used for ssi_est_workers_this_cell instead.  NE LABOUR MARKET (APS Jul 2017-Jun 2018): unemployment 5.4%, employment 70.6%, activity 74.7%.  NE MEDIAN WAGE (ASHE 2018): £511.1/week (£26577/yr). SSI workers earned above NE median (skilled manual, union rates, est. £25k-£35k).  No direct outcome data for this quarter. Use RC LA claimant count trajectory as proxy for still_seeking rate.  outcome_retrain_% and outcome_share_similar_% remain UNKNOWN — DWP microdata required for clean bucket split. outcome_underemployed_% proxy only (area wage data). All area-level data is NOT individual SSI worker tracking.","Nomis claimant count is AREA-LEVEL (Redcar & Cleveland LA or NE ITL1) — not individual SSI worker tracking. SSI dominated local economy so LA-level excess is largely attributable to closure, but non-SSI workers are included. JSA exit ≠ re-employed (workers may move to ESA/UC). Nomis age band 25-49 ≠ model band 25-44. UK training course = 2-day refresher to full vocational qual — not comparable to German Umschulung (1-2yr full requalification). Steel sector ~95% male; gender-disaggregated outcome rates unavailable from public sources.",2018Q1,28,female,3050,3477,-427.1,753.0,24.7,57788,67784,-9996.2,4308.0,34.4,5.4,70.6,74.7,Jul 2017-Jun 2018,511.1,26577,10,0.1,0.05,,,,,,,,,,
redcar_2015,ONS Nomis NM_162_1 / DWP JSA Stats / SSI Task Force,https://www.nomisweb.co.uk/,2015-2017,Redcar / Teesside,North East England,25-49,skilled_manual,primary_metals / steel_manufacturing,£25k-£35k est.,£11k employer hiring subsidy (under-45 tier); Routes to Work pilot £7.5m (Tees Valley-wide); £46m total government package,"N/A — no UBI operational in UK Oct 2015. Actual baseline safety net: JSA £73.10/wk (adult rate) or £57.90/wk (under-25); ESA (support group) £109.65/wk; UC standard allowance £317.82/month. For model calibration: ubi_level = 0. UBI counterfactuals are simulation scenarios, not historical data.",787,2018Q1 (28 months post-closure),,,,,,LOW,"AGE BAND: 25-49. Nomis band used: Aged 25-49 (NOTE: Nomis uses 25-49, not 25-44 — document mismatch). Estimated SSI workers in this cell: 787 (prior: 40% of 2070).  GENDER: male. Prior: 95% of SSI workforce (UK steel industry statistic, not SSI-specific microdata).  QUARTER: 2018Q1 (28 months post-closure, Oct 2 2015).  REDCAR & CLEVELAND LA (E06000003) claimant count: 3050 quarterly avg (baseline 3477; excess vs baseline: -427).  RC LA age band claimants: 1558 (51.1% of LA total).  NE ITL1 gender claimants in this age band: 19772 (64.9% of NE age-band total). NOTE: NE gender split mixes steel and non-steel workers. SSI gender prior (95% male) used for ssi_est_workers_this_cell instead.  NE LABOUR MARKET (APS Jul 2017-Jun 2018): unemployment 5.4%, employment 70.6%, activity 74.7%.  NE MEDIAN WAGE (ASHE 2018): £511.1/week (£26577/yr). SSI workers earned above NE median (skilled manual, union rates, est. £25k-£35k).  No direct outcome data for this quarter. Use RC LA claimant count trajectory as proxy for still_seeking rate.  outcome_retrain_% and outcome_share_similar_% remain UNKNOWN — DWP microdata required for clean bucket split. outcome_underemployed_% proxy only (area wage data). All area-level data is NOT individual SSI worker tracking.","Nomis claimant count is AREA-LEVEL (Redcar & Cleveland LA or NE ITL1) — not individual SSI worker tracking. SSI dominated local economy so LA-level excess is largely attributable to closure, but non-SSI workers are included. JSA exit ≠ re-employed (workers may move to ESA/UC). Nomis age band 25-49 ≠ model band 25-44. UK training course = 2-day refresher to full vocational qual — not comparable to German Umschulung (1-2yr full requalification). Steel sector ~95% male; gender-disaggregated outcome rates unavailable from public sources.",2018Q1,28,male,3050,3477,-427.1,1558.0,51.1,57788,67784,-9996.2,19772.0,64.9,5.4,70.6,74.7,Jul 2017-Jun 2018,511.1,26577,787,0.4,0.95,,,,,,,,,,
redcar_2015,ONS Nomis NM_162_1 / DWP JSA Stats / SSI Task Force,https://www.nomisweb.co.uk/,2015-2017,Redcar / Teesside,North East England,25-49,skilled_manual,primary_metals / steel_manufacturing,£25k-£35k est.,£11k employer hiring subsidy (under-45 tier); Routes to Work pilot £7.5m (Tees Valley-wide); £46m total government package,"N/A — no UBI operational in UK Oct 2015. Actual baseline safety net: JSA £73.10/wk (adult rate) or £57.90/wk (under-25); ESA (support group) £109.65/wk; UC standard allowance £317.82/month. For model calibration: ubi_level = 0. UBI counterfactuals are simulation scenarios, not historical data.",41,2018Q1 (28 months post-closure),,,,,,LOW,"AGE BAND: 25-49. Nomis band used: Aged 25-49 (NOTE: Nomis uses 25-49, not 25-44 — document mismatch). Estimated SSI workers in this cell: 41 (prior: 40% of 2070).  GENDER: female. Prior: 5% of SSI workforce (UK steel industry statistic, not SSI-specific microdata).  QUARTER: 2018Q1 (28 months post-closure, Oct 2 2015).  REDCAR & CLEVELAND LA (E06000003) claimant count: 3050 quarterly avg (baseline 3477; excess vs baseline: -427).  RC LA age band claimants: 1558 (51.1% of LA total).  NE ITL1 gender claimants in this age band: 10708 (35.1% of NE age-band total). NOTE: NE gender split mixes steel and non-steel workers. SSI gender prior (95% male) used for ssi_est_workers_this_cell instead.  NE LABOUR MARKET (APS Jul 2017-Jun 2018): unemployment 5.4%, employment 70.6%, activity 74.7%.  NE MEDIAN WAGE (ASHE 2018): £511.1/week (£26577/yr). SSI workers earned above NE median (skilled manual, union rates, est. £25k-£35k).  No direct outcome data for this quarter. Use RC LA claimant count trajectory as proxy for still_seeking rate.  outcome_retrain_% and outcome_share_similar_% remain UNKNOWN — DWP microdata required for clean bucket split. outcome_underemployed_% proxy only (area wage data). All area-level data is NOT individual SSI worker tracking.","Nomis claimant count is AREA-LEVEL (Redcar & Cleveland LA or NE ITL1) — not individual SSI worker tracking. SSI dominated local economy so LA-level excess is largely attributable to closure, but non-SSI workers are included. JSA exit ≠ re-employed (workers may move to ESA/UC). Nomis age band 25-49 ≠ model band 25-44. UK training course = 2-day refresher to full vocational qual — not comparable to German Umschulung (1-2yr full requalification). Steel sector ~95% male; gender-disaggregated outcome rates unavailable from public sources.",2018Q1,28,female,3050,3477,-427.1,1558.0,51.1,57788,67784,-9996.2,10708.0,35.1,5.4,70.6,74.7,Jul 2017-Jun 2018,511.1,26577,41,0.4,0.05,,,,,,,,,,
redcar_2015,ONS Nomis NM_162_1 / DWP JSA Stats / SSI Task Force,https://www.nomisweb.co.uk/,2015-2017,Redcar / Teesside,North East England,50+,skilled_manual,primary_metals / steel_manufacturing,£25k-£35k est.,"£15k employer hiring subsidy (45+ tier — highest rate, recognising harder-to-place status); Routes to Work pilot £7.5m (Tees Valley-wide); £46m total government package","N/A — no UBI operational in UK Oct 2015. Actual baseline safety net: JSA £73.10/wk (adult rate) or £57.90/wk (under-25); ESA (support group) £109.65/wk; UC standard allowance £317.82/month. For model calibration: ubi_level = 0. UBI counterfactuals are simulation scenarios, not historical data.",983,2018Q1 (28 months post-closure),,,,,,LOW,"AGE BAND: 50+. Nomis band used: Aged 50+ . Estimated SSI workers in this cell: 983 (prior: 50% of 2070).  GENDER: male. Prior: 95% of SSI workforce (UK steel industry statistic, not SSI-specific microdata).  QUARTER: 2018Q1 (28 months post-closure, Oct 2 2015).  REDCAR & CLEVELAND LA (E06000003) claimant count: 3050 quarterly avg (baseline 3477; excess vs baseline: -427).  RC LA age band claimants: 735 (24.1% of LA total).  NE ITL1 gender claimants in this age band: 9173 (62.1% of NE age-band total). NOTE: NE gender split mixes steel and non-steel workers. SSI gender prior (95% male) used for ssi_est_workers_this_cell instead.  NE LABOUR MARKET (APS Jul 2017-Jun 2018): unemployment 5.4%, employment 70.6%, activity 74.7%.  NE MEDIAN WAGE (ASHE 2018): £511.1/week (£26577/yr). SSI workers earned above NE median (skilled manual, union rates, est. £25k-£35k).  No direct outcome data for this quarter. Use RC LA claimant count trajectory as proxy for still_seeking rate.  outcome_retrain_% and outcome_share_similar_% remain UNKNOWN — DWP microdata required for clean bucket split. outcome_underemployed_% proxy only (area wage data). All area-level data is NOT individual SSI worker tracking.","Nomis claimant count is AREA-LEVEL (Redcar & Cleveland LA or NE ITL1) — not individual SSI worker tracking. SSI dominated local economy so LA-level excess is largely attributable to closure, but non-SSI workers are included. JSA exit ≠ re-employed (workers may move to ESA/UC). Nomis age band 25-49 ≠ model band 25-44. UK training course = 2-day refresher to full vocational qual — not comparable to German Umschulung (1-2yr full requalification). Steel sector ~95% male; gender-disaggregated outcome rates unavailable from public sources.",2018Q1,28,male,3050,3477,-427.1,735.0,24.1,57788,67784,-9996.2,9173.0,62.1,5.4,70.6,74.7,Jul 2017-Jun 2018,511.1,26577,983,0.5,0.95,,,,,,,,,,
redcar_2015,ONS Nomis NM_162_1 / DWP JSA Stats / SSI Task Force,https://www.nomisweb.co.uk/,2015-2017,Redcar / Teesside,North East England,50+,skilled_manual,primary_metals / steel_manufacturing,£25k-£35k est.,"£15k employer hiring subsidy (45+ tier — highest rate, recognising harder-to-place status); Routes to Work pilot £7.5m (Tees Valley-wide); £46m total government package","N/A — no UBI operational in UK Oct 2015. Actual baseline safety net: JSA £73.10/wk (adult rate) or £57.90/wk (under-25); ESA (support group) £109.65/wk; UC standard allowance £317.82/month. For model calibration: ubi_level = 0. UBI counterfactuals are simulation scenarios, not historical data.",52,2018Q1 (28 months post-closure),,,,,,LOW,"AGE BAND: 50+. Nomis band used: Aged 50+ . Estimated SSI workers in this cell: 52 (prior: 50% of 2070).  GENDER: female. Prior: 5% of SSI workforce (UK steel industry statistic, not SSI-specific microdata).  QUARTER: 2018Q1 (28 months post-closure, Oct 2 2015).  REDCAR & CLEVELAND LA (E06000003) claimant count: 3050 quarterly avg (baseline 3477; excess vs baseline: -427).  RC LA age band claimants: 735 (24.1% of LA total).  NE ITL1 gender claimants in this age band: 5605 (37.9% of NE age-band total). NOTE: NE gender split mixes steel and non-steel workers. SSI gender prior (95% male) used for ssi_est_workers_this_cell instead.  NE LABOUR MARKET (APS Jul 2017-Jun 2018): unemployment 5.4%, employment 70.6%, activity 74.7%.  NE MEDIAN WAGE (ASHE 2018): £511.1/week (£26577/yr). SSI workers earned above NE median (skilled manual, union rates, est. £25k-£35k).  No direct outcome data for this quarter. Use RC LA claimant count trajectory as proxy for still_seeking rate.  outcome_retrain_% and outcome_share_similar_% remain UNKNOWN — DWP microdata required for clean bucket split. outcome_underemployed_% proxy only (area wage data). All area-level data is NOT individual SSI worker tracking.","Nomis claimant count is AREA-LEVEL (Redcar & Cleveland LA or NE ITL1) — not individual SSI worker tracking. SSI dominated local economy so LA-level excess is largely attributable to closure, but non-SSI workers are included. JSA exit ≠ re-employed (workers may move to ESA/UC). Nomis age band 25-49 ≠ model band 25-44. UK training course = 2-day refresher to full vocational qual — not comparable to German Umschulung (1-2yr full requalification). Steel sector ~95% male; gender-disaggregated outcome rates unavailable from public sources.",2018Q1,28,female,3050,3477,-427.1,735.0,24.1,57788,67784,-9996.2,5605.0,37.9,5.4,70.6,74.7,Jul 2017-Jun 2018,511.1,26577,52,0.5,0.05,,,,,,,,,,
redcar_2015,ONS Nomis NM_162_1 / DWP JSA Stats / SSI Task Force,https://www.nomisweb.co.uk/,2015-2017,Redcar / Teesside,North East England,all,low_skilled,primary_metals / steel_manufacturing,<£20k,"£11k-£15k employer hiring subsidy (age-tiered: £11k under-45, £15k aged 45+); Routes to Work pilot £7.5m (Tees Valley-wide); £46m total government package (announced Oct 2015)","N/A — no UBI operational in UK Oct 2015. Actual baseline safety net: JSA £73.10/wk (adult rate) or £57.90/wk (under-25); ESA (support group) £109.65/wk; UC standard allowance £317.82/month. For model calibration: ubi_level = 0. UBI counterfactuals are simulation scenarios, not historical data.",104,2018Q1 (28 months post-closure),6.0,9.0,48.0,36.0,1.0,ESTIMATED_LOW,"INCOME BAND: <£20k. Semi-skilled process support, admin, cleaners. ASHE NE p10 (£288/wk=£15k/yr). Lowest-paid SSI cohort. Estimated 5% of workforce — LOW confidence. Outcome adjustments vs £25k-£35k baseline: retrain -2pp, share_similar -6pp, underemployed +3pp, exit +6pp, still_seeking -1pp. Source: China Shock ADH (low-wage→exit/underemployed; high-wage→share_similar) + Hartz re-employment wage analysis. All income-band outcomes ESTIMATED_LOW.  QUARTER: 2018Q1 (28 months post-closure, Oct 2 2015).  REDCAR & CLEVELAND LA (E06000003) claimant count: 3050 quarterly avg (baseline 3477; excess vs baseline: -427).  NE LABOUR MARKET (APS Jul 2017-Jun 2018): unemployment 5.4%, employment 70.6%, activity 74.7%.  NE MEDIAN WAGE (ASHE 2018): £511.1/week (£26577/yr). SSI workers earned above NE median (skilled manual, union rates, est. £25k-£35k).  No direct outcome data for this quarter. Use RC LA claimant count trajectory as proxy for still_seeking rate.  outcome_retrain_% and outcome_share_similar_% remain UNKNOWN — DWP microdata required for clean bucket split. outcome_underemployed_% proxy only (area wage data). All area-level data is NOT individual SSI worker tracking.","Nomis claimant count is AREA-LEVEL (Redcar & Cleveland LA or NE ITL1) — not individual SSI worker tracking. SSI dominated local economy so LA-level excess is largely attributable to closure, but non-SSI workers are included. JSA exit ≠ re-employed (workers may move to ESA/UC). Nomis age band 25-49 ≠ model band 25-44. UK training course = 2-day refresher to full vocational qual — not comparable to German Umschulung (1-2yr full requalification). Steel sector ~95% male; gender-disaggregated outcome rates unavailable from public sources.",2018Q1,28,all,3050,3477,-427.1,,,57788,67784,-9996.2,,,5.4,70.6,74.7,Jul 2017-Jun 2018,511.1,26577,104,,,,,,,,,,,,
redcar_2015,ONS Nomis NM_162_1 / DWP JSA Stats / SSI Task Force,https://www.nomisweb.co.uk/,2015-2017,Redcar / Teesside,North East England,all,skilled_manual,primary_metals / steel_manufacturing,£20k-£25k,"£11k-£15k employer hiring subsidy (age-tiered: £11k under-45, £15k aged 45+); Routes to Work pilot £7.5m (Tees Valley-wide); £46m total government package (announced Oct 2015)","N/A — no UBI operational in UK Oct 2015. Actual baseline safety net: JSA £73.10/wk (adult rate) or £57.90/wk (under-25); ESA (support group) £109.65/wk; UC standard allowance £317.82/month. For model calibration: ubi_level = 0. UBI counterfactuals are simulation scenarios, not historical data.",310,2018Q1 (28 months post-closure),7.0,11.0,47.0,34.0,1.0,ESTIMATED_LOW,"INCOME BAND: £20k-£25k. Semi-skilled process operators, junior technicians. ASHE NE p25-median range (£359-£486/wk). Estimated 15% of workforce — LOW confidence. Outcome adjustments vs £25k-£35k baseline: retrain -1pp, share_similar -4pp, underemployed +2pp, exit +4pp, still_seeking -1pp. Source: China Shock ADH (low-wage→exit/underemployed; high-wage→share_similar) + Hartz re-employment wage analysis. All income-band outcomes ESTIMATED_LOW.  QUARTER: 2018Q1 (28 months post-closure, Oct 2 2015).  REDCAR & CLEVELAND LA (E06000003) claimant count: 3050 quarterly avg (baseline 3477; excess vs baseline: -427).  NE LABOUR MARKET (APS Jul 2017-Jun 2018): unemployment 5.4%, employment 70.6%, activity 74.7%.  NE MEDIAN WAGE (ASHE 2018): £511.1/week (£26577/yr). SSI workers earned above NE median (skilled manual, union rates, est. £25k-£35k).  No direct outcome data for this quarter. Use RC LA claimant count trajectory as proxy for still_seeking rate.  outcome_retrain_% and outcome_share_similar_% remain UNKNOWN — DWP microdata required for clean bucket split. outcome_underemployed_% proxy only (area wage data). All area-level data is NOT individual SSI worker tracking.","Nomis claimant count is AREA-LEVEL (Redcar & Cleveland LA or NE ITL1) — not individual SSI worker tracking. SSI dominated local economy so LA-level excess is largely attributable to closure, but non-SSI workers are included. JSA exit ≠ re-employed (workers may move to ESA/UC). Nomis age band 25-49 ≠ model band 25-44. UK training course = 2-day refresher to full vocational qual — not comparable to German Umschulung (1-2yr full requalification). Steel sector ~95% male; gender-disaggregated outcome rates unavailable from public sources.",2018Q1,28,all,3050,3477,-427.1,,,57788,67784,-9996.2,,,5.4,70.6,74.7,Jul 2017-Jun 2018,511.1,26577,310,,,,,,,,,,,,
redcar_2015,ONS Nomis NM_162_1 / DWP JSA Stats / SSI Task Force,https://www.nomisweb.co.uk/,2015-2017,Redcar / Teesside,North East England,all,skilled_manual,primary_metals / steel_manufacturing,£25k-£35k,"£11k-£15k employer hiring subsidy (age-tiered: £11k under-45, £15k aged 45+); Routes to Work pilot £7.5m (Tees Valley-wide); £46m total government package (announced Oct 2015)","N/A — no UBI operational in UK Oct 2015. Actual baseline safety net: JSA £73.10/wk (adult rate) or £57.90/wk (under-25); ESA (support group) £109.65/wk; UC standard allowance £317.82/month. For model calibration: ubi_level = 0. UBI counterfactuals are simulation scenarios, not historical data.",1138,2018Q1 (28 months post-closure),8.0,15.0,45.0,30.0,,LOW,"INCOME BAND: £25k-£35k. Skilled process operators, blast furnace operators. ASHE NE median-p75 range (£486-£679/wk). PRIMARY ESTIMATE — majority of SSI workforce. All aggregate anchors (25% still-seeking, 93% off benefits) apply directly. Outcome adjustments vs £25k-£35k baseline: retrain +0pp, share_similar +0pp, underemployed +0pp, exit +0pp, still_seeking +0pp. Source: China Shock ADH (low-wage→exit/underemployed; high-wage→share_similar) + Hartz re-employment wage analysis. All income-band outcomes ESTIMATED_LOW.  QUARTER: 2018Q1 (28 months post-closure, Oct 2 2015).  REDCAR & CLEVELAND LA (E06000003) claimant count: 3050 quarterly avg (baseline 3477; excess vs baseline: -427).  NE LABOUR MARKET (APS Jul 2017-Jun 2018): unemployment 5.4%, employment 70.6%, activity 74.7%.  NE MEDIAN WAGE (ASHE 2018): £511.1/week (£26577/yr). SSI workers earned above NE median (skilled manual, union rates, est. £25k-£35k).  No direct outcome data for this quarter. Use RC LA claimant count trajectory as proxy for still_seeking rate.  outcome_retrain_% and outcome_share_similar_% remain UNKNOWN — DWP microdata required for clean bucket split. outcome_underemployed_% proxy only (area wage data). All area-level data is NOT individual SSI worker tracking.","Nomis claimant count is AREA-LEVEL (Redcar & Cleveland LA or NE ITL1) — not individual SSI worker tracking. SSI dominated local economy so LA-level excess is largely attributable to closure, but non-SSI workers are included. JSA exit ≠ re-employed (workers may move to ESA/UC). Nomis age band 25-49 ≠ model band 25-44. UK training course = 2-day refresher to full vocational qual — not comparable to German Umschulung (1-2yr full requalification). Steel sector ~95% male; gender-disaggregated outcome rates unavailable from public sources.",2018Q1,28,all,3050,3477,-427.1,,,57788,67784,-9996.2,,,5.4,70.6,74.7,Jul 2017-Jun 2018,511.1,26577,1138,,,,,,,,,,,,
redcar_2015,ONS Nomis NM_162_1 / DWP JSA Stats / SSI Task Force,https://www.nomisweb.co.uk/,2015-2017,Redcar / Teesside,North East England,all,skilled_manual,primary_metals / steel_manufacturing,£35k-£50k,"£11k-£15k employer hiring subsidy (age-tiered: £11k under-45, £15k aged 45+); Routes to Work pilot £7.5m (Tees Valley-wide); £46m total government package (announced Oct 2015)","N/A — no UBI operational in UK Oct 2015. Actual baseline safety net: JSA £73.10/wk (adult rate) or £57.90/wk (under-25); ESA (support group) £109.65/wk; UC standard allowance £317.82/month. For model calibration: ubi_level = 0. UBI counterfactuals are simulation scenarios, not historical data.",414,2018Q1 (28 months post-closure),9.0,22.0,39.0,26.0,4.0,ESTIMATED_LOW,"INCOME BAND: £35k-£50k. Senior operators, shift supervisors, maintenance engineers, technicians. ASHE NE p75-p90 range (£679-£882/wk). Estimated 20% of workforce — LOW confidence. Outcome adjustments vs £25k-£35k baseline: retrain +1pp, share_similar +7pp, underemployed -6pp, exit -4pp, still_seeking +2pp. Source: China Shock ADH (low-wage→exit/underemployed; high-wage→share_similar) + Hartz re-employment wage analysis. All income-band outcomes ESTIMATED_LOW.  QUARTER: 2018Q1 (28 months post-closure, Oct 2 2015).  REDCAR & CLEVELAND LA (E06000003) claimant count: 3050 quarterly avg (baseline 3477; excess vs baseline: -427).  NE LABOUR MARKET (APS Jul 2017-Jun 2018): unemployment 5.4%, employment 70.6%, activity 74.7%.  NE MEDIAN WAGE (ASHE 2018): £511.1/week (£26577/yr). SSI workers earned above NE median (skilled manual, union rates, est. £25k-£35k).  No direct outcome data for this quarter. Use RC LA claimant count trajectory as proxy for still_seeking rate.  outcome_retrain_% and outcome_share_similar_% remain UNKNOWN — DWP microdata required for clean bucket split. outcome_underemployed_% proxy only (area wage data). All area-level data is NOT individual SSI worker tracking.","Nomis claimant count is AREA-LEVEL (Redcar & Cleveland LA or NE ITL1) — not individual SSI worker tracking. SSI dominated local economy so LA-level excess is largely attributable to closure, but non-SSI workers are included. JSA exit ≠ re-employed (workers may move to ESA/UC). Nomis age band 25-49 ≠ model band 25-44. UK training course = 2-day refresher to full vocational qual — not comparable to German Umschulung (1-2yr full requalification). Steel sector ~95% male; gender-disaggregated outcome rates unavailable from public sources.",2018Q1,28,all,3050,3477,-427.1,,,57788,67784,-9996.2,,,5.4,70.6,74.7,Jul 2017-Jun 2018,511.1,26577,414,,,,,,,,,,,,
redcar_2015,ONS Nomis NM_162_1 / DWP JSA Stats / SSI Task Force,https://www.nomisweb.co.uk/,2015-2017,Redcar / Teesside,North East England,all,professional,primary_metals / steel_manufacturing,£50k+,"£11k-£15k employer hiring subsidy (age-tiered: £11k under-45, £15k aged 45+); Routes to Work pilot £7.5m (Tees Valley-wide); £46m total government package (announced Oct 2015)","N/A — no UBI operational in UK Oct 2015. Actual baseline safety net: JSA £73.10/wk (adult rate) or £57.90/wk (under-25); ESA (support group) £109.65/wk; UC standard allowance £317.82/month. For model calibration: ubi_level = 0. UBI counterfactuals are simulation scenarios, not historical data.",104,2018Q1 (28 months post-closure),7.0,30.0,31.0,24.0,8.0,ESTIMATED_LOW,"INCOME BAND: £50k+. Plant management, senior engineers, operations managers. Above ASHE NE p90 (£882/wk=£45.9k/yr). Estimated 5% of workforce — LOW confidence. Likely had enhanced redundancy packages separate from main SSI terms. Outcome adjustments vs £25k-£35k baseline: retrain -1pp, share_similar +15pp, underemployed -14pp, exit -6pp, still_seeking +6pp. Source: China Shock ADH (low-wage→exit/underemployed; high-wage→share_similar) + Hartz re-employment wage analysis. All income-band outcomes ESTIMATED_LOW.  QUARTER: 2018Q1 (28 months post-closure, Oct 2 2015).  REDCAR & CLEVELAND LA (E06000003) claimant count: 3050 quarterly avg (baseline 3477; excess vs baseline: -427).  NE LABOUR MARKET (APS Jul 2017-Jun 2018): unemployment 5.4%, employment 70.6%, activity 74.7%.  NE MEDIAN WAGE (ASHE 2018): £511.1/week (£26577/yr). SSI workers earned above NE median (skilled manual, union rates, est. £25k-£35k).  No direct outcome data for this quarter. Use RC LA claimant count trajectory as proxy for still_seeking rate.  outcome_retrain_% and outcome_share_similar_% remain UNKNOWN — DWP microdata required for clean bucket split. outcome_underemployed_% proxy only (area wage data). All area-level data is NOT individual SSI worker tracking.","Nomis claimant count is AREA-LEVEL (Redcar & Cleveland LA or NE ITL1) — not individual SSI worker tracking. SSI dominated local economy so LA-level excess is largely attributable to closure, but non-SSI workers are included. JSA exit ≠ re-employed (workers may move to ESA/UC). Nomis age band 25-49 ≠ model band 25-44. UK training course = 2-day refresher to full vocational qual — not comparable to German Umschulung (1-2yr full requalification). Steel sector ~95% male; gender-disaggregated outcome rates unavailable from public sources.",2018Q1,28,all,3050,3477,-427.1,,,57788,67784,-9996.2,,,5.4,70.6,74.7,Jul 2017-Jun 2018,511.1,26577,104,,,,,,,,,,,,
redcar_2015,ONS Nomis NM_162_1 / DWP JSA Stats / SSI Task Force,https://www.nomisweb.co.uk/,2015-2017,Redcar / Teesside,North East England,all,skilled_manual,primary_metals / steel_manufacturing,£25k-£35k est.,"£11k-£15k employer hiring subsidy (age-tiered: £11k under-45, £15k aged 45+); Routes to Work pilot £7.5m (Tees Valley-wide); £46m total government package (announced Oct 2015)","N/A — no UBI operational in UK Oct 2015. Actual baseline safety net: JSA £73.10/wk (adult rate) or £57.90/wk (under-25); ESA (support group) £109.65/wk; UC standard allowance £317.82/month. For model calibration: ubi_level = 0. UBI counterfactuals are simulation scenarios, not historical data.",2070,2018Q2 (31 months post-closure),,,,,,LOW,"QUARTER: 2018Q2 (31 months post-closure, Oct 2 2015).  REDCAR & CLEVELAND LA (E06000003) claimant count: 2887 quarterly avg (baseline 3477; excess vs baseline: -590).  NE LABOUR MARKET (APS Oct 2017-Sep 2018): unemployment 5.2%, employment 70.8%, activity 74.8%.  NE MEDIAN WAGE (ASHE 2018): £511.1/week (£26577/yr). SSI workers earned above NE median (skilled manual, union rates, est. £25k-£35k).  No direct outcome data for this quarter. Use RC LA claimant count trajectory as proxy for still_seeking rate.  outcome_retrain_% and outcome_share_similar_% remain UNKNOWN — DWP microdata required for clean bucket split. outcome_underemployed_% proxy only (area wage data). All area-level data is NOT individual SSI worker tracking.","Nomis claimant count is AREA-LEVEL (Redcar & Cleveland LA or NE ITL1) — not individual SSI worker tracking. SSI dominated local economy so LA-level excess is largely attributable to closure, but non-SSI workers are included. JSA exit ≠ re-employed (workers may move to ESA/UC). Nomis age band 25-49 ≠ model band 25-44. UK training course = 2-day refresher to full vocational qual — not comparable to German Umschulung (1-2yr full requalification). Steel sector ~95% male; gender-disaggregated outcome rates unavailable from public sources.",2018Q2,31,all,2887,3477,-590.4,,,59402,67784,-8382.8,,,5.2,70.8,74.8,Oct 2017-Sep 2018,511.1,26577,2070,,,,,,,,,,,,
redcar_2015,ONS Nomis NM_162_1 / DWP JSA Stats / SSI Task Force,https://www.nomisweb.co.uk/,2015-2017,Redcar / Teesside,North East England,16-24,skilled_manual,primary_metals / steel_manufacturing,£25k-£35k est.,£11k employer hiring subsidy (under-45 tier); Routes to Work pilot £7.5m (Tees Valley-wide); Employer Ownership of Skills pilot; £46m total government package,"N/A — no UBI operational in UK Oct 2015. Actual baseline safety net: JSA £73.10/wk (adult rate) or £57.90/wk (under-25); ESA (support group) £109.65/wk; UC standard allowance £317.82/month. For model calibration: ubi_level = 0. UBI counterfactuals are simulation scenarios, not historical data.",207,2018Q2 (31 months post-closure),,,,,,LOW,"AGE BAND: 16-24. Nomis band used: Aged 16-24 . Estimated SSI workers in this cell: 207 (prior: 10% of 2070).  QUARTER: 2018Q2 (31 months post-closure, Oct 2 2015).  REDCAR & CLEVELAND LA (E06000003) claimant count: 2887 quarterly avg (baseline 3477; excess vs baseline: -590).  RC LA age band claimants: 682 (23.6% of LA total).  NE LABOUR MARKET (APS Oct 2017-Sep 2018): unemployment 5.2%, employment 70.8%, activity 74.8%.  NE MEDIAN WAGE (ASHE 2018): £511.1/week (£26577/yr). SSI workers earned above NE median (skilled manual, union rates, est. £25k-£35k).  No direct outcome data for this quarter. Use RC LA claimant count trajectory as proxy for still_seeking rate.  outcome_retrain_% and outcome_share_similar_% remain UNKNOWN — DWP microdata required for clean bucket split. outcome_underemployed_% proxy only (area wage data). All area-level data is NOT individual SSI worker tracking.","Nomis claimant count is AREA-LEVEL (Redcar & Cleveland LA or NE ITL1) — not individual SSI worker tracking. SSI dominated local economy so LA-level excess is largely attributable to closure, but non-SSI workers are included. JSA exit ≠ re-employed (workers may move to ESA/UC). Nomis age band 25-49 ≠ model band 25-44. UK training course = 2-day refresher to full vocational qual — not comparable to German Umschulung (1-2yr full requalification). Steel sector ~95% male; gender-disaggregated outcome rates unavailable from public sources.",2018Q2,31,all,2887,3477,-590.4,682.0,23.6,59402,67784,-8382.8,,,5.2,70.8,74.8,Oct 2017-Sep 2018,511.1,26577,207,0.1,,,,,,,,,,,
redcar_2015,ONS Nomis NM_162_1 / DWP JSA Stats / SSI Task Force,https://www.nomisweb.co.uk/,2015-2017,Redcar / Teesside,North East England,25-49,skilled_manual,primary_metals / steel_manufacturing,£25k-£35k est.,£11k employer hiring subsidy (under-45 tier); Routes to Work pilot £7.5m (Tees Valley-wide); £46m total government package,"N/A — no UBI operational in UK Oct 2015. Actual baseline safety net: JSA £73.10/wk (adult rate) or £57.90/wk (under-25); ESA (support group) £109.65/wk; UC standard allowance £317.82/month. For model calibration: ubi_level = 0. UBI counterfactuals are simulation scenarios, not historical data.",828,2018Q2 (31 months post-closure),,,,,,LOW,"AGE BAND: 25-49. Nomis band used: Aged 25-49 (NOTE: Nomis uses 25-49, not 25-44 — document mismatch). Estimated SSI workers in this cell: 828 (prior: 40% of 2070).  QUARTER: 2018Q2 (31 months post-closure, Oct 2 2015).  REDCAR & CLEVELAND LA (E06000003) claimant count: 2887 quarterly avg (baseline 3477; excess vs baseline: -590).  RC LA age band claimants: 1490 (51.6% of LA total).  NE LABOUR MARKET (APS Oct 2017-Sep 2018): unemployment 5.2%, employment 70.8%, activity 74.8%.  NE MEDIAN WAGE (ASHE 2018): £511.1/week (£26577/yr). SSI workers earned above NE median (skilled manual, union rates, est. £25k-£35k).  No direct outcome data for this quarter. Use RC LA claimant count trajectory as proxy for still_seeking rate.  outcome_retrain_% and outcome_share_similar_% remain UNKNOWN — DWP microdata required for clean bucket split. outcome_underemployed_% proxy only (area wage data). All area-level data is NOT individual SSI worker tracking.","Nomis claimant count is AREA-LEVEL (Redcar & Cleveland LA or NE ITL1) — not individual SSI worker tracking. SSI dominated local economy so LA-level excess is largely attributable to closure, but non-SSI workers are included. JSA exit ≠ re-employed (workers may move to ESA/UC). Nomis age band 25-49 ≠ model band 25-44. UK training course = 2-day refresher to full vocational qual — not comparable to German Umschulung (1-2yr full requalification). Steel sector ~95% male; gender-disaggregated outcome rates unavailable from public sources.",2018Q2,31,all,2887,3477,-590.4,1490.0,51.6,59402,67784,-8382.8,,,5.2,70.8,74.8,Oct 2017-Sep 2018,511.1,26577,828,0.4,,,,,,,,,,,
redcar_2015,ONS Nomis NM_162_1 / DWP JSA Stats / SSI Task Force,https://www.nomisweb.co.uk/,2015-2017,Redcar / Teesside,North East England,50+,skilled_manual,primary_metals / steel_manufacturing,£25k-£35k est.,"£15k employer hiring subsidy (45+ tier — highest rate, recognising harder-to-place status); Routes to Work pilot £7.5m (Tees Valley-wide); £46m total government package","N/A — no UBI operational in UK Oct 2015. Actual baseline safety net: JSA £73.10/wk (adult rate) or £57.90/wk (under-25); ESA (support group) £109.65/wk; UC standard allowance £317.82/month. For model calibration: ubi_level = 0. UBI counterfactuals are simulation scenarios, not historical data.",1035,2018Q2 (31 months post-closure),,,,,,LOW,"AGE BAND: 50+. Nomis band used: Aged 50+ . Estimated SSI workers in this cell: 1035 (prior: 50% of 2070).  QUARTER: 2018Q2 (31 months post-closure, Oct 2 2015).  REDCAR & CLEVELAND LA (E06000003) claimant count: 2887 quarterly avg (baseline 3477; excess vs baseline: -590).  RC LA age band claimants: 713 (24.7% of LA total).  NE LABOUR MARKET (APS Oct 2017-Sep 2018): unemployment 5.2%, employment 70.8%, activity 74.8%.  NE MEDIAN WAGE (ASHE 2018): £511.1/week (£26577/yr). SSI workers earned above NE median (skilled manual, union rates, est. £25k-£35k).  No direct outcome data for this quarter. Use RC LA claimant count trajectory as proxy for still_seeking rate.  outcome_retrain_% and outcome_share_similar_% remain UNKNOWN — DWP microdata required for clean bucket split. outcome_underemployed_% proxy only (area wage data). All area-level data is NOT individual SSI worker tracking.","Nomis claimant count is AREA-LEVEL (Redcar & Cleveland LA or NE ITL1) — not individual SSI worker tracking. SSI dominated local economy so LA-level excess is largely attributable to closure, but non-SSI workers are included. JSA exit ≠ re-employed (workers may move to ESA/UC). Nomis age band 25-49 ≠ model band 25-44. UK training course = 2-day refresher to full vocational qual — not comparable to German Umschulung (1-2yr full requalification). Steel sector ~95% male; gender-disaggregated outcome rates unavailable from public sources.",2018Q2,31,all,2887,3477,-590.4,713.0,24.7,59402,67784,-8382.8,,,5.2,70.8,74.8,Oct 2017-Sep 2018,511.1,26577,1035,0.5,,,,,,,,,,,
redcar_2015,ONS Nomis NM_162_1 / DWP JSA Stats / SSI Task Force,https://www.nomisweb.co.uk/,2015-2017,Redcar / Teesside,North East England,16-24,skilled_manual,primary_metals / steel_manufacturing,£25k-£35k est.,£11k employer hiring subsidy (under-45 tier); Routes to Work pilot £7.5m (Tees Valley-wide); Employer Ownership of Skills pilot; £46m total government package,"N/A — no UBI operational in UK Oct 2015. Actual baseline safety net: JSA £73.10/wk (adult rate) or £57.90/wk (under-25); ESA (support group) £109.65/wk; UC standard allowance £317.82/month. For model calibration: ubi_level = 0. UBI counterfactuals are simulation scenarios, not historical data.",197,2018Q2 (31 months post-closure),,,,,,LOW,"AGE BAND: 16-24. Nomis band used: Aged 16-24 . Estimated SSI workers in this cell: 197 (prior: 10% of 2070).  GENDER: male. Prior: 95% of SSI workforce (UK steel industry statistic, not SSI-specific microdata).  QUARTER: 2018Q2 (31 months post-closure, Oct 2 2015).  REDCAR & CLEVELAND LA (E06000003) claimant count: 2887 quarterly avg (baseline 3477; excess vs baseline: -590).  RC LA age band claimants: 682 (23.6% of LA total).  NE ITL1 gender claimants in this age band: 8278 (65.1% of NE age-band total). NOTE: NE gender split mixes steel and non-steel workers. SSI gender prior (95% male) used for ssi_est_workers_this_cell instead.  NE LABOUR MARKET (APS Oct 2017-Sep 2018): unemployment 5.2%, employment 70.8%, activity 74.8%.  NE MEDIAN WAGE (ASHE 2018): £511.1/week (£26577/yr). SSI workers earned above NE median (skilled manual, union rates, est. £25k-£35k).  No direct outcome data for this quarter. Use RC LA claimant count trajectory as proxy for still_seeking rate.  outcome_retrain_% and outcome_share_similar_% remain UNKNOWN — DWP microdata required for clean bucket split. outcome_underemployed_% proxy only (area wage data). All area-level data is NOT individual SSI worker tracking.","Nomis claimant count is AREA-LEVEL (Redcar & Cleveland LA or NE ITL1) — not individual SSI worker tracking. SSI dominated local economy so LA-level excess is largely attributable to closure, but non-SSI workers are included. JSA exit ≠ re-employed (workers may move to ESA/UC). Nomis age band 25-49 ≠ model band 25-44. UK training course = 2-day refresher to full vocational qual — not comparable to German Umschulung (1-2yr full requalification). Steel sector ~95% male; gender-disaggregated outcome rates unavailable from public sources.",2018Q2,31,male,2887,3477,-590.4,682.0,23.6,59402,67784,-8382.8,8278.0,65.1,5.2,70.8,74.8,Oct 2017-Sep 2018,511.1,26577,197,0.1,0.95,,,,,,,,,,
redcar_2015,ONS Nomis NM_162_1 / DWP JSA Stats / SSI Task Force,https://www.nomisweb.co.uk/,2015-2017,Redcar / Teesside,North East England,16-24,skilled_manual,primary_metals / steel_manufacturing,£25k-£35k est.,£11k employer hiring subsidy (under-45 tier); Routes to Work pilot £7.5m (Tees Valley-wide); Employer Ownership of Skills pilot; £46m total government package,"N/A — no UBI operational in UK Oct 2015. Actual baseline safety net: JSA £73.10/wk (adult rate) or £57.90/wk (under-25); ESA (support group) £109.65/wk; UC standard allowance £317.82/month. For model calibration: ubi_level = 0. UBI counterfactuals are simulation scenarios, not historical data.",10,2018Q2 (31 months post-closure),,,,,,LOW,"AGE BAND: 16-24. Nomis band used: Aged 16-24 . Estimated SSI workers in this cell: 10 (prior: 10% of 2070).  GENDER: female. Prior: 5% of SSI workforce (UK steel industry statistic, not SSI-specific microdata).  QUARTER: 2018Q2 (31 months post-closure, Oct 2 2015).  REDCAR & CLEVELAND LA (E06000003) claimant count: 2887 quarterly avg (baseline 3477; excess vs baseline: -590).  RC LA age band claimants: 682 (23.6% of LA total).  NE ITL1 gender claimants in this age band: 4430 (34.9% of NE age-band total). NOTE: NE gender split mixes steel and non-steel workers. SSI gender prior (95% male) used for ssi_est_workers_this_cell instead.  NE LABOUR MARKET (APS Oct 2017-Sep 2018): unemployment 5.2%, employment 70.8%, activity 74.8%.  NE MEDIAN WAGE (ASHE 2018): £511.1/week (£26577/yr). SSI workers earned above NE median (skilled manual, union rates, est. £25k-£35k).  No direct outcome data for this quarter. Use RC LA claimant count trajectory as proxy for still_seeking rate.  outcome_retrain_% and outcome_share_similar_% remain UNKNOWN — DWP microdata required for clean bucket split. outcome_underemployed_% proxy only (area wage data). All area-level data is NOT individual SSI worker tracking.","Nomis claimant count is AREA-LEVEL (Redcar & Cleveland LA or NE ITL1) — not individual SSI worker tracking. SSI dominated local economy so LA-level excess is largely attributable to closure, but non-SSI workers are included. JSA exit ≠ re-employed (workers may move to ESA/UC). Nomis age band 25-49 ≠ model band 25-44. UK training course = 2-day refresher to full vocational qual — not comparable to German Umschulung (1-2yr full requalification). Steel sector ~95% male; gender-disaggregated outcome rates unavailable from public sources.",2018Q2,31,female,2887,3477,-590.4,682.0,23.6,59402,67784,-8382.8,4430.0,34.9,5.2,70.8,74.8,Oct 2017-Sep 2018,511.1,26577,10,0.1,0.05,,,,,,,,,,
redcar_2015,ONS Nomis NM_162_1 / DWP JSA Stats / SSI Task Force,https://www.nomisweb.co.uk/,2015-2017,Redcar / Teesside,North East England,25-49,skilled_manual,primary_metals / steel_manufacturing,£25k-£35k est.,£11k employer hiring subsidy (under-45 tier); Routes to Work pilot £7.5m (Tees Valley-wide); £46m total government package,"N/A — no UBI operational in UK Oct 2015. Actual baseline safety net: JSA £73.10/wk (adult rate) or £57.90/wk (under-25); ESA (support group) £109.65/wk; UC standard allowance £317.82/month. For model calibration: ubi_level = 0. UBI counterfactuals are simulation scenarios, not historical data.",787,2018Q2 (31 months post-closure),,,,,,LOW,"AGE BAND: 25-49. Nomis band used: Aged 25-49 (NOTE: Nomis uses 25-49, not 25-44 — document mismatch). Estimated SSI workers in this cell: 787 (prior: 40% of 2070).  GENDER: male. Prior: 95% of SSI workforce (UK steel industry statistic, not SSI-specific microdata).  QUARTER: 2018Q2 (31 months post-closure, Oct 2 2015).  REDCAR & CLEVELAND LA (E06000003) claimant count: 2887 quarterly avg (baseline 3477; excess vs baseline: -590).  RC LA age band claimants: 1490 (51.6% of LA total).  NE ITL1 gender claimants in this age band: 20208 (64.0% of NE age-band total). NOTE: NE gender split mixes steel and non-steel workers. SSI gender prior (95% male) used for ssi_est_workers_this_cell instead.  NE LABOUR MARKET (APS Oct 2017-Sep 2018): unemployment 5.2%, employment 70.8%, activity 74.8%.  NE MEDIAN WAGE (ASHE 2018): £511.1/week (£26577/yr). SSI workers earned above NE median (skilled manual, union rates, est. £25k-£35k).  No direct outcome data for this quarter. Use RC LA claimant count trajectory as proxy for still_seeking rate.  outcome_retrain_% and outcome_share_similar_% remain UNKNOWN — DWP microdata required for clean bucket split. outcome_underemployed_% proxy only (area wage data). All area-level data is NOT individual SSI worker tracking.","Nomis claimant count is AREA-LEVEL (Redcar & Cleveland LA or NE ITL1) — not individual SSI worker tracking. SSI dominated local economy so LA-level excess is largely attributable to closure, but non-SSI workers are included. JSA exit ≠ re-employed (workers may move to ESA/UC). Nomis age band 25-49 ≠ model band 25-44. UK training course = 2-day refresher to full vocational qual — not comparable to German Umschulung (1-2yr full requalification). Steel sector ~95% male; gender-disaggregated outcome rates unavailable from public sources.",2018Q2,31,male,2887,3477,-590.4,1490.0,51.6,59402,67784,-8382.8,20208.0,64.0,5.2,70.8,74.8,Oct 2017-Sep 2018,511.1,26577,787,0.4,0.95,,,,,,,,,,
redcar_2015,ONS Nomis NM_162_1 / DWP JSA Stats / SSI Task Force,https://www.nomisweb.co.uk/,2015-2017,Redcar / Teesside,North East England,25-49,skilled_manual,primary_metals / steel_manufacturing,£25k-£35k est.,£11k employer hiring subsidy (under-45 tier); Routes to Work pilot £7.5m (Tees Valley-wide); £46m total government package,"N/A — no UBI operational in UK Oct 2015. Actual baseline safety net: JSA £73.10/wk (adult rate) or £57.90/wk (under-25); ESA (support group) £109.65/wk; UC standard allowance £317.82/month. For model calibration: ubi_level = 0. UBI counterfactuals are simulation scenarios, not historical data.",41,2018Q2 (31 months post-closure),,,,,,LOW,"AGE BAND: 25-49. Nomis band used: Aged 25-49 (NOTE: Nomis uses 25-49, not 25-44 — document mismatch). Estimated SSI workers in this cell: 41 (prior: 40% of 2070).  GENDER: female. Prior: 5% of SSI workforce (UK steel industry statistic, not SSI-specific microdata).  QUARTER: 2018Q2 (31 months post-closure, Oct 2 2015).  REDCAR & CLEVELAND LA (E06000003) claimant count: 2887 quarterly avg (baseline 3477; excess vs baseline: -590).  RC LA age band claimants: 1490 (51.6% of LA total).  NE ITL1 gender claimants in this age band: 11358 (36.0% of NE age-band total). NOTE: NE gender split mixes steel and non-steel workers. SSI gender prior (95% male) used for ssi_est_workers_this_cell instead.  NE LABOUR MARKET (APS Oct 2017-Sep 2018): unemployment 5.2%, employment 70.8%, activity 74.8%.  NE MEDIAN WAGE (ASHE 2018): £511.1/week (£26577/yr). SSI workers earned above NE median (skilled manual, union rates, est. £25k-£35k).  No direct outcome data for this quarter. Use RC LA claimant count trajectory as proxy for still_seeking rate.  outcome_retrain_% and outcome_share_similar_% remain UNKNOWN — DWP microdata required for clean bucket split. outcome_underemployed_% proxy only (area wage data). All area-level data is NOT individual SSI worker tracking.","Nomis claimant count is AREA-LEVEL (Redcar & Cleveland LA or NE ITL1) — not individual SSI worker tracking. SSI dominated local economy so LA-level excess is largely attributable to closure, but non-SSI workers are included. JSA exit ≠ re-employed (workers may move to ESA/UC). Nomis age band 25-49 ≠ model band 25-44. UK training course = 2-day refresher to full vocational qual — not comparable to German Umschulung (1-2yr full requalification). Steel sector ~95% male; gender-disaggregated outcome rates unavailable from public sources.",2018Q2,31,female,2887,3477,-590.4,1490.0,51.6,59402,67784,-8382.8,11358.0,36.0,5.2,70.8,74.8,Oct 2017-Sep 2018,511.1,26577,41,0.4,0.05,,,,,,,,,,
redcar_2015,ONS Nomis NM_162_1 / DWP JSA Stats / SSI Task Force,https://www.nomisweb.co.uk/,2015-2017,Redcar / Teesside,North East England,50+,skilled_manual,primary_metals / steel_manufacturing,£25k-£35k est.,"£15k employer hiring subsidy (45+ tier — highest rate, recognising harder-to-place status); Routes to Work pilot £7.5m (Tees Valley-wide); £46m total government package","N/A — no UBI operational in UK Oct 2015. Actual baseline safety net: JSA £73.10/wk (adult rate) or £57.90/wk (under-25); ESA (support group) £109.65/wk; UC standard allowance £317.82/month. For model calibration: ubi_level = 0. UBI counterfactuals are simulation scenarios, not historical data.",983,2018Q2 (31 months post-closure),,,,,,LOW,"AGE BAND: 50+. Nomis band used: Aged 50+ . Estimated SSI workers in this cell: 983 (prior: 50% of 2070).  GENDER: male. Prior: 95% of SSI workforce (UK steel industry statistic, not SSI-specific microdata).  QUARTER: 2018Q2 (31 months post-closure, Oct 2 2015).  REDCAR & CLEVELAND LA (E06000003) claimant count: 2887 quarterly avg (baseline 3477; excess vs baseline: -590).  RC LA age band claimants: 713 (24.7% of LA total).  NE ITL1 gender claimants in this age band: 9263 (61.3% of NE age-band total). NOTE: NE gender split mixes steel and non-steel workers. SSI gender prior (95% male) used for ssi_est_workers_this_cell instead.  NE LABOUR MARKET (APS Oct 2017-Sep 2018): unemployment 5.2%, employment 70.8%, activity 74.8%.  NE MEDIAN WAGE (ASHE 2018): £511.1/week (£26577/yr). SSI workers earned above NE median (skilled manual, union rates, est. £25k-£35k).  No direct outcome data for this quarter. Use RC LA claimant count trajectory as proxy for still_seeking rate.  outcome_retrain_% and outcome_share_similar_% remain UNKNOWN — DWP microdata required for clean bucket split. outcome_underemployed_% proxy only (area wage data). All area-level data is NOT individual SSI worker tracking.","Nomis claimant count is AREA-LEVEL (Redcar & Cleveland LA or NE ITL1) — not individual SSI worker tracking. SSI dominated local economy so LA-level excess is largely attributable to closure, but non-SSI workers are included. JSA exit ≠ re-employed (workers may move to ESA/UC). Nomis age band 25-49 ≠ model band 25-44. UK training course = 2-day refresher to full vocational qual — not comparable to German Umschulung (1-2yr full requalification). Steel sector ~95% male; gender-disaggregated outcome rates unavailable from public sources.",2018Q2,31,male,2887,3477,-590.4,713.0,24.7,59402,67784,-8382.8,9263.0,61.3,5.2,70.8,74.8,Oct 2017-Sep 2018,511.1,26577,983,0.5,0.95,,,,,,,,,,
redcar_2015,ONS Nomis NM_162_1 / DWP JSA Stats / SSI Task Force,https://www.nomisweb.co.uk/,2015-2017,Redcar / Teesside,North East England,50+,skilled_manual,primary_metals / steel_manufacturing,£25k-£35k est.,"£15k employer hiring subsidy (45+ tier — highest rate, recognising harder-to-place status); Routes to Work pilot £7.5m (Tees Valley-wide); £46m total government package","N/A — no UBI operational in UK Oct 2015. Actual baseline safety net: JSA £73.10/wk (adult rate) or £57.90/wk (under-25); ESA (support group) £109.65/wk; UC standard allowance £317.82/month. For model calibration: ubi_level = 0. UBI counterfactuals are simulation scenarios, not historical data.",52,2018Q2 (31 months post-closure),,,,,,LOW,"AGE BAND: 50+. Nomis band used: Aged 50+ . Estimated SSI workers in this cell: 52 (prior: 50% of 2070).  GENDER: female. Prior: 5% of SSI workforce (UK steel industry statistic, not SSI-specific microdata).  QUARTER: 2018Q2 (31 months post-closure, Oct 2 2015).  REDCAR & CLEVELAND LA (E06000003) claimant count: 2887 quarterly avg (baseline 3477; excess vs baseline: -590).  RC LA age band claimants: 713 (24.7% of LA total).  NE ITL1 gender claimants in this age band: 5842 (38.7% of NE age-band total). NOTE: NE gender split mixes steel and non-steel workers. SSI gender prior (95% male) used for ssi_est_workers_this_cell instead.  NE LABOUR MARKET (APS Oct 2017-Sep 2018): unemployment 5.2%, employment 70.8%, activity 74.8%.  NE MEDIAN WAGE (ASHE 2018): £511.1/week (£26577/yr). SSI workers earned above NE median (skilled manual, union rates, est. £25k-£35k).  No direct outcome data for this quarter. Use RC LA claimant count trajectory as proxy for still_seeking rate.  outcome_retrain_% and outcome_share_similar_% remain UNKNOWN — DWP microdata required for clean bucket split. outcome_underemployed_% proxy only (area wage data). All area-level data is NOT individual SSI worker tracking.","Nomis claimant count is AREA-LEVEL (Redcar & Cleveland LA or NE ITL1) — not individual SSI worker tracking. SSI dominated local economy so LA-level excess is largely attributable to closure, but non-SSI workers are included. JSA exit ≠ re-employed (workers may move to ESA/UC). Nomis age band 25-49 ≠ model band 25-44. UK training course = 2-day refresher to full vocational qual — not comparable to German Umschulung (1-2yr full requalification). Steel sector ~95% male; gender-disaggregated outcome rates unavailable from public sources.",2018Q2,31,female,2887,3477,-590.4,713.0,24.7,59402,67784,-8382.8,5842.0,38.7,5.2,70.8,74.8,Oct 2017-Sep 2018,511.1,26577,52,0.5,0.05,,,,,,,,,,
redcar_2015,ONS Nomis NM_162_1 / DWP JSA Stats / SSI Task Force,https://www.nomisweb.co.uk/,2015-2017,Redcar / Teesside,North East England,all,low_skilled,primary_metals / steel_manufacturing,<£20k,"£11k-£15k employer hiring subsidy (age-tiered: £11k under-45, £15k aged 45+); Routes to Work pilot £7.5m (Tees Valley-wide); £46m total government package (announced Oct 2015)","N/A — no UBI operational in UK Oct 2015. Actual baseline safety net: JSA £73.10/wk (adult rate) or £57.90/wk (under-25); ESA (support group) £109.65/wk; UC standard allowance £317.82/month. For model calibration: ubi_level = 0. UBI counterfactuals are simulation scenarios, not historical data.",104,2018Q2 (31 months post-closure),6.0,9.0,48.0,36.0,1.0,ESTIMATED_LOW,"INCOME BAND: <£20k. Semi-skilled process support, admin, cleaners. ASHE NE p10 (£288/wk=£15k/yr). Lowest-paid SSI cohort. Estimated 5% of workforce — LOW confidence. Outcome adjustments vs £25k-£35k baseline: retrain -2pp, share_similar -6pp, underemployed +3pp, exit +6pp, still_seeking -1pp. Source: China Shock ADH (low-wage→exit/underemployed; high-wage→share_similar) + Hartz re-employment wage analysis. All income-band outcomes ESTIMATED_LOW.  QUARTER: 2018Q2 (31 months post-closure, Oct 2 2015).  REDCAR & CLEVELAND LA (E06000003) claimant count: 2887 quarterly avg (baseline 3477; excess vs baseline: -590).  NE LABOUR MARKET (APS Oct 2017-Sep 2018): unemployment 5.2%, employment 70.8%, activity 74.8%.  NE MEDIAN WAGE (ASHE 2018): £511.1/week (£26577/yr). SSI workers earned above NE median (skilled manual, union rates, est. £25k-£35k).  No direct outcome data for this quarter. Use RC LA claimant count trajectory as proxy for still_seeking rate.  outcome_retrain_% and outcome_share_similar_% remain UNKNOWN — DWP microdata required for clean bucket split. outcome_underemployed_% proxy only (area wage data). All area-level data is NOT individual SSI worker tracking.","Nomis claimant count is AREA-LEVEL (Redcar & Cleveland LA or NE ITL1) — not individual SSI worker tracking. SSI dominated local economy so LA-level excess is largely attributable to closure, but non-SSI workers are included. JSA exit ≠ re-employed (workers may move to ESA/UC). Nomis age band 25-49 ≠ model band 25-44. UK training course = 2-day refresher to full vocational qual — not comparable to German Umschulung (1-2yr full requalification). Steel sector ~95% male; gender-disaggregated outcome rates unavailable from public sources.",2018Q2,31,all,2887,3477,-590.4,,,59402,67784,-8382.8,,,5.2,70.8,74.8,Oct 2017-Sep 2018,511.1,26577,104,,,,,,,,,,,,
redcar_2015,ONS Nomis NM_162_1 / DWP JSA Stats / SSI Task Force,https://www.nomisweb.co.uk/,2015-2017,Redcar / Teesside,North East England,all,skilled_manual,primary_metals / steel_manufacturing,£20k-£25k,"£11k-£15k employer hiring subsidy (age-tiered: £11k under-45, £15k aged 45+); Routes to Work pilot £7.5m (Tees Valley-wide); £46m total government package (announced Oct 2015)","N/A — no UBI operational in UK Oct 2015. Actual baseline safety net: JSA £73.10/wk (adult rate) or £57.90/wk (under-25); ESA (support group) £109.65/wk; UC standard allowance £317.82/month. For model calibration: ubi_level = 0. UBI counterfactuals are simulation scenarios, not historical data.",310,2018Q2 (31 months post-closure),7.0,11.0,47.0,34.0,1.0,ESTIMATED_LOW,"INCOME BAND: £20k-£25k. Semi-skilled process operators, junior technicians. ASHE NE p25-median range (£359-£486/wk). Estimated 15% of workforce — LOW confidence. Outcome adjustments vs £25k-£35k baseline: retrain -1pp, share_similar -4pp, underemployed +2pp, exit +4pp, still_seeking -1pp. Source: China Shock ADH (low-wage→exit/underemployed; high-wage→share_similar) + Hartz re-employment wage analysis. All income-band outcomes ESTIMATED_LOW.  QUARTER: 2018Q2 (31 months post-closure, Oct 2 2015).  REDCAR & CLEVELAND LA (E06000003) claimant count: 2887 quarterly avg (baseline 3477; excess vs baseline: -590).  NE LABOUR MARKET (APS Oct 2017-Sep 2018): unemployment 5.2%, employment 70.8%, activity 74.8%.  NE MEDIAN WAGE (ASHE 2018): £511.1/week (£26577/yr). SSI workers earned above NE median (skilled manual, union rates, est. £25k-£35k).  No direct outcome data for this quarter. Use RC LA claimant count trajectory as proxy for still_seeking rate.  outcome_retrain_% and outcome_share_similar_% remain UNKNOWN — DWP microdata required for clean bucket split. outcome_underemployed_% proxy only (area wage data). All area-level data is NOT individual SSI worker tracking.","Nomis claimant count is AREA-LEVEL (Redcar & Cleveland LA or NE ITL1) — not individual SSI worker tracking. SSI dominated local economy so LA-level excess is largely attributable to closure, but non-SSI workers are included. JSA exit ≠ re-employed (workers may move to ESA/UC). Nomis age band 25-49 ≠ model band 25-44. UK training course = 2-day refresher to full vocational qual — not comparable to German Umschulung (1-2yr full requalification). Steel sector ~95% male; gender-disaggregated outcome rates unavailable from public sources.",2018Q2,31,all,2887,3477,-590.4,,,59402,67784,-8382.8,,,5.2,70.8,74.8,Oct 2017-Sep 2018,511.1,26577,310,,,,,,,,,,,,
redcar_2015,ONS Nomis NM_162_1 / DWP JSA Stats / SSI Task Force,https://www.nomisweb.co.uk/,2015-2017,Redcar / Teesside,North East England,all,skilled_manual,primary_metals / steel_manufacturing,£25k-£35k,"£11k-£15k employer hiring subsidy (age-tiered: £11k under-45, £15k aged 45+); Routes to Work pilot £7.5m (Tees Valley-wide); £46m total government package (announced Oct 2015)","N/A — no UBI operational in UK Oct 2015. Actual baseline safety net: JSA £73.10/wk (adult rate) or £57.90/wk (under-25); ESA (support group) £109.65/wk; UC standard allowance £317.82/month. For model calibration: ubi_level = 0. UBI counterfactuals are simulation scenarios, not historical data.",1138,2018Q2 (31 months post-closure),8.0,15.0,45.0,30.0,,LOW,"INCOME BAND: £25k-£35k. Skilled process operators, blast furnace operators. ASHE NE median-p75 range (£486-£679/wk). PRIMARY ESTIMATE — majority of SSI workforce. All aggregate anchors (25% still-seeking, 93% off benefits) apply directly. Outcome adjustments vs £25k-£35k baseline: retrain +0pp, share_similar +0pp, underemployed +0pp, exit +0pp, still_seeking +0pp. Source: China Shock ADH (low-wage→exit/underemployed; high-wage→share_similar) + Hartz re-employment wage analysis. All income-band outcomes ESTIMATED_LOW.  QUARTER: 2018Q2 (31 months post-closure, Oct 2 2015).  REDCAR & CLEVELAND LA (E06000003) claimant count: 2887 quarterly avg (baseline 3477; excess vs baseline: -590).  NE LABOUR MARKET (APS Oct 2017-Sep 2018): unemployment 5.2%, employment 70.8%, activity 74.8%.  NE MEDIAN WAGE (ASHE 2018): £511.1/week (£26577/yr). SSI workers earned above NE median (skilled manual, union rates, est. £25k-£35k).  No direct outcome data for this quarter. Use RC LA claimant count trajectory as proxy for still_seeking rate.  outcome_retrain_% and outcome_share_similar_% remain UNKNOWN — DWP microdata required for clean bucket split. outcome_underemployed_% proxy only (area wage data). All area-level data is NOT individual SSI worker tracking.","Nomis claimant count is AREA-LEVEL (Redcar & Cleveland LA or NE ITL1) — not individual SSI worker tracking. SSI dominated local economy so LA-level excess is largely attributable to closure, but non-SSI workers are included. JSA exit ≠ re-employed (workers may move to ESA/UC). Nomis age band 25-49 ≠ model band 25-44. UK training course = 2-day refresher to full vocational qual — not comparable to German Umschulung (1-2yr full requalification). Steel sector ~95% male; gender-disaggregated outcome rates unavailable from public sources.",2018Q2,31,all,2887,3477,-590.4,,,59402,67784,-8382.8,,,5.2,70.8,74.8,Oct 2017-Sep 2018,511.1,26577,1138,,,,,,,,,,,,
redcar_2015,ONS Nomis NM_162_1 / DWP JSA Stats / SSI Task Force,https://www.nomisweb.co.uk/,2015-2017,Redcar / Teesside,North East England,all,skilled_manual,primary_metals / steel_manufacturing,£35k-£50k,"£11k-£15k employer hiring subsidy (age-tiered: £11k under-45, £15k aged 45+); Routes to Work pilot £7.5m (Tees Valley-wide); £46m total government package (announced Oct 2015)","N/A — no UBI operational in UK Oct 2015. Actual baseline safety net: JSA £73.10/wk (adult rate) or £57.90/wk (under-25); ESA (support group) £109.65/wk; UC standard allowance £317.82/month. For model calibration: ubi_level = 0. UBI counterfactuals are simulation scenarios, not historical data.",414,2018Q2 (31 months post-closure),9.0,22.0,39.0,26.0,4.0,ESTIMATED_LOW,"INCOME BAND: £35k-£50k. Senior operators, shift supervisors, maintenance engineers, technicians. ASHE NE p75-p90 range (£679-£882/wk). Estimated 20% of workforce — LOW confidence. Outcome adjustments vs £25k-£35k baseline: retrain +1pp, share_similar +7pp, underemployed -6pp, exit -4pp, still_seeking +2pp. Source: China Shock ADH (low-wage→exit/underemployed; high-wage→share_similar) + Hartz re-employment wage analysis. All income-band outcomes ESTIMATED_LOW.  QUARTER: 2018Q2 (31 months post-closure, Oct 2 2015).  REDCAR & CLEVELAND LA (E06000003) claimant count: 2887 quarterly avg (baseline 3477; excess vs baseline: -590).  NE LABOUR MARKET (APS Oct 2017-Sep 2018): unemployment 5.2%, employment 70.8%, activity 74.8%.  NE MEDIAN WAGE (ASHE 2018): £511.1/week (£26577/yr). SSI workers earned above NE median (skilled manual, union rates, est. £25k-£35k).  No direct outcome data for this quarter. Use RC LA claimant count trajectory as proxy for still_seeking rate.  outcome_retrain_% and outcome_share_similar_% remain UNKNOWN — DWP microdata required for clean bucket split. outcome_underemployed_% proxy only (area wage data). All area-level data is NOT individual SSI worker tracking.","Nomis claimant count is AREA-LEVEL (Redcar & Cleveland LA or NE ITL1) — not individual SSI worker tracking. SSI dominated local economy so LA-level excess is largely attributable to closure, but non-SSI workers are included. JSA exit ≠ re-employed (workers may move to ESA/UC). Nomis age band 25-49 ≠ model band 25-44. UK training course = 2-day refresher to full vocational qual — not comparable to German Umschulung (1-2yr full requalification). Steel sector ~95% male; gender-disaggregated outcome rates unavailable from public sources.",2018Q2,31,all,2887,3477,-590.4,,,59402,67784,-8382.8,,,5.2,70.8,74.8,Oct 2017-Sep 2018,511.1,26577,414,,,,,,,,,,,,
redcar_2015,ONS Nomis NM_162_1 / DWP JSA Stats / SSI Task Force,https://www.nomisweb.co.uk/,2015-2017,Redcar / Teesside,North East England,all,professional,primary_metals / steel_manufacturing,£50k+,"£11k-£15k employer hiring subsidy (age-tiered: £11k under-45, £15k aged 45+); Routes to Work pilot £7.5m (Tees Valley-wide); £46m total government package (announced Oct 2015)","N/A — no UBI operational in UK Oct 2015. Actual baseline safety net: JSA £73.10/wk (adult rate) or £57.90/wk (under-25); ESA (support group) £109.65/wk; UC standard allowance £317.82/month. For model calibration: ubi_level = 0. UBI counterfactuals are simulation scenarios, not historical data.",104,2018Q2 (31 months post-closure),7.0,30.0,31.0,24.0,8.0,ESTIMATED_LOW,"INCOME BAND: £50k+. Plant management, senior engineers, operations managers. Above ASHE NE p90 (£882/wk=£45.9k/yr). Estimated 5% of workforce — LOW confidence. Likely had enhanced redundancy packages separate from main SSI terms. Outcome adjustments vs £25k-£35k baseline: retrain -1pp, share_similar +15pp, underemployed -14pp, exit -6pp, still_seeking +6pp. Source: China Shock ADH (low-wage→exit/underemployed; high-wage→share_similar) + Hartz re-employment wage analysis. All income-band outcomes ESTIMATED_LOW.  QUARTER: 2018Q2 (31 months post-closure, Oct 2 2015).  REDCAR & CLEVELAND LA (E06000003) claimant count: 2887 quarterly avg (baseline 3477; excess vs baseline: -590).  NE LABOUR MARKET (APS Oct 2017-Sep 2018): unemployment 5.2%, employment 70.8%, activity 74.8%.  NE MEDIAN WAGE (ASHE 2018): £511.1/week (£26577/yr). SSI workers earned above NE median (skilled manual, union rates, est. £25k-£35k).  No direct outcome data for this quarter. Use RC LA claimant count trajectory as proxy for still_seeking rate.  outcome_retrain_% and outcome_share_similar_% remain UNKNOWN — DWP microdata required for clean bucket split. outcome_underemployed_% proxy only (area wage data). All area-level data is NOT individual SSI worker tracking.","Nomis claimant count is AREA-LEVEL (Redcar & Cleveland LA or NE ITL1) — not individual SSI worker tracking. SSI dominated local economy so LA-level excess is largely attributable to closure, but non-SSI workers are included. JSA exit ≠ re-employed (workers may move to ESA/UC). Nomis age band 25-49 ≠ model band 25-44. UK training course = 2-day refresher to full vocational qual — not comparable to German Umschulung (1-2yr full requalification). Steel sector ~95% male; gender-disaggregated outcome rates unavailable from public sources.",2018Q2,31,all,2887,3477,-590.4,,,59402,67784,-8382.8,,,5.2,70.8,74.8,Oct 2017-Sep 2018,511.1,26577,104,,,,,,,,,,,,
redcar_2015,ONS Nomis NM_162_1 / DWP JSA Stats / SSI Task Force,https://www.nomisweb.co.uk/,2015-2017,Redcar / Teesside,North East England,all,skilled_manual,primary_metals / steel_manufacturing,£25k-£35k est.,"£11k-£15k employer hiring subsidy (age-tiered: £11k under-45, £15k aged 45+); Routes to Work pilot £7.5m (Tees Valley-wide); £46m total government package (announced Oct 2015)","N/A — no UBI operational in UK Oct 2015. Actual baseline safety net: JSA £73.10/wk (adult rate) or £57.90/wk (under-25); ESA (support group) £109.65/wk; UC standard allowance £317.82/month. For model calibration: ubi_level = 0. UBI counterfactuals are simulation scenarios, not historical data.",2070,2018Q3 (34 months post-closure),,,,,,LOW,"QUARTER: 2018Q3 (34 months post-closure, Oct 2 2015).  REDCAR & CLEVELAND LA (E06000003) claimant count: 2615 quarterly avg (baseline 3477; excess vs baseline: -862).  NE LABOUR MARKET (APS Jan 2018-Dec 2018): unemployment 5.3%, employment 71.1%, activity 75.3%.  NE MEDIAN WAGE (ASHE 2018): £511.1/week (£26577/yr). SSI workers earned above NE median (skilled manual, union rates, est. £25k-£35k).  No direct outcome data for this quarter. Use RC LA claimant count trajectory as proxy for still_seeking rate.  outcome_retrain_% and outcome_share_similar_% remain UNKNOWN — DWP microdata required for clean bucket split. outcome_underemployed_% proxy only (area wage data). All area-level data is NOT individual SSI worker tracking.","Nomis claimant count is AREA-LEVEL (Redcar & Cleveland LA or NE ITL1) — not individual SSI worker tracking. SSI dominated local economy so LA-level excess is largely attributable to closure, but non-SSI workers are included. JSA exit ≠ re-employed (workers may move to ESA/UC). Nomis age band 25-49 ≠ model band 25-44. UK training course = 2-day refresher to full vocational qual — not comparable to German Umschulung (1-2yr full requalification). Steel sector ~95% male; gender-disaggregated outcome rates unavailable from public sources.",2018Q3,34,all,2615,3477,-862.1,,,58870,67784,-8914.5,,,5.3,71.1,75.3,Jan 2018-Dec 2018,511.1,26577,2070,,,,,,,,,,,,
redcar_2015,ONS Nomis NM_162_1 / DWP JSA Stats / SSI Task Force,https://www.nomisweb.co.uk/,2015-2017,Redcar / Teesside,North East England,16-24,skilled_manual,primary_metals / steel_manufacturing,£25k-£35k est.,£11k employer hiring subsidy (under-45 tier); Routes to Work pilot £7.5m (Tees Valley-wide); Employer Ownership of Skills pilot; £46m total government package,"N/A — no UBI operational in UK Oct 2015. Actual baseline safety net: JSA £73.10/wk (adult rate) or £57.90/wk (under-25); ESA (support group) £109.65/wk; UC standard allowance £317.82/month. For model calibration: ubi_level = 0. UBI counterfactuals are simulation scenarios, not historical data.",207,2018Q3 (34 months post-closure),,,,,,LOW,"AGE BAND: 16-24. Nomis band used: Aged 16-24 . Estimated SSI workers in this cell: 207 (prior: 10% of 2070).  QUARTER: 2018Q3 (34 months post-closure, Oct 2 2015).  REDCAR & CLEVELAND LA (E06000003) claimant count: 2615 quarterly avg (baseline 3477; excess vs baseline: -862).  RC LA age band claimants: 575 (22.0% of LA total).  NE LABOUR MARKET (APS Jan 2018-Dec 2018): unemployment 5.3%, employment 71.1%, activity 75.3%.  NE MEDIAN WAGE (ASHE 2018): £511.1/week (£26577/yr). SSI workers earned above NE median (skilled manual, union rates, est. £25k-£35k).  No direct outcome data for this quarter. Use RC LA claimant count trajectory as proxy for still_seeking rate.  outcome_retrain_% and outcome_share_similar_% remain UNKNOWN — DWP microdata required for clean bucket split. outcome_underemployed_% proxy only (area wage data). All area-level data is NOT individual SSI worker tracking.","Nomis claimant count is AREA-LEVEL (Redcar & Cleveland LA or NE ITL1) — not individual SSI worker tracking. SSI dominated local economy so LA-level excess is largely attributable to closure, but non-SSI workers are included. JSA exit ≠ re-employed (workers may move to ESA/UC). Nomis age band 25-49 ≠ model band 25-44. UK training course = 2-day refresher to full vocational qual — not comparable to German Umschulung (1-2yr full requalification). Steel sector ~95% male; gender-disaggregated outcome rates unavailable from public sources.",2018Q3,34,all,2615,3477,-862.1,575.0,22.0,58870,67784,-8914.5,,,5.3,71.1,75.3,Jan 2018-Dec 2018,511.1,26577,207,0.1,,,,,,,,,,,
redcar_2015,ONS Nomis NM_162_1 / DWP JSA Stats / SSI Task Force,https://www.nomisweb.co.uk/,2015-2017,Redcar / Teesside,North East England,25-49,skilled_manual,primary_metals / steel_manufacturing,£25k-£35k est.,£11k employer hiring subsidy (under-45 tier); Routes to Work pilot £7.5m (Tees Valley-wide); £46m total government package,"N/A — no UBI operational in UK Oct 2015. Actual baseline safety net: JSA £73.10/wk (adult rate) or £57.90/wk (under-25); ESA (support group) £109.65/wk; UC standard allowance £317.82/month. For model calibration: ubi_level = 0. UBI counterfactuals are simulation scenarios, not historical data.",828,2018Q3 (34 months post-closure),,,,,,LOW,"AGE BAND: 25-49. Nomis band used: Aged 25-49 (NOTE: Nomis uses 25-49, not 25-44 — document mismatch). Estimated SSI workers in this cell: 828 (prior: 40% of 2070).  QUARTER: 2018Q3 (34 months post-closure, Oct 2 2015).  REDCAR & CLEVELAND LA (E06000003) claimant count: 2615 quarterly avg (baseline 3477; excess vs baseline: -862).  RC LA age band claimants: 1348 (51.6% of LA total).  NE LABOUR MARKET (APS Jan 2018-Dec 2018): unemployment 5.3%, employment 71.1%, activity 75.3%.  NE MEDIAN WAGE (ASHE 2018): £511.1/week (£26577/yr). SSI workers earned above NE median (skilled manual, union rates, est. £25k-£35k).  No direct outcome data for this quarter. Use RC LA claimant count trajectory as proxy for still_seeking rate.  outcome_retrain_% and outcome_share_similar_% remain UNKNOWN — DWP microdata required for clean bucket split. outcome_underemployed_% proxy only (area wage data). All area-level data is NOT individual SSI worker tracking.","Nomis claimant count is AREA-LEVEL (Redcar & Cleveland LA or NE ITL1) — not individual SSI worker tracking. SSI dominated local economy so LA-level excess is largely attributable to closure, but non-SSI workers are included. JSA exit ≠ re-employed (workers may move to ESA/UC). Nomis age band 25-49 ≠ model band 25-44. UK training course = 2-day refresher to full vocational qual — not comparable to German Umschulung (1-2yr full requalification). Steel sector ~95% male; gender-disaggregated outcome rates unavailable from public sources.",2018Q3,34,all,2615,3477,-862.1,1348.0,51.6,58870,67784,-8914.5,,,5.3,71.1,75.3,Jan 2018-Dec 2018,511.1,26577,828,0.4,,,,,,,,,,,
redcar_2015,ONS Nomis NM_162_1 / DWP JSA Stats / SSI Task Force,https://www.nomisweb.co.uk/,2015-2017,Redcar / Teesside,North East England,50+,skilled_manual,primary_metals / steel_manufacturing,£25k-£35k est.,"£15k employer hiring subsidy (45+ tier — highest rate, recognising harder-to-place status); Routes to Work pilot £7.5m (Tees Valley-wide); £46m total government package","N/A — no UBI operational in UK Oct 2015. Actual baseline safety net: JSA £73.10/wk (adult rate) or £57.90/wk (under-25); ESA (support group) £109.65/wk; UC standard allowance £317.82/month. For model calibration: ubi_level = 0. UBI counterfactuals are simulation scenarios, not historical data.",1035,2018Q3 (34 months post-closure),,,,,,LOW,"AGE BAND: 50+. Nomis band used: Aged 50+ . Estimated SSI workers in this cell: 1035 (prior: 50% of 2070).  QUARTER: 2018Q3 (34 months post-closure, Oct 2 2015).  REDCAR & CLEVELAND LA (E06000003) claimant count: 2615 quarterly avg (baseline 3477; excess vs baseline: -862).  RC LA age band claimants: 688 (26.4% of LA total).  NE LABOUR MARKET (APS Jan 2018-Dec 2018): unemployment 5.3%, employment 71.1%, activity 75.3%.  NE MEDIAN WAGE (ASHE 2018): £511.1/week (£26577/yr). SSI workers earned above NE median (skilled manual, union rates, est. £25k-£35k).  No direct outcome data for this quarter. Use RC LA claimant count trajectory as proxy for still_seeking rate.  outcome_retrain_% and outcome_share_similar_% remain UNKNOWN — DWP microdata required for clean bucket split. outcome_underemployed_% proxy only (area wage data). All area-level data is NOT individual SSI worker tracking.","Nomis claimant count is AREA-LEVEL (Redcar & Cleveland LA or NE ITL1) — not individual SSI worker tracking. SSI dominated local economy so LA-level excess is largely attributable to closure, but non-SSI workers are included. JSA exit ≠ re-employed (workers may move to ESA/UC). Nomis age band 25-49 ≠ model band 25-44. UK training course = 2-day refresher to full vocational qual — not comparable to German Umschulung (1-2yr full requalification). Steel sector ~95% male; gender-disaggregated outcome rates unavailable from public sources.",2018Q3,34,all,2615,3477,-862.1,688.0,26.4,58870,67784,-8914.5,,,5.3,71.1,75.3,Jan 2018-Dec 2018,511.1,26577,1035,0.5,,,,,,,,,,,
redcar_2015,ONS Nomis NM_162_1 / DWP JSA Stats / SSI Task Force,https://www.nomisweb.co.uk/,2015-2017,Redcar / Teesside,North East England,16-24,skilled_manual,primary_metals / steel_manufacturing,£25k-£35k est.,£11k employer hiring subsidy (under-45 tier); Routes to Work pilot £7.5m (Tees Valley-wide); Employer Ownership of Skills pilot; £46m total government package,"N/A — no UBI operational in UK Oct 2015. Actual baseline safety net: JSA £73.10/wk (adult rate) or £57.90/wk (under-25); ESA (support group) £109.65/wk; UC standard allowance £317.82/month. For model calibration: ubi_level = 0. UBI counterfactuals are simulation scenarios, not historical data.",197,2018Q3 (34 months post-closure),,,,,,LOW,"AGE BAND: 16-24. Nomis band used: Aged 16-24 . Estimated SSI workers in this cell: 197 (prior: 10% of 2070).  GENDER: male. Prior: 95% of SSI workforce (UK steel industry statistic, not SSI-specific microdata).  QUARTER: 2018Q3 (34 months post-closure, Oct 2 2015).  REDCAR & CLEVELAND LA (E06000003) claimant count: 2615 quarterly avg (baseline 3477; excess vs baseline: -862).  RC LA age band claimants: 575 (22.0% of LA total).  NE ITL1 gender claimants in this age band: 7915 (63.7% of NE age-band total). NOTE: NE gender split mixes steel and non-steel workers. SSI gender prior (95% male) used for ssi_est_workers_this_cell instead.  NE LABOUR MARKET (APS Jan 2018-Dec 2018): unemployment 5.3%, employment 71.1%, activity 75.3%.  NE MEDIAN WAGE (ASHE 2018): £511.1/week (£26577/yr). SSI workers earned above NE median (skilled manual, union rates, est. £25k-£35k).  No direct outcome data for this quarter. Use RC LA claimant count trajectory as proxy for still_seeking rate.  outcome_retrain_% and outcome_share_similar_% remain UNKNOWN — DWP microdata required for clean bucket split. outcome_underemployed_% proxy only (area wage data). All area-level data is NOT individual SSI worker tracking.","Nomis claimant count is AREA-LEVEL (Redcar & Cleveland LA or NE ITL1) — not individual SSI worker tracking. SSI dominated local economy so LA-level excess is largely attributable to closure, but non-SSI workers are included. JSA exit ≠ re-employed (workers may move to ESA/UC). Nomis age band 25-49 ≠ model band 25-44. UK training course = 2-day refresher to full vocational qual — not comparable to German Umschulung (1-2yr full requalification). Steel sector ~95% male; gender-disaggregated outcome rates unavailable from public sources.",2018Q3,34,male,2615,3477,-862.1,575.0,22.0,58870,67784,-8914.5,7915.0,63.7,5.3,71.1,75.3,Jan 2018-Dec 2018,511.1,26577,197,0.1,0.95,,,,,,,,,,
redcar_2015,ONS Nomis NM_162_1 / DWP JSA Stats / SSI Task Force,https://www.nomisweb.co.uk/,2015-2017,Redcar / Teesside,North East England,16-24,skilled_manual,primary_metals / steel_manufacturing,£25k-£35k est.,£11k employer hiring subsidy (under-45 tier); Routes to Work pilot £7.5m (Tees Valley-wide); Employer Ownership of Skills pilot; £46m total government package,"N/A — no UBI operational in UK Oct 2015. Actual baseline safety net: JSA £73.10/wk (adult rate) or £57.90/wk (under-25); ESA (support group) £109.65/wk; UC standard allowance £317.82/month. For model calibration: ubi_level = 0. UBI counterfactuals are simulation scenarios, not historical data.",10,2018Q3 (34 months post-closure),,,,,,LOW,"AGE BAND: 16-24. Nomis band used: Aged 16-24 . Estimated SSI workers in this cell: 10 (prior: 10% of 2070).  GENDER: female. Prior: 5% of SSI workforce (UK steel industry statistic, not SSI-specific microdata).  QUARTER: 2018Q3 (34 months post-closure, Oct 2 2015).  REDCAR & CLEVELAND LA (E06000003) claimant count: 2615 quarterly avg (baseline 3477; excess vs baseline: -862).  RC LA age band claimants: 575 (22.0% of LA total).  NE ITL1 gender claimants in this age band: 4518 (36.3% of NE age-band total). NOTE: NE gender split mixes steel and non-steel workers. SSI gender prior (95% male) used for ssi_est_workers_this_cell instead.  NE LABOUR MARKET (APS Jan 2018-Dec 2018): unemployment 5.3%, employment 71.1%, activity 75.3%.  NE MEDIAN WAGE (ASHE 2018): £511.1/week (£26577/yr). SSI workers earned above NE median (skilled manual, union rates, est. £25k-£35k).  No direct outcome data for this quarter. Use RC LA claimant count trajectory as proxy for still_seeking rate.  outcome_retrain_% and outcome_share_similar_% remain UNKNOWN — DWP microdata required for clean bucket split. outcome_underemployed_% proxy only (area wage data). All area-level data is NOT individual SSI worker tracking.","Nomis claimant count is AREA-LEVEL (Redcar & Cleveland LA or NE ITL1) — not individual SSI worker tracking. SSI dominated local economy so LA-level excess is largely attributable to closure, but non-SSI workers are included. JSA exit ≠ re-employed (workers may move to ESA/UC). Nomis age band 25-49 ≠ model band 25-44. UK training course = 2-day refresher to full vocational qual — not comparable to German Umschulung (1-2yr full requalification). Steel sector ~95% male; gender-disaggregated outcome rates unavailable from public sources.",2018Q3,34,female,2615,3477,-862.1,575.0,22.0,58870,67784,-8914.5,4518.0,36.3,5.3,71.1,75.3,Jan 2018-Dec 2018,511.1,26577,10,0.1,0.05,,,,,,,,,,
redcar_2015,ONS Nomis NM_162_1 / DWP JSA Stats / SSI Task Force,https://www.nomisweb.co.uk/,2015-2017,Redcar / Teesside,North East England,25-49,skilled_manual,primary_metals / steel_manufacturing,£25k-£35k est.,£11k employer hiring subsidy (under-45 tier); Routes to Work pilot £7.5m (Tees Valley-wide); £46m total government package,"N/A — no UBI operational in UK Oct 2015. Actual baseline safety net: JSA £73.10/wk (adult rate) or £57.90/wk (under-25); ESA (support group) £109.65/wk; UC standard allowance £317.82/month. For model calibration: ubi_level = 0. UBI counterfactuals are simulation scenarios, not historical data.",787,2018Q3 (34 months post-closure),,,,,,LOW,"AGE BAND: 25-49. Nomis band used: Aged 25-49 (NOTE: Nomis uses 25-49, not 25-44 — document mismatch). Estimated SSI workers in this cell: 787 (prior: 40% of 2070).  GENDER: male. Prior: 95% of SSI workforce (UK steel industry statistic, not SSI-specific microdata).  QUARTER: 2018Q3 (34 months post-closure, Oct 2 2015).  REDCAR & CLEVELAND LA (E06000003) claimant count: 2615 quarterly avg (baseline 3477; excess vs baseline: -862).  RC LA age band claimants: 1348 (51.6% of LA total).  NE ITL1 gender claimants in this age band: 19602 (62.5% of NE age-band total). NOTE: NE gender split mixes steel and non-steel workers. SSI gender prior (95% male) used for ssi_est_workers_this_cell instead.  NE LABOUR MARKET (APS Jan 2018-Dec 2018): unemployment 5.3%, employment 71.1%, activity 75.3%.  NE MEDIAN WAGE (ASHE 2018): £511.1/week (£26577/yr). SSI workers earned above NE median (skilled manual, union rates, est. £25k-£35k).  No direct outcome data for this quarter. Use RC LA claimant count trajectory as proxy for still_seeking rate.  outcome_retrain_% and outcome_share_similar_% remain UNKNOWN — DWP microdata required for clean bucket split. outcome_underemployed_% proxy only (area wage data). All area-level data is NOT individual SSI worker tracking.","Nomis claimant count is AREA-LEVEL (Redcar & Cleveland LA or NE ITL1) — not individual SSI worker tracking. SSI dominated local economy so LA-level excess is largely attributable to closure, but non-SSI workers are included. JSA exit ≠ re-employed (workers may move to ESA/UC). Nomis age band 25-49 ≠ model band 25-44. UK training course = 2-day refresher to full vocational qual — not comparable to German Umschulung (1-2yr full requalification). Steel sector ~95% male; gender-disaggregated outcome rates unavailable from public sources.",2018Q3,34,male,2615,3477,-862.1,1348.0,51.6,58870,67784,-8914.5,19602.0,62.5,5.3,71.1,75.3,Jan 2018-Dec 2018,511.1,26577,787,0.4,0.95,,,,,,,,,,
redcar_2015,ONS Nomis NM_162_1 / DWP JSA Stats / SSI Task Force,https://www.nomisweb.co.uk/,2015-2017,Redcar / Teesside,North East England,25-49,skilled_manual,primary_metals / steel_manufacturing,£25k-£35k est.,£11k employer hiring subsidy (under-45 tier); Routes to Work pilot £7.5m (Tees Valley-wide); £46m total government package,"N/A — no UBI operational in UK Oct 2015. Actual baseline safety net: JSA £73.10/wk (adult rate) or £57.90/wk (under-25); ESA (support group) £109.65/wk; UC standard allowance £317.82/month. For model calibration: ubi_level = 0. UBI counterfactuals are simulation scenarios, not historical data.",41,2018Q3 (34 months post-closure),,,,,,LOW,"AGE BAND: 25-49. Nomis band used: Aged 25-49 (NOTE: Nomis uses 25-49, not 25-44 — document mismatch). Estimated SSI workers in this cell: 41 (prior: 40% of 2070).  GENDER: female. Prior: 5% of SSI workforce (UK steel industry statistic, not SSI-specific microdata).  QUARTER: 2018Q3 (34 months post-closure, Oct 2 2015).  REDCAR & CLEVELAND LA (E06000003) claimant count: 2615 quarterly avg (baseline 3477; excess vs baseline: -862).  RC LA age band claimants: 1348 (51.6% of LA total).  NE ITL1 gender claimants in this age band: 11755 (37.5% of NE age-band total). NOTE: NE gender split mixes steel and non-steel workers. SSI gender prior (95% male) used for ssi_est_workers_this_cell instead.  NE LABOUR MARKET (APS Jan 2018-Dec 2018): unemployment 5.3%, employment 71.1%, activity 75.3%.  NE MEDIAN WAGE (ASHE 2018): £511.1/week (£26577/yr). SSI workers earned above NE median (skilled manual, union rates, est. £25k-£35k).  No direct outcome data for this quarter. Use RC LA claimant count trajectory as proxy for still_seeking rate.  outcome_retrain_% and outcome_share_similar_% remain UNKNOWN — DWP microdata required for clean bucket split. outcome_underemployed_% proxy only (area wage data). All area-level data is NOT individual SSI worker tracking.","Nomis claimant count is AREA-LEVEL (Redcar & Cleveland LA or NE ITL1) — not individual SSI worker tracking. SSI dominated local economy so LA-level excess is largely attributable to closure, but non-SSI workers are included. JSA exit ≠ re-employed (workers may move to ESA/UC). Nomis age band 25-49 ≠ model band 25-44. UK training course = 2-day refresher to full vocational qual — not comparable to German Umschulung (1-2yr full requalification). Steel sector ~95% male; gender-disaggregated outcome rates unavailable from public sources.",2018Q3,34,female,2615,3477,-862.1,1348.0,51.6,58870,67784,-8914.5,11755.0,37.5,5.3,71.1,75.3,Jan 2018-Dec 2018,511.1,26577,41,0.4,0.05,,,,,,,,,,
redcar_2015,ONS Nomis NM_162_1 / DWP JSA Stats / SSI Task Force,https://www.nomisweb.co.uk/,2015-2017,Redcar / Teesside,North East England,50+,skilled_manual,primary_metals / steel_manufacturing,£25k-£35k est.,"£15k employer hiring subsidy (45+ tier — highest rate, recognising harder-to-place status); Routes to Work pilot £7.5m (Tees Valley-wide); £46m total government package","N/A — no UBI operational in UK Oct 2015. Actual baseline safety net: JSA £73.10/wk (adult rate) or £57.90/wk (under-25); ESA (support group) £109.65/wk; UC standard allowance £317.82/month. For model calibration: ubi_level = 0. UBI counterfactuals are simulation scenarios, not historical data.",983,2018Q3 (34 months post-closure),,,,,,LOW,"AGE BAND: 50+. Nomis band used: Aged 50+ . Estimated SSI workers in this cell: 983 (prior: 50% of 2070).  GENDER: male. Prior: 95% of SSI workforce (UK steel industry statistic, not SSI-specific microdata).  QUARTER: 2018Q3 (34 months post-closure, Oct 2 2015).  REDCAR & CLEVELAND LA (E06000003) claimant count: 2615 quarterly avg (baseline 3477; excess vs baseline: -862).  RC LA age band claimants: 688 (26.4% of LA total).  NE ITL1 gender claimants in this age band: 9135 (60.7% of NE age-band total). NOTE: NE gender split mixes steel and non-steel workers. SSI gender prior (95% male) used for ssi_est_workers_this_cell instead.  NE LABOUR MARKET (APS Jan 2018-Dec 2018): unemployment 5.3%, employment 71.1%, activity 75.3%.  NE MEDIAN WAGE (ASHE 2018): £511.1/week (£26577/yr). SSI workers earned above NE median (skilled manual, union rates, est. £25k-£35k).  No direct outcome data for this quarter. Use RC LA claimant count trajectory as proxy for still_seeking rate.  outcome_retrain_% and outcome_share_similar_% remain UNKNOWN — DWP microdata required for clean bucket split. outcome_underemployed_% proxy only (area wage data). All area-level data is NOT individual SSI worker tracking.","Nomis claimant count is AREA-LEVEL (Redcar & Cleveland LA or NE ITL1) — not individual SSI worker tracking. SSI dominated local economy so LA-level excess is largely attributable to closure, but non-SSI workers are included. JSA exit ≠ re-employed (workers may move to ESA/UC). Nomis age band 25-49 ≠ model band 25-44. UK training course = 2-day refresher to full vocational qual — not comparable to German Umschulung (1-2yr full requalification). Steel sector ~95% male; gender-disaggregated outcome rates unavailable from public sources.",2018Q3,34,male,2615,3477,-862.1,688.0,26.4,58870,67784,-8914.5,9135.0,60.7,5.3,71.1,75.3,Jan 2018-Dec 2018,511.1,26577,983,0.5,0.95,,,,,,,,,,
redcar_2015,ONS Nomis NM_162_1 / DWP JSA Stats / SSI Task Force,https://www.nomisweb.co.uk/,2015-2017,Redcar / Teesside,North East England,50+,skilled_manual,primary_metals / steel_manufacturing,£25k-£35k est.,"£15k employer hiring subsidy (45+ tier — highest rate, recognising harder-to-place status); Routes to Work pilot £7.5m (Tees Valley-wide); £46m total government package","N/A — no UBI operational in UK Oct 2015. Actual baseline safety net: JSA £73.10/wk (adult rate) or £57.90/wk (under-25); ESA (support group) £109.65/wk; UC standard allowance £317.82/month. For model calibration: ubi_level = 0. UBI counterfactuals are simulation scenarios, not historical data.",52,2018Q3 (34 months post-closure),,,,,,LOW,"AGE BAND: 50+. Nomis band used: Aged 50+ . Estimated SSI workers in this cell: 52 (prior: 50% of 2070).  GENDER: female. Prior: 5% of SSI workforce (UK steel industry statistic, not SSI-specific microdata).  QUARTER: 2018Q3 (34 months post-closure, Oct 2 2015).  REDCAR & CLEVELAND LA (E06000003) claimant count: 2615 quarterly avg (baseline 3477; excess vs baseline: -862).  RC LA age band claimants: 688 (26.4% of LA total).  NE ITL1 gender claimants in this age band: 5923 (39.3% of NE age-band total). NOTE: NE gender split mixes steel and non-steel workers. SSI gender prior (95% male) used for ssi_est_workers_this_cell instead.  NE LABOUR MARKET (APS Jan 2018-Dec 2018): unemployment 5.3%, employment 71.1%, activity 75.3%.  NE MEDIAN WAGE (ASHE 2018): £511.1/week (£26577/yr). SSI workers earned above NE median (skilled manual, union rates, est. £25k-£35k).  No direct outcome data for this quarter. Use RC LA claimant count trajectory as proxy for still_seeking rate.  outcome_retrain_% and outcome_share_similar_% remain UNKNOWN — DWP microdata required for clean bucket split. outcome_underemployed_% proxy only (area wage data). All area-level data is NOT individual SSI worker tracking.","Nomis claimant count is AREA-LEVEL (Redcar & Cleveland LA or NE ITL1) — not individual SSI worker tracking. SSI dominated local economy so LA-level excess is largely attributable to closure, but non-SSI workers are included. JSA exit ≠ re-employed (workers may move to ESA/UC). Nomis age band 25-49 ≠ model band 25-44. UK training course = 2-day refresher to full vocational qual — not comparable to German Umschulung (1-2yr full requalification). Steel sector ~95% male; gender-disaggregated outcome rates unavailable from public sources.",2018Q3,34,female,2615,3477,-862.1,688.0,26.4,58870,67784,-8914.5,5923.0,39.3,5.3,71.1,75.3,Jan 2018-Dec 2018,511.1,26577,52,0.5,0.05,,,,,,,,,,
redcar_2015,ONS Nomis NM_162_1 / DWP JSA Stats / SSI Task Force,https://www.nomisweb.co.uk/,2015-2017,Redcar / Teesside,North East England,all,low_skilled,primary_metals / steel_manufacturing,<£20k,"£11k-£15k employer hiring subsidy (age-tiered: £11k under-45, £15k aged 45+); Routes to Work pilot £7.5m (Tees Valley-wide); £46m total government package (announced Oct 2015)","N/A — no UBI operational in UK Oct 2015. Actual baseline safety net: JSA £73.10/wk (adult rate) or £57.90/wk (under-25); ESA (support group) £109.65/wk; UC standard allowance £317.82/month. For model calibration: ubi_level = 0. UBI counterfactuals are simulation scenarios, not historical data.",104,2018Q3 (34 months post-closure),6.0,9.0,48.0,36.0,1.0,ESTIMATED_LOW,"INCOME BAND: <£20k. Semi-skilled process support, admin, cleaners. ASHE NE p10 (£288/wk=£15k/yr). Lowest-paid SSI cohort. Estimated 5% of workforce — LOW confidence. Outcome adjustments vs £25k-£35k baseline: retrain -2pp, share_similar -6pp, underemployed +3pp, exit +6pp, still_seeking -1pp. Source: China Shock ADH (low-wage→exit/underemployed; high-wage→share_similar) + Hartz re-employment wage analysis. All income-band outcomes ESTIMATED_LOW.  QUARTER: 2018Q3 (34 months post-closure, Oct 2 2015).  REDCAR & CLEVELAND LA (E06000003) claimant count: 2615 quarterly avg (baseline 3477; excess vs baseline: -862).  NE LABOUR MARKET (APS Jan 2018-Dec 2018): unemployment 5.3%, employment 71.1%, activity 75.3%.  NE MEDIAN WAGE (ASHE 2018): £511.1/week (£26577/yr). SSI workers earned above NE median (skilled manual, union rates, est. £25k-£35k).  No direct outcome data for this quarter. Use RC LA claimant count trajectory as proxy for still_seeking rate.  outcome_retrain_% and outcome_share_similar_% remain UNKNOWN — DWP microdata required for clean bucket split. outcome_underemployed_% proxy only (area wage data). All area-level data is NOT individual SSI worker tracking.","Nomis claimant count is AREA-LEVEL (Redcar & Cleveland LA or NE ITL1) — not individual SSI worker tracking. SSI dominated local economy so LA-level excess is largely attributable to closure, but non-SSI workers are included. JSA exit ≠ re-employed (workers may move to ESA/UC). Nomis age band 25-49 ≠ model band 25-44. UK training course = 2-day refresher to full vocational qual — not comparable to German Umschulung (1-2yr full requalification). Steel sector ~95% male; gender-disaggregated outcome rates unavailable from public sources.",2018Q3,34,all,2615,3477,-862.1,,,58870,67784,-8914.5,,,5.3,71.1,75.3,Jan 2018-Dec 2018,511.1,26577,104,,,,,,,,,,,,
redcar_2015,ONS Nomis NM_162_1 / DWP JSA Stats / SSI Task Force,https://www.nomisweb.co.uk/,2015-2017,Redcar / Teesside,North East England,all,skilled_manual,primary_metals / steel_manufacturing,£20k-£25k,"£11k-£15k employer hiring subsidy (age-tiered: £11k under-45, £15k aged 45+); Routes to Work pilot £7.5m (Tees Valley-wide); £46m total government package (announced Oct 2015)","N/A — no UBI operational in UK Oct 2015. Actual baseline safety net: JSA £73.10/wk (adult rate) or £57.90/wk (under-25); ESA (support group) £109.65/wk; UC standard allowance £317.82/month. For model calibration: ubi_level = 0. UBI counterfactuals are simulation scenarios, not historical data.",310,2018Q3 (34 months post-closure),7.0,11.0,47.0,34.0,1.0,ESTIMATED_LOW,"INCOME BAND: £20k-£25k. Semi-skilled process operators, junior technicians. ASHE NE p25-median range (£359-£486/wk). Estimated 15% of workforce — LOW confidence. Outcome adjustments vs £25k-£35k baseline: retrain -1pp, share_similar -4pp, underemployed +2pp, exit +4pp, still_seeking -1pp. Source: China Shock ADH (low-wage→exit/underemployed; high-wage→share_similar) + Hartz re-employment wage analysis. All income-band outcomes ESTIMATED_LOW.  QUARTER: 2018Q3 (34 months post-closure, Oct 2 2015).  REDCAR & CLEVELAND LA (E06000003) claimant count: 2615 quarterly avg (baseline 3477; excess vs baseline: -862).  NE LABOUR MARKET (APS Jan 2018-Dec 2018): unemployment 5.3%, employment 71.1%, activity 75.3%.  NE MEDIAN WAGE (ASHE 2018): £511.1/week (£26577/yr). SSI workers earned above NE median (skilled manual, union rates, est. £25k-£35k).  No direct outcome data for this quarter. Use RC LA claimant count trajectory as proxy for still_seeking rate.  outcome_retrain_% and outcome_share_similar_% remain UNKNOWN — DWP microdata required for clean bucket split. outcome_underemployed_% proxy only (area wage data). All area-level data is NOT individual SSI worker tracking.","Nomis claimant count is AREA-LEVEL (Redcar & Cleveland LA or NE ITL1) — not individual SSI worker tracking. SSI dominated local economy so LA-level excess is largely attributable to closure, but non-SSI workers are included. JSA exit ≠ re-employed (workers may move to ESA/UC). Nomis age band 25-49 ≠ model band 25-44. UK training course = 2-day refresher to full vocational qual — not comparable to German Umschulung (1-2yr full requalification). Steel sector ~95% male; gender-disaggregated outcome rates unavailable from public sources.",2018Q3,34,all,2615,3477,-862.1,,,58870,67784,-8914.5,,,5.3,71.1,75.3,Jan 2018-Dec 2018,511.1,26577,310,,,,,,,,,,,,
redcar_2015,ONS Nomis NM_162_1 / DWP JSA Stats / SSI Task Force,https://www.nomisweb.co.uk/,2015-2017,Redcar / Teesside,North East England,all,skilled_manual,primary_metals / steel_manufacturing,£25k-£35k,"£11k-£15k employer hiring subsidy (age-tiered: £11k under-45, £15k aged 45+); Routes to Work pilot £7.5m (Tees Valley-wide); £46m total government package (announced Oct 2015)","N/A — no UBI operational in UK Oct 2015. Actual baseline safety net: JSA £73.10/wk (adult rate) or £57.90/wk (under-25); ESA (support group) £109.65/wk; UC standard allowance £317.82/month. For model calibration: ubi_level = 0. UBI counterfactuals are simulation scenarios, not historical data.",1138,2018Q3 (34 months post-closure),8.0,15.0,45.0,30.0,,LOW,"INCOME BAND: £25k-£35k. Skilled process operators, blast furnace operators. ASHE NE median-p75 range (£486-£679/wk). PRIMARY ESTIMATE — majority of SSI workforce. All aggregate anchors (25% still-seeking, 93% off benefits) apply directly. Outcome adjustments vs £25k-£35k baseline: retrain +0pp, share_similar +0pp, underemployed +0pp, exit +0pp, still_seeking +0pp. Source: China Shock ADH (low-wage→exit/underemployed; high-wage→share_similar) + Hartz re-employment wage analysis. All income-band outcomes ESTIMATED_LOW.  QUARTER: 2018Q3 (34 months post-closure, Oct 2 2015).  REDCAR & CLEVELAND LA (E06000003) claimant count: 2615 quarterly avg (baseline 3477; excess vs baseline: -862).  NE LABOUR MARKET (APS Jan 2018-Dec 2018): unemployment 5.3%, employment 71.1%, activity 75.3%.  NE MEDIAN WAGE (ASHE 2018): £511.1/week (£26577/yr). SSI workers earned above NE median (skilled manual, union rates, est. £25k-£35k).  No direct outcome data for this quarter. Use RC LA claimant count trajectory as proxy for still_seeking rate.  outcome_retrain_% and outcome_share_similar_% remain UNKNOWN — DWP microdata required for clean bucket split. outcome_underemployed_% proxy only (area wage data). All area-level data is NOT individual SSI worker tracking.","Nomis claimant count is AREA-LEVEL (Redcar & Cleveland LA or NE ITL1) — not individual SSI worker tracking. SSI dominated local economy so LA-level excess is largely attributable to closure, but non-SSI workers are included. JSA exit ≠ re-employed (workers may move to ESA/UC). Nomis age band 25-49 ≠ model band 25-44. UK training course = 2-day refresher to full vocational qual — not comparable to German Umschulung (1-2yr full requalification). Steel sector ~95% male; gender-disaggregated outcome rates unavailable from public sources.",2018Q3,34,all,2615,3477,-862.1,,,58870,67784,-8914.5,,,5.3,71.1,75.3,Jan 2018-Dec 2018,511.1,26577,1138,,,,,,,,,,,,
redcar_2015,ONS Nomis NM_162_1 / DWP JSA Stats / SSI Task Force,https://www.nomisweb.co.uk/,2015-2017,Redcar / Teesside,North East England,all,skilled_manual,primary_metals / steel_manufacturing,£35k-£50k,"£11k-£15k employer hiring subsidy (age-tiered: £11k under-45, £15k aged 45+); Routes to Work pilot £7.5m (Tees Valley-wide); £46m total government package (announced Oct 2015)","N/A — no UBI operational in UK Oct 2015. Actual baseline safety net: JSA £73.10/wk (adult rate) or £57.90/wk (under-25); ESA (support group) £109.65/wk; UC standard allowance £317.82/month. For model calibration: ubi_level = 0. UBI counterfactuals are simulation scenarios, not historical data.",414,2018Q3 (34 months post-closure),9.0,22.0,39.0,26.0,4.0,ESTIMATED_LOW,"INCOME BAND: £35k-£50k. Senior operators, shift supervisors, maintenance engineers, technicians. ASHE NE p75-p90 range (£679-£882/wk). Estimated 20% of workforce — LOW confidence. Outcome adjustments vs £25k-£35k baseline: retrain +1pp, share_similar +7pp, underemployed -6pp, exit -4pp, still_seeking +2pp. Source: China Shock ADH (low-wage→exit/underemployed; high-wage→share_similar) + Hartz re-employment wage analysis. All income-band outcomes ESTIMATED_LOW.  QUARTER: 2018Q3 (34 months post-closure, Oct 2 2015).  REDCAR & CLEVELAND LA (E06000003) claimant count: 2615 quarterly avg (baseline 3477; excess vs baseline: -862).  NE LABOUR MARKET (APS Jan 2018-Dec 2018): unemployment 5.3%, employment 71.1%, activity 75.3%.  NE MEDIAN WAGE (ASHE 2018): £511.1/week (£26577/yr). SSI workers earned above NE median (skilled manual, union rates, est. £25k-£35k).  No direct outcome data for this quarter. Use RC LA claimant count trajectory as proxy for still_seeking rate.  outcome_retrain_% and outcome_share_similar_% remain UNKNOWN — DWP microdata required for clean bucket split. outcome_underemployed_% proxy only (area wage data). All area-level data is NOT individual SSI worker tracking.","Nomis claimant count is AREA-LEVEL (Redcar & Cleveland LA or NE ITL1) — not individual SSI worker tracking. SSI dominated local economy so LA-level excess is largely attributable to closure, but non-SSI workers are included. JSA exit ≠ re-employed (workers may move to ESA/UC). Nomis age band 25-49 ≠ model band 25-44. UK training course = 2-day refresher to full vocational qual — not comparable to German Umschulung (1-2yr full requalification). Steel sector ~95% male; gender-disaggregated outcome rates unavailable from public sources.",2018Q3,34,all,2615,3477,-862.1,,,58870,67784,-8914.5,,,5.3,71.1,75.3,Jan 2018-Dec 2018,511.1,26577,414,,,,,,,,,,,,
redcar_2015,ONS Nomis NM_162_1 / DWP JSA Stats / SSI Task Force,https://www.nomisweb.co.uk/,2015-2017,Redcar / Teesside,North East England,all,professional,primary_metals / steel_manufacturing,£50k+,"£11k-£15k employer hiring subsidy (age-tiered: £11k under-45, £15k aged 45+); Routes to Work pilot £7.5m (Tees Valley-wide); £46m total government package (announced Oct 2015)","N/A — no UBI operational in UK Oct 2015. Actual baseline safety net: JSA £73.10/wk (adult rate) or £57.90/wk (under-25); ESA (support group) £109.65/wk; UC standard allowance £317.82/month. For model calibration: ubi_level = 0. UBI counterfactuals are simulation scenarios, not historical data.",104,2018Q3 (34 months post-closure),7.0,30.0,31.0,24.0,8.0,ESTIMATED_LOW,"INCOME BAND: £50k+. Plant management, senior engineers, operations managers. Above ASHE NE p90 (£882/wk=£45.9k/yr). Estimated 5% of workforce — LOW confidence. Likely had enhanced redundancy packages separate from main SSI terms. Outcome adjustments vs £25k-£35k baseline: retrain -1pp, share_similar +15pp, underemployed -14pp, exit -6pp, still_seeking +6pp. Source: China Shock ADH (low-wage→exit/underemployed; high-wage→share_similar) + Hartz re-employment wage analysis. All income-band outcomes ESTIMATED_LOW.  QUARTER: 2018Q3 (34 months post-closure, Oct 2 2015).  REDCAR & CLEVELAND LA (E06000003) claimant count: 2615 quarterly avg (baseline 3477; excess vs baseline: -862).  NE LABOUR MARKET (APS Jan 2018-Dec 2018): unemployment 5.3%, employment 71.1%, activity 75.3%.  NE MEDIAN WAGE (ASHE 2018): £511.1/week (£26577/yr). SSI workers earned above NE median (skilled manual, union rates, est. £25k-£35k).  No direct outcome data for this quarter. Use RC LA claimant count trajectory as proxy for still_seeking rate.  outcome_retrain_% and outcome_share_similar_% remain UNKNOWN — DWP microdata required for clean bucket split. outcome_underemployed_% proxy only (area wage data). All area-level data is NOT individual SSI worker tracking.","Nomis claimant count is AREA-LEVEL (Redcar & Cleveland LA or NE ITL1) — not individual SSI worker tracking. SSI dominated local economy so LA-level excess is largely attributable to closure, but non-SSI workers are included. JSA exit ≠ re-employed (workers may move to ESA/UC). Nomis age band 25-49 ≠ model band 25-44. UK training course = 2-day refresher to full vocational qual — not comparable to German Umschulung (1-2yr full requalification). Steel sector ~95% male; gender-disaggregated outcome rates unavailable from public sources.",2018Q3,34,all,2615,3477,-862.1,,,58870,67784,-8914.5,,,5.3,71.1,75.3,Jan 2018-Dec 2018,511.1,26577,104,,,,,,,,,,,,
redcar_2015,ONS Nomis NM_162_1 / DWP JSA Stats / SSI Task Force,https://www.nomisweb.co.uk/,2015-2017,Redcar / Teesside,North East England,all,skilled_manual,primary_metals / steel_manufacturing,£25k-£35k est.,"£11k-£15k employer hiring subsidy (age-tiered: £11k under-45, £15k aged 45+); Routes to Work pilot £7.5m (Tees Valley-wide); £46m total government package (announced Oct 2015)","N/A — no UBI operational in UK Oct 2015. Actual baseline safety net: JSA £73.10/wk (adult rate) or £57.90/wk (under-25); ESA (support group) £109.65/wk; UC standard allowance £317.82/month. For model calibration: ubi_level = 0. UBI counterfactuals are simulation scenarios, not historical data.",2070,2018Q4 (37 months post-closure),,,,,,LOW,"QUARTER: 2018Q4 (37 months post-closure, Oct 2 2015).  REDCAR & CLEVELAND LA (E06000003) claimant count: 2600 quarterly avg (baseline 3477; excess vs baseline: -877).  NE LABOUR MARKET (APS Apr 2018-Mar 2019): unemployment 5.7%, employment 71.1%, activity 75.5%.  NE MEDIAN WAGE (ASHE 2018): £511.1/week (£26577/yr). SSI workers earned above NE median (skilled manual, union rates, est. £25k-£35k).  No direct outcome data for this quarter. Use RC LA claimant count trajectory as proxy for still_seeking rate.  outcome_retrain_% and outcome_share_similar_% remain UNKNOWN — DWP microdata required for clean bucket split. outcome_underemployed_% proxy only (area wage data). All area-level data is NOT individual SSI worker tracking.","Nomis claimant count is AREA-LEVEL (Redcar & Cleveland LA or NE ITL1) — not individual SSI worker tracking. SSI dominated local economy so LA-level excess is largely attributable to closure, but non-SSI workers are included. JSA exit ≠ re-employed (workers may move to ESA/UC). Nomis age band 25-49 ≠ model band 25-44. UK training course = 2-day refresher to full vocational qual — not comparable to German Umschulung (1-2yr full requalification). Steel sector ~95% male; gender-disaggregated outcome rates unavailable from public sources.",2018Q4,37,all,2600,3477,-877.1,,,63120,67784,-4664.5,,,5.7,71.1,75.5,Apr 2018-Mar 2019,511.1,26577,2070,,,,,,,,,,,,
redcar_2015,ONS Nomis NM_162_1 / DWP JSA Stats / SSI Task Force,https://www.nomisweb.co.uk/,2015-2017,Redcar / Teesside,North East England,16-24,skilled_manual,primary_metals / steel_manufacturing,£25k-£35k est.,£11k employer hiring subsidy (under-45 tier); Routes to Work pilot £7.5m (Tees Valley-wide); Employer Ownership of Skills pilot; £46m total government package,"N/A — no UBI operational in UK Oct 2015. Actual baseline safety net: JSA £73.10/wk (adult rate) or £57.90/wk (under-25); ESA (support group) £109.65/wk; UC standard allowance £317.82/month. For model calibration: ubi_level = 0. UBI counterfactuals are simulation scenarios, not historical data.",207,2018Q4 (37 months post-closure),,,,,,LOW,"AGE BAND: 16-24. Nomis band used: Aged 16-24 . Estimated SSI workers in this cell: 207 (prior: 10% of 2070).  QUARTER: 2018Q4 (37 months post-closure, Oct 2 2015).  REDCAR & CLEVELAND LA (E06000003) claimant count: 2600 quarterly avg (baseline 3477; excess vs baseline: -877).  RC LA age band claimants: 560 (21.6% of LA total).  NE LABOUR MARKET (APS Apr 2018-Mar 2019): unemployment 5.7%, employment 71.1%, activity 75.5%.  NE MEDIAN WAGE (ASHE 2018): £511.1/week (£26577/yr). SSI workers earned above NE median (skilled manual, union rates, est. £25k-£35k).  No direct outcome data for this quarter. Use RC LA claimant count trajectory as proxy for still_seeking rate.  outcome_retrain_% and outcome_share_similar_% remain UNKNOWN — DWP microdata required for clean bucket split. outcome_underemployed_% proxy only (area wage data). All area-level data is NOT individual SSI worker tracking.","Nomis claimant count is AREA-LEVEL (Redcar & Cleveland LA or NE ITL1) — not individual SSI worker tracking. SSI dominated local economy so LA-level excess is largely attributable to closure, but non-SSI workers are included. JSA exit ≠ re-employed (workers may move to ESA/UC). Nomis age band 25-49 ≠ model band 25-44. UK training course = 2-day refresher to full vocational qual — not comparable to German Umschulung (1-2yr full requalification). Steel sector ~95% male; gender-disaggregated outcome rates unavailable from public sources.",2018Q4,37,all,2600,3477,-877.1,560.0,21.6,63120,67784,-4664.5,,,5.7,71.1,75.5,Apr 2018-Mar 2019,511.1,26577,207,0.1,,,,,,,,,,,
redcar_2015,ONS Nomis NM_162_1 / DWP JSA Stats / SSI Task Force,https://www.nomisweb.co.uk/,2015-2017,Redcar / Teesside,North East England,25-49,skilled_manual,primary_metals / steel_manufacturing,£25k-£35k est.,£11k employer hiring subsidy (under-45 tier); Routes to Work pilot £7.5m (Tees Valley-wide); £46m total government package,"N/A — no UBI operational in UK Oct 2015. Actual baseline safety net: JSA £73.10/wk (adult rate) or £57.90/wk (under-25); ESA (support group) £109.65/wk; UC standard allowance £317.82/month. For model calibration: ubi_level = 0. UBI counterfactuals are simulation scenarios, not historical data.",828,2018Q4 (37 months post-closure),,,,,,LOW,"AGE BAND: 25-49. Nomis band used: Aged 25-49 (NOTE: Nomis uses 25-49, not 25-44 — document mismatch). Estimated SSI workers in this cell: 828 (prior: 40% of 2070).  QUARTER: 2018Q4 (37 months post-closure, Oct 2 2015).  REDCAR & CLEVELAND LA (E06000003) claimant count: 2600 quarterly avg (baseline 3477; excess vs baseline: -877).  RC LA age band claimants: 1320 (50.8% of LA total).  NE LABOUR MARKET (APS Apr 2018-Mar 2019): unemployment 5.7%, employment 71.1%, activity 75.5%.  NE MEDIAN WAGE (ASHE 2018): £511.1/week (£26577/yr). SSI workers earned above NE median (skilled manual, union rates, est. £25k-£35k).  No direct outcome data for this quarter. Use RC LA claimant count trajectory as proxy for still_seeking rate.  outcome_retrain_% and outcome_share_similar_% remain UNKNOWN — DWP microdata required for clean bucket split. outcome_underemployed_% proxy only (area wage data). All area-level data is NOT individual SSI worker tracking.","Nomis claimant count is AREA-LEVEL (Redcar & Cleveland LA or NE ITL1) — not individual SSI worker tracking. SSI dominated local economy so LA-level excess is largely attributable to closure, but non-SSI workers are included. JSA exit ≠ re-employed (workers may move to ESA/UC). Nomis age band 25-49 ≠ model band 25-44. UK training course = 2-day refresher to full vocational qual — not comparable to German Umschulung (1-2yr full requalification). Steel sector ~95% male; gender-disaggregated outcome rates unavailable from public sources.",2018Q4,37,all,2600,3477,-877.1,1320.0,50.8,63120,67784,-4664.5,,,5.7,71.1,75.5,Apr 2018-Mar 2019,511.1,26577,828,0.4,,,,,,,,,,,
redcar_2015,ONS Nomis NM_162_1 / DWP JSA Stats / SSI Task Force,https://www.nomisweb.co.uk/,2015-2017,Redcar / Teesside,North East England,50+,skilled_manual,primary_metals / steel_manufacturing,£25k-£35k est.,"£15k employer hiring subsidy (45+ tier — highest rate, recognising harder-to-place status); Routes to Work pilot £7.5m (Tees Valley-wide); £46m total government package","N/A — no UBI operational in UK Oct 2015. Actual baseline safety net: JSA £73.10/wk (adult rate) or £57.90/wk (under-25); ESA (support group) £109.65/wk; UC standard allowance £317.82/month. For model calibration: ubi_level = 0. UBI counterfactuals are simulation scenarios, not historical data.",1035,2018Q4 (37 months post-closure),,,,,,LOW,"AGE BAND: 50+. Nomis band used: Aged 50+ . Estimated SSI workers in this cell: 1035 (prior: 50% of 2070).  QUARTER: 2018Q4 (37 months post-closure, Oct 2 2015).  REDCAR & CLEVELAND LA (E06000003) claimant count: 2600 quarterly avg (baseline 3477; excess vs baseline: -877).  RC LA age band claimants: 718 (27.6% of LA total).  NE LABOUR MARKET (APS Apr 2018-Mar 2019): unemployment 5.7%, employment 71.1%, activity 75.5%.  NE MEDIAN WAGE (ASHE 2018): £511.1/week (£26577/yr). SSI workers earned above NE median (skilled manual, union rates, est. £25k-£35k).  No direct outcome data for this quarter. Use RC LA claimant count trajectory as proxy for still_seeking rate.  outcome_retrain_% and outcome_share_similar_% remain UNKNOWN — DWP microdata required for clean bucket split. outcome_underemployed_% proxy only (area wage data). All area-level data is NOT individual SSI worker tracking.","Nomis claimant count is AREA-LEVEL (Redcar & Cleveland LA or NE ITL1) — not individual SSI worker tracking. SSI dominated local economy so LA-level excess is largely attributable to closure, but non-SSI workers are included. JSA exit ≠ re-employed (workers may move to ESA/UC). Nomis age band 25-49 ≠ model band 25-44. UK training course = 2-day refresher to full vocational qual — not comparable to German Umschulung (1-2yr full requalification). Steel sector ~95% male; gender-disaggregated outcome rates unavailable from public sources.",2018Q4,37,all,2600,3477,-877.1,718.0,27.6,63120,67784,-4664.5,,,5.7,71.1,75.5,Apr 2018-Mar 2019,511.1,26577,1035,0.5,,,,,,,,,,,
redcar_2015,ONS Nomis NM_162_1 / DWP JSA Stats / SSI Task Force,https://www.nomisweb.co.uk/,2015-2017,Redcar / Teesside,North East England,16-24,skilled_manual,primary_metals / steel_manufacturing,£25k-£35k est.,£11k employer hiring subsidy (under-45 tier); Routes to Work pilot £7.5m (Tees Valley-wide); Employer Ownership of Skills pilot; £46m total government package,"N/A — no UBI operational in UK Oct 2015. Actual baseline safety net: JSA £73.10/wk (adult rate) or £57.90/wk (under-25); ESA (support group) £109.65/wk; UC standard allowance £317.82/month. For model calibration: ubi_level = 0. UBI counterfactuals are simulation scenarios, not historical data.",197,2018Q4 (37 months post-closure),,,,,,LOW,"AGE BAND: 16-24. Nomis band used: Aged 16-24 . Estimated SSI workers in this cell: 197 (prior: 10% of 2070).  GENDER: male. Prior: 95% of SSI workforce (UK steel industry statistic, not SSI-specific microdata).  QUARTER: 2018Q4 (37 months post-closure, Oct 2 2015).  REDCAR & CLEVELAND LA (E06000003) claimant count: 2600 quarterly avg (baseline 3477; excess vs baseline: -877).  RC LA age band claimants: 560 (21.6% of LA total).  NE ITL1 gender claimants in this age band: 8600 (63.3% of NE age-band total). NOTE: NE gender split mixes steel and non-steel workers. SSI gender prior (95% male) used for ssi_est_workers_this_cell instead.  NE LABOUR MARKET (APS Apr 2018-Mar 2019): unemployment 5.7%, employment 71.1%, activity 75.5%.  NE MEDIAN WAGE (ASHE 2018): £511.1/week (£26577/yr). SSI workers earned above NE median (skilled manual, union rates, est. £25k-£35k).  No direct outcome data for this quarter. Use RC LA claimant count trajectory as proxy for still_seeking rate.  outcome_retrain_% and outcome_share_similar_% remain UNKNOWN — DWP microdata required for clean bucket split. outcome_underemployed_% proxy only (area wage data). All area-level data is NOT individual SSI worker tracking.","Nomis claimant count is AREA-LEVEL (Redcar & Cleveland LA or NE ITL1) — not individual SSI worker tracking. SSI dominated local economy so LA-level excess is largely attributable to closure, but non-SSI workers are included. JSA exit ≠ re-employed (workers may move to ESA/UC). Nomis age band 25-49 ≠ model band 25-44. UK training course = 2-day refresher to full vocational qual — not comparable to German Umschulung (1-2yr full requalification). Steel sector ~95% male; gender-disaggregated outcome rates unavailable from public sources.",2018Q4,37,male,2600,3477,-877.1,560.0,21.6,63120,67784,-4664.5,8600.0,63.3,5.7,71.1,75.5,Apr 2018-Mar 2019,511.1,26577,197,0.1,0.95,,,,,,,,,,
redcar_2015,ONS Nomis NM_162_1 / DWP JSA Stats / SSI Task Force,https://www.nomisweb.co.uk/,2015-2017,Redcar / Teesside,North East England,16-24,skilled_manual,primary_metals / steel_manufacturing,£25k-£35k est.,£11k employer hiring subsidy (under-45 tier); Routes to Work pilot £7.5m (Tees Valley-wide); Employer Ownership of Skills pilot; £46m total government package,"N/A — no UBI operational in UK Oct 2015. Actual baseline safety net: JSA £73.10/wk (adult rate) or £57.90/wk (under-25); ESA (support group) £109.65/wk; UC standard allowance £317.82/month. For model calibration: ubi_level = 0. UBI counterfactuals are simulation scenarios, not historical data.",10,2018Q4 (37 months post-closure),,,,,,LOW,"AGE BAND: 16-24. Nomis band used: Aged 16-24 . Estimated SSI workers in this cell: 10 (prior: 10% of 2070).  GENDER: female. Prior: 5% of SSI workforce (UK steel industry statistic, not SSI-specific microdata).  QUARTER: 2018Q4 (37 months post-closure, Oct 2 2015).  REDCAR & CLEVELAND LA (E06000003) claimant count: 2600 quarterly avg (baseline 3477; excess vs baseline: -877).  RC LA age band claimants: 560 (21.6% of LA total).  NE ITL1 gender claimants in this age band: 4997 (36.7% of NE age-band total). NOTE: NE gender split mixes steel and non-steel workers. SSI gender prior (95% male) used for ssi_est_workers_this_cell instead.  NE LABOUR MARKET (APS Apr 2018-Mar 2019): unemployment 5.7%, employment 71.1%, activity 75.5%.  NE MEDIAN WAGE (ASHE 2018): £511.1/week (£26577/yr). SSI workers earned above NE median (skilled manual, union rates, est. £25k-£35k).  No direct outcome data for this quarter. Use RC LA claimant count trajectory as proxy for still_seeking rate.  outcome_retrain_% and outcome_share_similar_% remain UNKNOWN — DWP microdata required for clean bucket split. outcome_underemployed_% proxy only (area wage data). All area-level data is NOT individual SSI worker tracking.","Nomis claimant count is AREA-LEVEL (Redcar & Cleveland LA or NE ITL1) — not individual SSI worker tracking. SSI dominated local economy so LA-level excess is largely attributable to closure, but non-SSI workers are included. JSA exit ≠ re-employed (workers may move to ESA/UC). Nomis age band 25-49 ≠ model band 25-44. UK training course = 2-day refresher to full vocational qual — not comparable to German Umschulung (1-2yr full requalification). Steel sector ~95% male; gender-disaggregated outcome rates unavailable from public sources.",2018Q4,37,female,2600,3477,-877.1,560.0,21.6,63120,67784,-4664.5,4997.0,36.7,5.7,71.1,75.5,Apr 2018-Mar 2019,511.1,26577,10,0.1,0.05,,,,,,,,,,
redcar_2015,ONS Nomis NM_162_1 / DWP JSA Stats / SSI Task Force,https://www.nomisweb.co.uk/,2015-2017,Redcar / Teesside,North East England,25-49,skilled_manual,primary_metals / steel_manufacturing,£25k-£35k est.,£11k employer hiring subsidy (under-45 tier); Routes to Work pilot £7.5m (Tees Valley-wide); £46m total government package,"N/A — no UBI operational in UK Oct 2015. Actual baseline safety net: JSA £73.10/wk (adult rate) or £57.90/wk (under-25); ESA (support group) £109.65/wk; UC standard allowance £317.82/month. For model calibration: ubi_level = 0. UBI counterfactuals are simulation scenarios, not historical data.",787,2018Q4 (37 months post-closure),,,,,,LOW,"AGE BAND: 25-49. Nomis band used: Aged 25-49 (NOTE: Nomis uses 25-49, not 25-44 — document mismatch). Estimated SSI workers in this cell: 787 (prior: 40% of 2070).  GENDER: male. Prior: 95% of SSI workforce (UK steel industry statistic, not SSI-specific microdata).  QUARTER: 2018Q4 (37 months post-closure, Oct 2 2015).  REDCAR & CLEVELAND LA (E06000003) claimant count: 2600 quarterly avg (baseline 3477; excess vs baseline: -877).  RC LA age band claimants: 1320 (50.8% of LA total).  NE ITL1 gender claimants in this age band: 20650 (61.7% of NE age-band total). NOTE: NE gender split mixes steel and non-steel workers. SSI gender prior (95% male) used for ssi_est_workers_this_cell instead.  NE LABOUR MARKET (APS Apr 2018-Mar 2019): unemployment 5.7%, employment 71.1%, activity 75.5%.  NE MEDIAN WAGE (ASHE 2018): £511.1/week (£26577/yr). SSI workers earned above NE median (skilled manual, union rates, est. £25k-£35k).  No direct outcome data for this quarter. Use RC LA claimant count trajectory as proxy for still_seeking rate.  outcome_retrain_% and outcome_share_similar_% remain UNKNOWN — DWP microdata required for clean bucket split. outcome_underemployed_% proxy only (area wage data). All area-level data is NOT individual SSI worker tracking.","Nomis claimant count is AREA-LEVEL (Redcar & Cleveland LA or NE ITL1) — not individual SSI worker tracking. SSI dominated local economy so LA-level excess is largely attributable to closure, but non-SSI workers are included. JSA exit ≠ re-employed (workers may move to ESA/UC). Nomis age band 25-49 ≠ model band 25-44. UK training course = 2-day refresher to full vocational qual — not comparable to German Umschulung (1-2yr full requalification). Steel sector ~95% male; gender-disaggregated outcome rates unavailable from public sources.",2018Q4,37,male,2600,3477,-877.1,1320.0,50.8,63120,67784,-4664.5,20650.0,61.7,5.7,71.1,75.5,Apr 2018-Mar 2019,511.1,26577,787,0.4,0.95,,,,,,,,,,
redcar_2015,ONS Nomis NM_162_1 / DWP JSA Stats / SSI Task Force,https://www.nomisweb.co.uk/,2015-2017,Redcar / Teesside,North East England,25-49,skilled_manual,primary_metals / steel_manufacturing,£25k-£35k est.,£11k employer hiring subsidy (under-45 tier); Routes to Work pilot £7.5m (Tees Valley-wide); £46m total government package,"N/A — no UBI operational in UK Oct 2015. Actual baseline safety net: JSA £73.10/wk (adult rate) or £57.90/wk (under-25); ESA (support group) £109.65/wk; UC standard allowance £317.82/month. For model calibration: ubi_level = 0. UBI counterfactuals are simulation scenarios, not historical data.",41,2018Q4 (37 months post-closure),,,,,,LOW,"AGE BAND: 25-49. Nomis band used: Aged 25-49 (NOTE: Nomis uses 25-49, not 25-44 — document mismatch). Estimated SSI workers in this cell: 41 (prior: 40% of 2070).  GENDER: female. Prior: 5% of SSI workforce (UK steel industry statistic, not SSI-specific microdata).  QUARTER: 2018Q4 (37 months post-closure, Oct 2 2015).  REDCAR & CLEVELAND LA (E06000003) claimant count: 2600 quarterly avg (baseline 3477; excess vs baseline: -877).  RC LA age band claimants: 1320 (50.8% of LA total).  NE ITL1 gender claimants in this age band: 12820 (38.3% of NE age-band total). NOTE: NE gender split mixes steel and non-steel workers. SSI gender prior (95% male) used for ssi_est_workers_this_cell instead.  NE LABOUR MARKET (APS Apr 2018-Mar 2019): unemployment 5.7%, employment 71.1%, activity 75.5%.  NE MEDIAN WAGE (ASHE 2018): £511.1/week (£26577/yr). SSI workers earned above NE median (skilled manual, union rates, est. £25k-£35k).  No direct outcome data for this quarter. Use RC LA claimant count trajectory as proxy for still_seeking rate.  outcome_retrain_% and outcome_share_similar_% remain UNKNOWN — DWP microdata required for clean bucket split. outcome_underemployed_% proxy only (area wage data). All area-level data is NOT individual SSI worker tracking.","Nomis claimant count is AREA-LEVEL (Redcar & Cleveland LA or NE ITL1) — not individual SSI worker tracking. SSI dominated local economy so LA-level excess is largely attributable to closure, but non-SSI workers are included. JSA exit ≠ re-employed (workers may move to ESA/UC). Nomis age band 25-49 ≠ model band 25-44. UK training course = 2-day refresher to full vocational qual — not comparable to German Umschulung (1-2yr full requalification). Steel sector ~95% male; gender-disaggregated outcome rates unavailable from public sources.",2018Q4,37,female,2600,3477,-877.1,1320.0,50.8,63120,67784,-4664.5,12820.0,38.3,5.7,71.1,75.5,Apr 2018-Mar 2019,511.1,26577,41,0.4,0.05,,,,,,,,,,
redcar_2015,ONS Nomis NM_162_1 / DWP JSA Stats / SSI Task Force,https://www.nomisweb.co.uk/,2015-2017,Redcar / Teesside,North East England,50+,skilled_manual,primary_metals / steel_manufacturing,£25k-£35k est.,"£15k employer hiring subsidy (45+ tier — highest rate, recognising harder-to-place status); Routes to Work pilot £7.5m (Tees Valley-wide); £46m total government package","N/A — no UBI operational in UK Oct 2015. Actual baseline safety net: JSA £73.10/wk (adult rate) or £57.90/wk (under-25); ESA (support group) £109.65/wk; UC standard allowance £317.82/month. For model calibration: ubi_level = 0. UBI counterfactuals are simulation scenarios, not historical data.",983,2018Q4 (37 months post-closure),,,,,,LOW,"AGE BAND: 50+. Nomis band used: Aged 50+ . Estimated SSI workers in this cell: 983 (prior: 50% of 2070).  GENDER: male. Prior: 95% of SSI workforce (UK steel industry statistic, not SSI-specific microdata).  QUARTER: 2018Q4 (37 months post-closure, Oct 2 2015).  REDCAR & CLEVELAND LA (E06000003) claimant count: 2600 quarterly avg (baseline 3477; excess vs baseline: -877).  RC LA age band claimants: 718 (27.6% of LA total).  NE ITL1 gender claimants in this age band: 9690 (60.4% of NE age-band total). NOTE: NE gender split mixes steel and non-steel workers. SSI gender prior (95% male) used for ssi_est_workers_this_cell instead.  NE LABOUR MARKET (APS Apr 2018-Mar 2019): unemployment 5.7%, employment 71.1%, activity 75.5%.  NE MEDIAN WAGE (ASHE 2018): £511.1/week (£26577/yr). SSI workers earned above NE median (skilled manual, union rates, est. £25k-£35k).  No direct outcome data for this quarter. Use RC LA claimant count trajectory as proxy for still_seeking rate.  outcome_retrain_% and outcome_share_similar_% remain UNKNOWN — DWP microdata required for clean bucket split. outcome_underemployed_% proxy only (area wage data). All area-level data is NOT individual SSI worker tracking.","Nomis claimant count is AREA-LEVEL (Redcar & Cleveland LA or NE ITL1) — not individual SSI worker tracking. SSI dominated local economy so LA-level excess is largely attributable to closure, but non-SSI workers are included. JSA exit ≠ re-employed (workers may move to ESA/UC). Nomis age band 25-49 ≠ model band 25-44. UK training course = 2-day refresher to full vocational qual — not comparable to German Umschulung (1-2yr full requalification). Steel sector ~95% male; gender-disaggregated outcome rates unavailable from public sources.",2018Q4,37,male,2600,3477,-877.1,718.0,27.6,63120,67784,-4664.5,9690.0,60.4,5.7,71.1,75.5,Apr 2018-Mar 2019,511.1,26577,983,0.5,0.95,,,,,,,,,,
redcar_2015,ONS Nomis NM_162_1 / DWP JSA Stats / SSI Task Force,https://www.nomisweb.co.uk/,2015-2017,Redcar / Teesside,North East England,50+,skilled_manual,primary_metals / steel_manufacturing,£25k-£35k est.,"£15k employer hiring subsidy (45+ tier — highest rate, recognising harder-to-place status); Routes to Work pilot £7.5m (Tees Valley-wide); £46m total government package","N/A — no UBI operational in UK Oct 2015. Actual baseline safety net: JSA £73.10/wk (adult rate) or £57.90/wk (under-25); ESA (support group) £109.65/wk; UC standard allowance £317.82/month. For model calibration: ubi_level = 0. UBI counterfactuals are simulation scenarios, not historical data.",52,2018Q4 (37 months post-closure),,,,,,LOW,"AGE BAND: 50+. Nomis band used: Aged 50+ . Estimated SSI workers in this cell: 52 (prior: 50% of 2070).  GENDER: female. Prior: 5% of SSI workforce (UK steel industry statistic, not SSI-specific microdata).  QUARTER: 2018Q4 (37 months post-closure, Oct 2 2015).  REDCAR & CLEVELAND LA (E06000003) claimant count: 2600 quarterly avg (baseline 3477; excess vs baseline: -877).  RC LA age band claimants: 718 (27.6% of LA total).  NE ITL1 gender claimants in this age band: 6345 (39.6% of NE age-band total). NOTE: NE gender split mixes steel and non-steel workers. SSI gender prior (95% male) used for ssi_est_workers_this_cell instead.  NE LABOUR MARKET (APS Apr 2018-Mar 2019): unemployment 5.7%, employment 71.1%, activity 75.5%.  NE MEDIAN WAGE (ASHE 2018): £511.1/week (£26577/yr). SSI workers earned above NE median (skilled manual, union rates, est. £25k-£35k).  No direct outcome data for this quarter. Use RC LA claimant count trajectory as proxy for still_seeking rate.  outcome_retrain_% and outcome_share_similar_% remain UNKNOWN — DWP microdata required for clean bucket split. outcome_underemployed_% proxy only (area wage data). All area-level data is NOT individual SSI worker tracking.","Nomis claimant count is AREA-LEVEL (Redcar & Cleveland LA or NE ITL1) — not individual SSI worker tracking. SSI dominated local economy so LA-level excess is largely attributable to closure, but non-SSI workers are included. JSA exit ≠ re-employed (workers may move to ESA/UC). Nomis age band 25-49 ≠ model band 25-44. UK training course = 2-day refresher to full vocational qual — not comparable to German Umschulung (1-2yr full requalification). Steel sector ~95% male; gender-disaggregated outcome rates unavailable from public sources.",2018Q4,37,female,2600,3477,-877.1,718.0,27.6,63120,67784,-4664.5,6345.0,39.6,5.7,71.1,75.5,Apr 2018-Mar 2019,511.1,26577,52,0.5,0.05,,,,,,,,,,
redcar_2015,ONS Nomis NM_162_1 / DWP JSA Stats / SSI Task Force,https://www.nomisweb.co.uk/,2015-2017,Redcar / Teesside,North East England,all,low_skilled,primary_metals / steel_manufacturing,<£20k,"£11k-£15k employer hiring subsidy (age-tiered: £11k under-45, £15k aged 45+); Routes to Work pilot £7.5m (Tees Valley-wide); £46m total government package (announced Oct 2015)","N/A — no UBI operational in UK Oct 2015. Actual baseline safety net: JSA £73.10/wk (adult rate) or £57.90/wk (under-25); ESA (support group) £109.65/wk; UC standard allowance £317.82/month. For model calibration: ubi_level = 0. UBI counterfactuals are simulation scenarios, not historical data.",104,2018Q4 (37 months post-closure),6.0,9.0,48.0,36.0,1.0,ESTIMATED_LOW,"INCOME BAND: <£20k. Semi-skilled process support, admin, cleaners. ASHE NE p10 (£288/wk=£15k/yr). Lowest-paid SSI cohort. Estimated 5% of workforce — LOW confidence. Outcome adjustments vs £25k-£35k baseline: retrain -2pp, share_similar -6pp, underemployed +3pp, exit +6pp, still_seeking -1pp. Source: China Shock ADH (low-wage→exit/underemployed; high-wage→share_similar) + Hartz re-employment wage analysis. All income-band outcomes ESTIMATED_LOW.  QUARTER: 2018Q4 (37 months post-closure, Oct 2 2015).  REDCAR & CLEVELAND LA (E06000003) claimant count: 2600 quarterly avg (baseline 3477; excess vs baseline: -877).  NE LABOUR MARKET (APS Apr 2018-Mar 2019): unemployment 5.7%, employment 71.1%, activity 75.5%.  NE MEDIAN WAGE (ASHE 2018): £511.1/week (£26577/yr). SSI workers earned above NE median (skilled manual, union rates, est. £25k-£35k).  No direct outcome data for this quarter. Use RC LA claimant count trajectory as proxy for still_seeking rate.  outcome_retrain_% and outcome_share_similar_% remain UNKNOWN — DWP microdata required for clean bucket split. outcome_underemployed_% proxy only (area wage data). All area-level data is NOT individual SSI worker tracking.","Nomis claimant count is AREA-LEVEL (Redcar & Cleveland LA or NE ITL1) — not individual SSI worker tracking. SSI dominated local economy so LA-level excess is largely attributable to closure, but non-SSI workers are included. JSA exit ≠ re-employed (workers may move to ESA/UC). Nomis age band 25-49 ≠ model band 25-44. UK training course = 2-day refresher to full vocational qual — not comparable to German Umschulung (1-2yr full requalification). Steel sector ~95% male; gender-disaggregated outcome rates unavailable from public sources.",2018Q4,37,all,2600,3477,-877.1,,,63120,67784,-4664.5,,,5.7,71.1,75.5,Apr 2018-Mar 2019,511.1,26577,104,,,,,,,,,,,,
redcar_2015,ONS Nomis NM_162_1 / DWP JSA Stats / SSI Task Force,https://www.nomisweb.co.uk/,2015-2017,Redcar / Teesside,North East England,all,skilled_manual,primary_metals / steel_manufacturing,£20k-£25k,"£11k-£15k employer hiring subsidy (age-tiered: £11k under-45, £15k aged 45+); Routes to Work pilot £7.5m (Tees Valley-wide); £46m total government package (announced Oct 2015)","N/A — no UBI operational in UK Oct 2015. Actual baseline safety net: JSA £73.10/wk (adult rate) or £57.90/wk (under-25); ESA (support group) £109.65/wk; UC standard allowance £317.82/month. For model calibration: ubi_level = 0. UBI counterfactuals are simulation scenarios, not historical data.",310,2018Q4 (37 months post-closure),7.0,11.0,47.0,34.0,1.0,ESTIMATED_LOW,"INCOME BAND: £20k-£25k. Semi-skilled process operators, junior technicians. ASHE NE p25-median range (£359-£486/wk). Estimated 15% of workforce — LOW confidence. Outcome adjustments vs £25k-£35k baseline: retrain -1pp, share_similar -4pp, underemployed +2pp, exit +4pp, still_seeking -1pp. Source: China Shock ADH (low-wage→exit/underemployed; high-wage→share_similar) + Hartz re-employment wage analysis. All income-band outcomes ESTIMATED_LOW.  QUARTER: 2018Q4 (37 months post-closure, Oct 2 2015).  REDCAR & CLEVELAND LA (E06000003) claimant count: 2600 quarterly avg (baseline 3477; excess vs baseline: -877).  NE LABOUR MARKET (APS Apr 2018-Mar 2019): unemployment 5.7%, employment 71.1%, activity 75.5%.  NE MEDIAN WAGE (ASHE 2018): £511.1/week (£26577/yr). SSI workers earned above NE median (skilled manual, union rates, est. £25k-£35k).  No direct outcome data for this quarter. Use RC LA claimant count trajectory as proxy for still_seeking rate.  outcome_retrain_% and outcome_share_similar_% remain UNKNOWN — DWP microdata required for clean bucket split. outcome_underemployed_% proxy only (area wage data). All area-level data is NOT individual SSI worker tracking.","Nomis claimant count is AREA-LEVEL (Redcar & Cleveland LA or NE ITL1) — not individual SSI worker tracking. SSI dominated local economy so LA-level excess is largely attributable to closure, but non-SSI workers are included. JSA exit ≠ re-employed (workers may move to ESA/UC). Nomis age band 25-49 ≠ model band 25-44. UK training course = 2-day refresher to full vocational qual — not comparable to German Umschulung (1-2yr full requalification). Steel sector ~95% male; gender-disaggregated outcome rates unavailable from public sources.",2018Q4,37,all,2600,3477,-877.1,,,63120,67784,-4664.5,,,5.7,71.1,75.5,Apr 2018-Mar 2019,511.1,26577,310,,,,,,,,,,,,
redcar_2015,ONS Nomis NM_162_1 / DWP JSA Stats / SSI Task Force,https://www.nomisweb.co.uk/,2015-2017,Redcar / Teesside,North East England,all,skilled_manual,primary_metals / steel_manufacturing,£25k-£35k,"£11k-£15k employer hiring subsidy (age-tiered: £11k under-45, £15k aged 45+); Routes to Work pilot £7.5m (Tees Valley-wide); £46m total government package (announced Oct 2015)","N/A — no UBI operational in UK Oct 2015. Actual baseline safety net: JSA £73.10/wk (adult rate) or £57.90/wk (under-25); ESA (support group) £109.65/wk; UC standard allowance £317.82/month. For model calibration: ubi_level = 0. UBI counterfactuals are simulation scenarios, not historical data.",1138,2018Q4 (37 months post-closure),8.0,15.0,45.0,30.0,,LOW,"INCOME BAND: £25k-£35k. Skilled process operators, blast furnace operators. ASHE NE median-p75 range (£486-£679/wk). PRIMARY ESTIMATE — majority of SSI workforce. All aggregate anchors (25% still-seeking, 93% off benefits) apply directly. Outcome adjustments vs £25k-£35k baseline: retrain +0pp, share_similar +0pp, underemployed +0pp, exit +0pp, still_seeking +0pp. Source: China Shock ADH (low-wage→exit/underemployed; high-wage→share_similar) + Hartz re-employment wage analysis. All income-band outcomes ESTIMATED_LOW.  QUARTER: 2018Q4 (37 months post-closure, Oct 2 2015).  REDCAR & CLEVELAND LA (E06000003) claimant count: 2600 quarterly avg (baseline 3477; excess vs baseline: -877).  NE LABOUR MARKET (APS Apr 2018-Mar 2019): unemployment 5.7%, employment 71.1%, activity 75.5%.  NE MEDIAN WAGE (ASHE 2018): £511.1/week (£26577/yr). SSI workers earned above NE median (skilled manual, union rates, est. £25k-£35k).  No direct outcome data for this quarter. Use RC LA claimant count trajectory as proxy for still_seeking rate.  outcome_retrain_% and outcome_share_similar_% remain UNKNOWN — DWP microdata required for clean bucket split. outcome_underemployed_% proxy only (area wage data). All area-level data is NOT individual SSI worker tracking.","Nomis claimant count is AREA-LEVEL (Redcar & Cleveland LA or NE ITL1) — not individual SSI worker tracking. SSI dominated local economy so LA-level excess is largely attributable to closure, but non-SSI workers are included. JSA exit ≠ re-employed (workers may move to ESA/UC). Nomis age band 25-49 ≠ model band 25-44. UK training course = 2-day refresher to full vocational qual — not comparable to German Umschulung (1-2yr full requalification). Steel sector ~95% male; gender-disaggregated outcome rates unavailable from public sources.",2018Q4,37,all,2600,3477,-877.1,,,63120,67784,-4664.5,,,5.7,71.1,75.5,Apr 2018-Mar 2019,511.1,26577,1138,,,,,,,,,,,,
redcar_2015,ONS Nomis NM_162_1 / DWP JSA Stats / SSI Task Force,https://www.nomisweb.co.uk/,2015-2017,Redcar / Teesside,North East England,all,skilled_manual,primary_metals / steel_manufacturing,£35k-£50k,"£11k-£15k employer hiring subsidy (age-tiered: £11k under-45, £15k aged 45+); Routes to Work pilot £7.5m (Tees Valley-wide); £46m total government package (announced Oct 2015)","N/A — no UBI operational in UK Oct 2015. Actual baseline safety net: JSA £73.10/wk (adult rate) or £57.90/wk (under-25); ESA (support group) £109.65/wk; UC standard allowance £317.82/month. For model calibration: ubi_level = 0. UBI counterfactuals are simulation scenarios, not historical data.",414,2018Q4 (37 months post-closure),9.0,22.0,39.0,26.0,4.0,ESTIMATED_LOW,"INCOME BAND: £35k-£50k. Senior operators, shift supervisors, maintenance engineers, technicians. ASHE NE p75-p90 range (£679-£882/wk). Estimated 20% of workforce — LOW confidence. Outcome adjustments vs £25k-£35k baseline: retrain +1pp, share_similar +7pp, underemployed -6pp, exit -4pp, still_seeking +2pp. Source: China Shock ADH (low-wage→exit/underemployed; high-wage→share_similar) + Hartz re-employment wage analysis. All income-band outcomes ESTIMATED_LOW.  QUARTER: 2018Q4 (37 months post-closure, Oct 2 2015).  REDCAR & CLEVELAND LA (E06000003) claimant count: 2600 quarterly avg (baseline 3477; excess vs baseline: -877).  NE LABOUR MARKET (APS Apr 2018-Mar 2019): unemployment 5.7%, employment 71.1%, activity 75.5%.  NE MEDIAN WAGE (ASHE 2018): £511.1/week (£26577/yr). SSI workers earned above NE median (skilled manual, union rates, est. £25k-£35k).  No direct outcome data for this quarter. Use RC LA claimant count trajectory as proxy for still_seeking rate.  outcome_retrain_% and outcome_share_similar_% remain UNKNOWN — DWP microdata required for clean bucket split. outcome_underemployed_% proxy only (area wage data). All area-level data is NOT individual SSI worker tracking.","Nomis claimant count is AREA-LEVEL (Redcar & Cleveland LA or NE ITL1) — not individual SSI worker tracking. SSI dominated local economy so LA-level excess is largely attributable to closure, but non-SSI workers are included. JSA exit ≠ re-employed (workers may move to ESA/UC). Nomis age band 25-49 ≠ model band 25-44. UK training course = 2-day refresher to full vocational qual — not comparable to German Umschulung (1-2yr full requalification). Steel sector ~95% male; gender-disaggregated outcome rates unavailable from public sources.",2018Q4,37,all,2600,3477,-877.1,,,63120,67784,-4664.5,,,5.7,71.1,75.5,Apr 2018-Mar 2019,511.1,26577,414,,,,,,,,,,,,
redcar_2015,ONS Nomis NM_162_1 / DWP JSA Stats / SSI Task Force,https://www.nomisweb.co.uk/,2015-2017,Redcar / Teesside,North East England,all,professional,primary_metals / steel_manufacturing,£50k+,"£11k-£15k employer hiring subsidy (age-tiered: £11k under-45, £15k aged 45+); Routes to Work pilot £7.5m (Tees Valley-wide); £46m total government package (announced Oct 2015)","N/A — no UBI operational in UK Oct 2015. Actual baseline safety net: JSA £73.10/wk (adult rate) or £57.90/wk (under-25); ESA (support group) £109.65/wk; UC standard allowance £317.82/month. For model calibration: ubi_level = 0. UBI counterfactuals are simulation scenarios, not historical data.",104,2018Q4 (37 months post-closure),7.0,30.0,31.0,24.0,8.0,ESTIMATED_LOW,"INCOME BAND: £50k+. Plant management, senior engineers, operations managers. Above ASHE NE p90 (£882/wk=£45.9k/yr). Estimated 5% of workforce — LOW confidence. Likely had enhanced redundancy packages separate from main SSI terms. Outcome adjustments vs £25k-£35k baseline: retrain -1pp, share_similar +15pp, underemployed -14pp, exit -6pp, still_seeking +6pp. Source: China Shock ADH (low-wage→exit/underemployed; high-wage→share_similar) + Hartz re-employment wage analysis. All income-band outcomes ESTIMATED_LOW.  QUARTER: 2018Q4 (37 months post-closure, Oct 2 2015).  REDCAR & CLEVELAND LA (E06000003) claimant count: 2600 quarterly avg (baseline 3477; excess vs baseline: -877).  NE LABOUR MARKET (APS Apr 2018-Mar 2019): unemployment 5.7%, employment 71.1%, activity 75.5%.  NE MEDIAN WAGE (ASHE 2018): £511.1/week (£26577/yr). SSI workers earned above NE median (skilled manual, union rates, est. £25k-£35k).  No direct outcome data for this quarter. Use RC LA claimant count trajectory as proxy for still_seeking rate.  outcome_retrain_% and outcome_share_similar_% remain UNKNOWN — DWP microdata required for clean bucket split. outcome_underemployed_% proxy only (area wage data). All area-level data is NOT individual SSI worker tracking.","Nomis claimant count is AREA-LEVEL (Redcar & Cleveland LA or NE ITL1) — not individual SSI worker tracking. SSI dominated local economy so LA-level excess is largely attributable to closure, but non-SSI workers are included. JSA exit ≠ re-employed (workers may move to ESA/UC). Nomis age band 25-49 ≠ model band 25-44. UK training course = 2-day refresher to full vocational qual — not comparable to German Umschulung (1-2yr full requalification). Steel sector ~95% male; gender-disaggregated outcome rates unavailable from public sources.",2018Q4,37,all,2600,3477,-877.1,,,63120,67784,-4664.5,,,5.7,71.1,75.5,Apr 2018-Mar 2019,511.1,26577,104,,,,,,,,,,,,
redcar_2015,ONS Nomis NM_162_1 / DWP JSA Stats / SSI Task Force,https://www.nomisweb.co.uk/,2015-2017,Redcar / Teesside,North East England,all,skilled_manual,primary_metals / steel_manufacturing,£25k-£35k est.,"£11k-£15k employer hiring subsidy (age-tiered: £11k under-45, £15k aged 45+); Routes to Work pilot £7.5m (Tees Valley-wide); £46m total government package (announced Oct 2015)","N/A — no UBI operational in UK Oct 2015. Actual baseline safety net: JSA £73.10/wk (adult rate) or £57.90/wk (under-25); ESA (support group) £109.65/wk; UC standard allowance £317.82/month. For model calibration: ubi_level = 0. UBI counterfactuals are simulation scenarios, not historical data.",2070,2019Q1 (40 months post-closure),,,,,,LOW,"QUARTER: 2019Q1 (40 months post-closure, Oct 2 2015).  REDCAR & CLEVELAND LA (E06000003) claimant count: 3040 quarterly avg (baseline 3477; excess vs baseline: -437).  NE LABOUR MARKET (APS Jul 2018-Jun 2019): unemployment 5.7%, employment 71.4%, activity 75.8%.  NE MEDIAN WAGE (ASHE 2019): £531.4/week (£27633/yr). SSI workers earned above NE median (skilled manual, union rates, est. £25k-£35k).  No direct outcome data for this quarter. Use RC LA claimant count trajectory as proxy for still_seeking rate.  outcome_retrain_% and outcome_share_similar_% remain UNKNOWN — DWP microdata required for clean bucket split. outcome_underemployed_% proxy only (area wage data). All area-level data is NOT individual SSI worker tracking.","Nomis claimant count is AREA-LEVEL (Redcar & Cleveland LA or NE ITL1) — not individual SSI worker tracking. SSI dominated local economy so LA-level excess is largely attributable to closure, but non-SSI workers are included. JSA exit ≠ re-employed (workers may move to ESA/UC). Nomis age band 25-49 ≠ model band 25-44. UK training course = 2-day refresher to full vocational qual — not comparable to German Umschulung (1-2yr full requalification). Steel sector ~95% male; gender-disaggregated outcome rates unavailable from public sources.",2019Q1,40,all,3040,3477,-437.1,,,69343,67784,1558.8,,,5.7,71.4,75.8,Jul 2018-Jun 2019,531.4,27633,2070,,,,,,,,,,,,
redcar_2015,ONS Nomis NM_162_1 / DWP JSA Stats / SSI Task Force,https://www.nomisweb.co.uk/,2015-2017,Redcar / Teesside,North East England,16-24,skilled_manual,primary_metals / steel_manufacturing,£25k-£35k est.,£11k employer hiring subsidy (under-45 tier); Routes to Work pilot £7.5m (Tees Valley-wide); Employer Ownership of Skills pilot; £46m total government package,"N/A — no UBI operational in UK Oct 2015. Actual baseline safety net: JSA £73.10/wk (adult rate) or £57.90/wk (under-25); ESA (support group) £109.65/wk; UC standard allowance £317.82/month. For model calibration: ubi_level = 0. UBI counterfactuals are simulation scenarios, not historical data.",207,2019Q1 (40 months post-closure),,,,,,LOW,"AGE BAND: 16-24. Nomis band used: Aged 16-24 . Estimated SSI workers in this cell: 207 (prior: 10% of 2070).  QUARTER: 2019Q1 (40 months post-closure, Oct 2 2015).  REDCAR & CLEVELAND LA (E06000003) claimant count: 3040 quarterly avg (baseline 3477; excess vs baseline: -437).  RC LA age band claimants: 637 (20.9% of LA total).  NE LABOUR MARKET (APS Jul 2018-Jun 2019): unemployment 5.7%, employment 71.4%, activity 75.8%.  NE MEDIAN WAGE (ASHE 2019): £531.4/week (£27633/yr). SSI workers earned above NE median (skilled manual, union rates, est. £25k-£35k).  No direct outcome data for this quarter. Use RC LA claimant count trajectory as proxy for still_seeking rate.  outcome_retrain_% and outcome_share_similar_% remain UNKNOWN — DWP microdata required for clean bucket split. outcome_underemployed_% proxy only (area wage data). All area-level data is NOT individual SSI worker tracking.","Nomis claimant count is AREA-LEVEL (Redcar & Cleveland LA or NE ITL1) — not individual SSI worker tracking. SSI dominated local economy so LA-level excess is largely attributable to closure, but non-SSI workers are included. JSA exit ≠ re-employed (workers may move to ESA/UC). Nomis age band 25-49 ≠ model band 25-44. UK training course = 2-day refresher to full vocational qual — not comparable to German Umschulung (1-2yr full requalification). Steel sector ~95% male; gender-disaggregated outcome rates unavailable from public sources.",2019Q1,40,all,3040,3477,-437.1,637.0,20.9,69343,67784,1558.8,,,5.7,71.4,75.8,Jul 2018-Jun 2019,531.4,27633,207,0.1,,,,,,,,,,,
redcar_2015,ONS Nomis NM_162_1 / DWP JSA Stats / SSI Task Force,https://www.nomisweb.co.uk/,2015-2017,Redcar / Teesside,North East England,25-49,skilled_manual,primary_metals / steel_manufacturing,£25k-£35k est.,£11k employer hiring subsidy (under-45 tier); Routes to Work pilot £7.5m (Tees Valley-wide); £46m total government package,"N/A — no UBI operational in UK Oct 2015. Actual baseline safety net: JSA £73.10/wk (adult rate) or £57.90/wk (under-25); ESA (support group) £109.65/wk; UC standard allowance £317.82/month. For model calibration: ubi_level = 0. UBI counterfactuals are simulation scenarios, not historical data.",828,2019Q1 (40 months post-closure),,,,,,LOW,"AGE BAND: 25-49. Nomis band used: Aged 25-49 (NOTE: Nomis uses 25-49, not 25-44 — document mismatch). Estimated SSI workers in this cell: 828 (prior: 40% of 2070).  QUARTER: 2019Q1 (40 months post-closure, Oct 2 2015).  REDCAR & CLEVELAND LA (E06000003) claimant count: 3040 quarterly avg (baseline 3477; excess vs baseline: -437).  RC LA age band claimants: 1588 (52.2% of LA total).  NE LABOUR MARKET (APS Jul 2018-Jun 2019): unemployment 5.7%, employment 71.4%, activity 75.8%.  NE MEDIAN WAGE (ASHE 2019): £531.4/week (£27633/yr). SSI workers earned above NE median (skilled manual, union rates, est. £25k-£35k).  No direct outcome data for this quarter. Use RC LA claimant count trajectory as proxy for still_seeking rate.  outcome_retrain_% and outcome_share_similar_% remain UNKNOWN — DWP microdata required for clean bucket split. outcome_underemployed_% proxy only (area wage data). All area-level data is NOT individual SSI worker tracking.","Nomis claimant count is AREA-LEVEL (Redcar & Cleveland LA or NE ITL1) — not individual SSI worker tracking. SSI dominated local economy so LA-level excess is largely attributable to closure, but non-SSI workers are included. JSA exit ≠ re-employed (workers may move to ESA/UC). Nomis age band 25-49 ≠ model band 25-44. UK training course = 2-day refresher to full vocational qual — not comparable to German Umschulung (1-2yr full requalification). Steel sector ~95% male; gender-disaggregated outcome rates unavailable from public sources.",2019Q1,40,all,3040,3477,-437.1,1588.0,52.2,69343,67784,1558.8,,,5.7,71.4,75.8,Jul 2018-Jun 2019,531.4,27633,828,0.4,,,,,,,,,,,
redcar_2015,ONS Nomis NM_162_1 / DWP JSA Stats / SSI Task Force,https://www.nomisweb.co.uk/,2015-2017,Redcar / Teesside,North East England,50+,skilled_manual,primary_metals / steel_manufacturing,£25k-£35k est.,"£15k employer hiring subsidy (45+ tier — highest rate, recognising harder-to-place status); Routes to Work pilot £7.5m (Tees Valley-wide); £46m total government package","N/A — no UBI operational in UK Oct 2015. Actual baseline safety net: JSA £73.10/wk (adult rate) or £57.90/wk (under-25); ESA (support group) £109.65/wk; UC standard allowance £317.82/month. For model calibration: ubi_level = 0. UBI counterfactuals are simulation scenarios, not historical data.",1035,2019Q1 (40 months post-closure),,,,,,LOW,"AGE BAND: 50+. Nomis band used: Aged 50+ . Estimated SSI workers in this cell: 1035 (prior: 50% of 2070).  QUARTER: 2019Q1 (40 months post-closure, Oct 2 2015).  REDCAR & CLEVELAND LA (E06000003) claimant count: 3040 quarterly avg (baseline 3477; excess vs baseline: -437).  RC LA age band claimants: 815 (26.8% of LA total).  NE LABOUR MARKET (APS Jul 2018-Jun 2019): unemployment 5.7%, employment 71.4%, activity 75.8%.  NE MEDIAN WAGE (ASHE 2019): £531.4/week (£27633/yr). SSI workers earned above NE median (skilled manual, union rates, est. £25k-£35k).  No direct outcome data for this quarter. Use RC LA claimant count trajectory as proxy for still_seeking rate.  outcome_retrain_% and outcome_share_similar_% remain UNKNOWN — DWP microdata required for clean bucket split. outcome_underemployed_% proxy only (area wage data). All area-level data is NOT individual SSI worker tracking.","Nomis claimant count is AREA-LEVEL (Redcar & Cleveland LA or NE ITL1) — not individual SSI worker tracking. SSI dominated local economy so LA-level excess is largely attributable to closure, but non-SSI workers are included. JSA exit ≠ re-employed (workers may move to ESA/UC). Nomis age band 25-49 ≠ model band 25-44. UK training course = 2-day refresher to full vocational qual — not comparable to German Umschulung (1-2yr full requalification). Steel sector ~95% male; gender-disaggregated outcome rates unavailable from public sources.",2019Q1,40,all,3040,3477,-437.1,815.0,26.8,69343,67784,1558.8,,,5.7,71.4,75.8,Jul 2018-Jun 2019,531.4,27633,1035,0.5,,,,,,,,,,,
redcar_2015,ONS Nomis NM_162_1 / DWP JSA Stats / SSI Task Force,https://www.nomisweb.co.uk/,2015-2017,Redcar / Teesside,North East England,16-24,skilled_manual,primary_metals / steel_manufacturing,£25k-£35k est.,£11k employer hiring subsidy (under-45 tier); Routes to Work pilot £7.5m (Tees Valley-wide); Employer Ownership of Skills pilot; £46m total government package,"N/A — no UBI operational in UK Oct 2015. Actual baseline safety net: JSA £73.10/wk (adult rate) or £57.90/wk (under-25); ESA (support group) £109.65/wk; UC standard allowance £317.82/month. For model calibration: ubi_level = 0. UBI counterfactuals are simulation scenarios, not historical data.",197,2019Q1 (40 months post-closure),,,,,,LOW,"AGE BAND: 16-24. Nomis band used: Aged 16-24 . Estimated SSI workers in this cell: 197 (prior: 10% of 2070).  GENDER: male. Prior: 95% of SSI workforce (UK steel industry statistic, not SSI-specific microdata).  QUARTER: 2019Q1 (40 months post-closure, Oct 2 2015).  REDCAR & CLEVELAND LA (E06000003) claimant count: 3040 quarterly avg (baseline 3477; excess vs baseline: -437).  RC LA age band claimants: 637 (20.9% of LA total).  NE ITL1 gender claimants in this age band: 9253 (63.6% of NE age-band total). NOTE: NE gender split mixes steel and non-steel workers. SSI gender prior (95% male) used for ssi_est_workers_this_cell instead.  NE LABOUR MARKET (APS Jul 2018-Jun 2019): unemployment 5.7%, employment 71.4%, activity 75.8%.  NE MEDIAN WAGE (ASHE 2019): £531.4/week (£27633/yr). SSI workers earned above NE median (skilled manual, union rates, est. £25k-£35k).  No direct outcome data for this quarter. Use RC LA claimant count trajectory as proxy for still_seeking rate.  outcome_retrain_% and outcome_share_similar_% remain UNKNOWN — DWP microdata required for clean bucket split. outcome_underemployed_% proxy only (area wage data). All area-level data is NOT individual SSI worker tracking.","Nomis claimant count is AREA-LEVEL (Redcar & Cleveland LA or NE ITL1) — not individual SSI worker tracking. SSI dominated local economy so LA-level excess is largely attributable to closure, but non-SSI workers are included. JSA exit ≠ re-employed (workers may move to ESA/UC). Nomis age band 25-49 ≠ model band 25-44. UK training course = 2-day refresher to full vocational qual — not comparable to German Umschulung (1-2yr full requalification). Steel sector ~95% male; gender-disaggregated outcome rates unavailable from public sources.",2019Q1,40,male,3040,3477,-437.1,637.0,20.9,69343,67784,1558.8,9253.0,63.6,5.7,71.4,75.8,Jul 2018-Jun 2019,531.4,27633,197,0.1,0.95,,,,,,,,,,
redcar_2015,ONS Nomis NM_162_1 / DWP JSA Stats / SSI Task Force,https://www.nomisweb.co.uk/,2015-2017,Redcar / Teesside,North East England,16-24,skilled_manual,primary_metals / steel_manufacturing,£25k-£35k est.,£11k employer hiring subsidy (under-45 tier); Routes to Work pilot £7.5m (Tees Valley-wide); Employer Ownership of Skills pilot; £46m total government package,"N/A — no UBI operational in UK Oct 2015. Actual baseline safety net: JSA £73.10/wk (adult rate) or £57.90/wk (under-25); ESA (support group) £109.65/wk; UC standard allowance £317.82/month. For model calibration: ubi_level = 0. UBI counterfactuals are simulation scenarios, not historical data.",10,2019Q1 (40 months post-closure),,,,,,LOW,"AGE BAND: 16-24. Nomis band used: Aged 16-24 . Estimated SSI workers in this cell: 10 (prior: 10% of 2070).  GENDER: female. Prior: 5% of SSI workforce (UK steel industry statistic, not SSI-specific microdata).  QUARTER: 2019Q1 (40 months post-closure, Oct 2 2015).  REDCAR & CLEVELAND LA (E06000003) claimant count: 3040 quarterly avg (baseline 3477; excess vs baseline: -437).  RC LA age band claimants: 637 (20.9% of LA total).  NE ITL1 gender claimants in this age band: 5307 (36.4% of NE age-band total). NOTE: NE gender split mixes steel and non-steel workers. SSI gender prior (95% male) used for ssi_est_workers_this_cell instead.  NE LABOUR MARKET (APS Jul 2018-Jun 2019): unemployment 5.7%, employment 71.4%, activity 75.8%.  NE MEDIAN WAGE (ASHE 2019): £531.4/week (£27633/yr). SSI workers earned above NE median (skilled manual, union rates, est. £25k-£35k).  No direct outcome data for this quarter. Use RC LA claimant count trajectory as proxy for still_seeking rate.  outcome_retrain_% and outcome_share_similar_% remain UNKNOWN — DWP microdata required for clean bucket split. outcome_underemployed_% proxy only (area wage data). All area-level data is NOT individual SSI worker tracking.","Nomis claimant count is AREA-LEVEL (Redcar & Cleveland LA or NE ITL1) — not individual SSI worker tracking. SSI dominated local economy so LA-level excess is largely attributable to closure, but non-SSI workers are included. JSA exit ≠ re-employed (workers may move to ESA/UC). Nomis age band 25-49 ≠ model band 25-44. UK training course = 2-day refresher to full vocational qual — not comparable to German Umschulung (1-2yr full requalification). Steel sector ~95% male; gender-disaggregated outcome rates unavailable from public sources.",2019Q1,40,female,3040,3477,-437.1,637.0,20.9,69343,67784,1558.8,5307.0,36.4,5.7,71.4,75.8,Jul 2018-Jun 2019,531.4,27633,10,0.1,0.05,,,,,,,,,,
redcar_2015,ONS Nomis NM_162_1 / DWP JSA Stats / SSI Task Force,https://www.nomisweb.co.uk/,2015-2017,Redcar / Teesside,North East England,25-49,skilled_manual,primary_metals / steel_manufacturing,£25k-£35k est.,£11k employer hiring subsidy (under-45 tier); Routes to Work pilot £7.5m (Tees Valley-wide); £46m total government package,"N/A — no UBI operational in UK Oct 2015. Actual baseline safety net: JSA £73.10/wk (adult rate) or £57.90/wk (under-25); ESA (support group) £109.65/wk; UC standard allowance £317.82/month. For model calibration: ubi_level = 0. UBI counterfactuals are simulation scenarios, not historical data.",787,2019Q1 (40 months post-closure),,,,,,LOW,"AGE BAND: 25-49. Nomis band used: Aged 25-49 (NOTE: Nomis uses 25-49, not 25-44 — document mismatch). Estimated SSI workers in this cell: 787 (prior: 40% of 2070).  GENDER: male. Prior: 95% of SSI workforce (UK steel industry statistic, not SSI-specific microdata).  QUARTER: 2019Q1 (40 months post-closure, Oct 2 2015).  REDCAR & CLEVELAND LA (E06000003) claimant count: 3040 quarterly avg (baseline 3477; excess vs baseline: -437).  RC LA age band claimants: 1588 (52.2% of LA total).  NE ITL1 gender claimants in this age band: 23053 (62.0% of NE age-band total). NOTE: NE gender split mixes steel and non-steel workers. SSI gender prior (95% male) used for ssi_est_workers_this_cell instead.  NE LABOUR MARKET (APS Jul 2018-Jun 2019): unemployment 5.7%, employment 71.4%, activity 75.8%.  NE MEDIAN WAGE (ASHE 2019): £531.4/week (£27633/yr). SSI workers earned above NE median (skilled manual, union rates, est. £25k-£35k).  No direct outcome data for this quarter. Use RC LA claimant count trajectory as proxy for still_seeking rate.  outcome_retrain_% and outcome_share_similar_% remain UNKNOWN — DWP microdata required for clean bucket split. outcome_underemployed_% proxy only (area wage data). All area-level data is NOT individual SSI worker tracking.","Nomis claimant count is AREA-LEVEL (Redcar & Cleveland LA or NE ITL1) — not individual SSI worker tracking. SSI dominated local economy so LA-level excess is largely attributable to closure, but non-SSI workers are included. JSA exit ≠ re-employed (workers may move to ESA/UC). Nomis age band 25-49 ≠ model band 25-44. UK training course = 2-day refresher to full vocational qual — not comparable to German Umschulung (1-2yr full requalification). Steel sector ~95% male; gender-disaggregated outcome rates unavailable from public sources.",2019Q1,40,male,3040,3477,-437.1,1588.0,52.2,69343,67784,1558.8,23053.0,62.0,5.7,71.4,75.8,Jul 2018-Jun 2019,531.4,27633,787,0.4,0.95,,,,,,,,,,
redcar_2015,ONS Nomis NM_162_1 / DWP JSA Stats / SSI Task Force,https://www.nomisweb.co.uk/,2015-2017,Redcar / Teesside,North East England,25-49,skilled_manual,primary_metals / steel_manufacturing,£25k-£35k est.,£11k employer hiring subsidy (under-45 tier); Routes to Work pilot £7.5m (Tees Valley-wide); £46m total government package,"N/A — no UBI operational in UK Oct 2015. Actual baseline safety net: JSA £73.10/wk (adult rate) or £57.90/wk (under-25); ESA (support group) £109.65/wk; UC standard allowance £317.82/month. For model calibration: ubi_level = 0. UBI counterfactuals are simulation scenarios, not historical data.",41,2019Q1 (40 months post-closure),,,,,,LOW,"AGE BAND: 25-49. Nomis band used: Aged 25-49 (NOTE: Nomis uses 25-49, not 25-44 — document mismatch). Estimated SSI workers in this cell: 41 (prior: 40% of 2070).  GENDER: female. Prior: 5% of SSI workforce (UK steel industry statistic, not SSI-specific microdata).  QUARTER: 2019Q1 (40 months post-closure, Oct 2 2015).  REDCAR & CLEVELAND LA (E06000003) claimant count: 3040 quarterly avg (baseline 3477; excess vs baseline: -437).  RC LA age band claimants: 1588 (52.2% of LA total).  NE ITL1 gender claimants in this age band: 14105 (38.0% of NE age-band total). NOTE: NE gender split mixes steel and non-steel workers. SSI gender prior (95% male) used for ssi_est_workers_this_cell instead.  NE LABOUR MARKET (APS Jul 2018-Jun 2019): unemployment 5.7%, employment 71.4%, activity 75.8%.  NE MEDIAN WAGE (ASHE 2019): £531.4/week (£27633/yr). SSI workers earned above NE median (skilled manual, union rates, est. £25k-£35k).  No direct outcome data for this quarter. Use RC LA claimant count trajectory as proxy for still_seeking rate.  outcome_retrain_% and outcome_share_similar_% remain UNKNOWN — DWP microdata required for clean bucket split. outcome_underemployed_% proxy only (area wage data). All area-level data is NOT individual SSI worker tracking.","Nomis claimant count is AREA-LEVEL (Redcar & Cleveland LA or NE ITL1) — not individual SSI worker tracking. SSI dominated local economy so LA-level excess is largely attributable to closure, but non-SSI workers are included. JSA exit ≠ re-employed (workers may move to ESA/UC). Nomis age band 25-49 ≠ model band 25-44. UK training course = 2-day refresher to full vocational qual — not comparable to German Umschulung (1-2yr full requalification). Steel sector ~95% male; gender-disaggregated outcome rates unavailable from public sources.",2019Q1,40,female,3040,3477,-437.1,1588.0,52.2,69343,67784,1558.8,14105.0,38.0,5.7,71.4,75.8,Jul 2018-Jun 2019,531.4,27633,41,0.4,0.05,,,,,,,,,,
redcar_2015,ONS Nomis NM_162_1 / DWP JSA Stats / SSI Task Force,https://www.nomisweb.co.uk/,2015-2017,Redcar / Teesside,North East England,50+,skilled_manual,primary_metals / steel_manufacturing,£25k-£35k est.,"£15k employer hiring subsidy (45+ tier — highest rate, recognising harder-to-place status); Routes to Work pilot £7.5m (Tees Valley-wide); £46m total government package","N/A — no UBI operational in UK Oct 2015. Actual baseline safety net: JSA £73.10/wk (adult rate) or £57.90/wk (under-25); ESA (support group) £109.65/wk; UC standard allowance £317.82/month. For model calibration: ubi_level = 0. UBI counterfactuals are simulation scenarios, not historical data.",983,2019Q1 (40 months post-closure),,,,,,LOW,"AGE BAND: 50+. Nomis band used: Aged 50+ . Estimated SSI workers in this cell: 983 (prior: 50% of 2070).  GENDER: male. Prior: 95% of SSI workforce (UK steel industry statistic, not SSI-specific microdata).  QUARTER: 2019Q1 (40 months post-closure, Oct 2 2015).  REDCAR & CLEVELAND LA (E06000003) claimant count: 3040 quarterly avg (baseline 3477; excess vs baseline: -437).  RC LA age band claimants: 815 (26.8% of LA total).  NE ITL1 gender claimants in this age band: 10648 (60.4% of NE age-band total). NOTE: NE gender split mixes steel and non-steel workers. SSI gender prior (95% male) used for ssi_est_workers_this_cell instead.  NE LABOUR MARKET (APS Jul 2018-Jun 2019): unemployment 5.7%, employment 71.4%, activity 75.8%.  NE MEDIAN WAGE (ASHE 2019): £531.4/week (£27633/yr). SSI workers earned above NE median (skilled manual, union rates, est. £25k-£35k).  No direct outcome data for this quarter. Use RC LA claimant count trajectory as proxy for still_seeking rate.  outcome_retrain_% and outcome_share_similar_% remain UNKNOWN — DWP microdata required for clean bucket split. outcome_underemployed_% proxy only (area wage data). All area-level data is NOT individual SSI worker tracking.","Nomis claimant count is AREA-LEVEL (Redcar & Cleveland LA or NE ITL1) — not individual SSI worker tracking. SSI dominated local economy so LA-level excess is largely attributable to closure, but non-SSI workers are included. JSA exit ≠ re-employed (workers may move to ESA/UC). Nomis age band 25-49 ≠ model band 25-44. UK training course = 2-day refresher to full vocational qual — not comparable to German Umschulung (1-2yr full requalification). Steel sector ~95% male; gender-disaggregated outcome rates unavailable from public sources.",2019Q1,40,male,3040,3477,-437.1,815.0,26.8,69343,67784,1558.8,10648.0,60.4,5.7,71.4,75.8,Jul 2018-Jun 2019,531.4,27633,983,0.5,0.95,,,,,,,,,,
redcar_2015,ONS Nomis NM_162_1 / DWP JSA Stats / SSI Task Force,https://www.nomisweb.co.uk/,2015-2017,Redcar / Teesside,North East England,50+,skilled_manual,primary_metals / steel_manufacturing,£25k-£35k est.,"£15k employer hiring subsidy (45+ tier — highest rate, recognising harder-to-place status); Routes to Work pilot £7.5m (Tees Valley-wide); £46m total government package","N/A — no UBI operational in UK Oct 2015. Actual baseline safety net: JSA £73.10/wk (adult rate) or £57.90/wk (under-25); ESA (support group) £109.65/wk; UC standard allowance £317.82/month. For model calibration: ubi_level = 0. UBI counterfactuals are simulation scenarios, not historical data.",52,2019Q1 (40 months post-closure),,,,,,LOW,"AGE BAND: 50+. Nomis band used: Aged 50+ . Estimated SSI workers in this cell: 52 (prior: 50% of 2070).  GENDER: female. Prior: 5% of SSI workforce (UK steel industry statistic, not SSI-specific microdata).  QUARTER: 2019Q1 (40 months post-closure, Oct 2 2015).  REDCAR & CLEVELAND LA (E06000003) claimant count: 3040 quarterly avg (baseline 3477; excess vs baseline: -437).  RC LA age band claimants: 815 (26.8% of LA total).  NE ITL1 gender claimants in this age band: 6972 (39.6% of NE age-band total). NOTE: NE gender split mixes steel and non-steel workers. SSI gender prior (95% male) used for ssi_est_workers_this_cell instead.  NE LABOUR MARKET (APS Jul 2018-Jun 2019): unemployment 5.7%, employment 71.4%, activity 75.8%.  NE MEDIAN WAGE (ASHE 2019): £531.4/week (£27633/yr). SSI workers earned above NE median (skilled manual, union rates, est. £25k-£35k).  No direct outcome data for this quarter. Use RC LA claimant count trajectory as proxy for still_seeking rate.  outcome_retrain_% and outcome_share_similar_% remain UNKNOWN — DWP microdata required for clean bucket split. outcome_underemployed_% proxy only (area wage data). All area-level data is NOT individual SSI worker tracking.","Nomis claimant count is AREA-LEVEL (Redcar & Cleveland LA or NE ITL1) — not individual SSI worker tracking. SSI dominated local economy so LA-level excess is largely attributable to closure, but non-SSI workers are included. JSA exit ≠ re-employed (workers may move to ESA/UC). Nomis age band 25-49 ≠ model band 25-44. UK training course = 2-day refresher to full vocational qual — not comparable to German Umschulung (1-2yr full requalification). Steel sector ~95% male; gender-disaggregated outcome rates unavailable from public sources.",2019Q1,40,female,3040,3477,-437.1,815.0,26.8,69343,67784,1558.8,6972.0,39.6,5.7,71.4,75.8,Jul 2018-Jun 2019,531.4,27633,52,0.5,0.05,,,,,,,,,,
redcar_2015,ONS Nomis NM_162_1 / DWP JSA Stats / SSI Task Force,https://www.nomisweb.co.uk/,2015-2017,Redcar / Teesside,North East England,all,low_skilled,primary_metals / steel_manufacturing,<£20k,"£11k-£15k employer hiring subsidy (age-tiered: £11k under-45, £15k aged 45+); Routes to Work pilot £7.5m (Tees Valley-wide); £46m total government package (announced Oct 2015)","N/A — no UBI operational in UK Oct 2015. Actual baseline safety net: JSA £73.10/wk (adult rate) or £57.90/wk (under-25); ESA (support group) £109.65/wk; UC standard allowance £317.82/month. For model calibration: ubi_level = 0. UBI counterfactuals are simulation scenarios, not historical data.",104,2019Q1 (40 months post-closure),6.0,9.0,48.0,36.0,1.0,ESTIMATED_LOW,"INCOME BAND: <£20k. Semi-skilled process support, admin, cleaners. ASHE NE p10 (£288/wk=£15k/yr). Lowest-paid SSI cohort. Estimated 5% of workforce — LOW confidence. Outcome adjustments vs £25k-£35k baseline: retrain -2pp, share_similar -6pp, underemployed +3pp, exit +6pp, still_seeking -1pp. Source: China Shock ADH (low-wage→exit/underemployed; high-wage→share_similar) + Hartz re-employment wage analysis. All income-band outcomes ESTIMATED_LOW.  QUARTER: 2019Q1 (40 months post-closure, Oct 2 2015).  REDCAR & CLEVELAND LA (E06000003) claimant count: 3040 quarterly avg (baseline 3477; excess vs baseline: -437).  NE LABOUR MARKET (APS Jul 2018-Jun 2019): unemployment 5.7%, employment 71.4%, activity 75.8%.  NE MEDIAN WAGE (ASHE 2019): £531.4/week (£27633/yr). SSI workers earned above NE median (skilled manual, union rates, est. £25k-£35k).  No direct outcome data for this quarter. Use RC LA claimant count trajectory as proxy for still_seeking rate.  outcome_retrain_% and outcome_share_similar_% remain UNKNOWN — DWP microdata required for clean bucket split. outcome_underemployed_% proxy only (area wage data). All area-level data is NOT individual SSI worker tracking.","Nomis claimant count is AREA-LEVEL (Redcar & Cleveland LA or NE ITL1) — not individual SSI worker tracking. SSI dominated local economy so LA-level excess is largely attributable to closure, but non-SSI workers are included. JSA exit ≠ re-employed (workers may move to ESA/UC). Nomis age band 25-49 ≠ model band 25-44. UK training course = 2-day refresher to full vocational qual — not comparable to German Umschulung (1-2yr full requalification). Steel sector ~95% male; gender-disaggregated outcome rates unavailable from public sources.",2019Q1,40,all,3040,3477,-437.1,,,69343,67784,1558.8,,,5.7,71.4,75.8,Jul 2018-Jun 2019,531.4,27633,104,,,,,,,,,,,,
redcar_2015,ONS Nomis NM_162_1 / DWP JSA Stats / SSI Task Force,https://www.nomisweb.co.uk/,2015-2017,Redcar / Teesside,North East England,all,skilled_manual,primary_metals / steel_manufacturing,£20k-£25k,"£11k-£15k employer hiring subsidy (age-tiered: £11k under-45, £15k aged 45+); Routes to Work pilot £7.5m (Tees Valley-wide); £46m total government package (announced Oct 2015)","N/A — no UBI operational in UK Oct 2015. Actual baseline safety net: JSA £73.10/wk (adult rate) or £57.90/wk (under-25); ESA (support group) £109.65/wk; UC standard allowance £317.82/month. For model calibration: ubi_level = 0. UBI counterfactuals are simulation scenarios, not historical data.",310,2019Q1 (40 months post-closure),7.0,11.0,47.0,34.0,1.0,ESTIMATED_LOW,"INCOME BAND: £20k-£25k. Semi-skilled process operators, junior technicians. ASHE NE p25-median range (£359-£486/wk). Estimated 15% of workforce — LOW confidence. Outcome adjustments vs £25k-£35k baseline: retrain -1pp, share_similar -4pp, underemployed +2pp, exit +4pp, still_seeking -1pp. Source: China Shock ADH (low-wage→exit/underemployed; high-wage→share_similar) + Hartz re-employment wage analysis. All income-band outcomes ESTIMATED_LOW.  QUARTER: 2019Q1 (40 months post-closure, Oct 2 2015).  REDCAR & CLEVELAND LA (E06000003) claimant count: 3040 quarterly avg (baseline 3477; excess vs baseline: -437).  NE LABOUR MARKET (APS Jul 2018-Jun 2019): unemployment 5.7%, employment 71.4%, activity 75.8%.  NE MEDIAN WAGE (ASHE 2019): £531.4/week (£27633/yr). SSI workers earned above NE median (skilled manual, union rates, est. £25k-£35k).  No direct outcome data for this quarter. Use RC LA claimant count trajectory as proxy for still_seeking rate.  outcome_retrain_% and outcome_share_similar_% remain UNKNOWN — DWP microdata required for clean bucket split. outcome_underemployed_% proxy only (area wage data). All area-level data is NOT individual SSI worker tracking.","Nomis claimant count is AREA-LEVEL (Redcar & Cleveland LA or NE ITL1) — not individual SSI worker tracking. SSI dominated local economy so LA-level excess is largely attributable to closure, but non-SSI workers are included. JSA exit ≠ re-employed (workers may move to ESA/UC). Nomis age band 25-49 ≠ model band 25-44. UK training course = 2-day refresher to full vocational qual — not comparable to German Umschulung (1-2yr full requalification). Steel sector ~95% male; gender-disaggregated outcome rates unavailable from public sources.",2019Q1,40,all,3040,3477,-437.1,,,69343,67784,1558.8,,,5.7,71.4,75.8,Jul 2018-Jun 2019,531.4,27633,310,,,,,,,,,,,,
redcar_2015,ONS Nomis NM_162_1 / DWP JSA Stats / SSI Task Force,https://www.nomisweb.co.uk/,2015-2017,Redcar / Teesside,North East England,all,skilled_manual,primary_metals / steel_manufacturing,£25k-£35k,"£11k-£15k employer hiring subsidy (age-tiered: £11k under-45, £15k aged 45+); Routes to Work pilot £7.5m (Tees Valley-wide); £46m total government package (announced Oct 2015)","N/A — no UBI operational in UK Oct 2015. Actual baseline safety net: JSA £73.10/wk (adult rate) or £57.90/wk (under-25); ESA (support group) £109.65/wk; UC standard allowance £317.82/month. For model calibration: ubi_level = 0. UBI counterfactuals are simulation scenarios, not historical data.",1138,2019Q1 (40 months post-closure),8.0,15.0,45.0,30.0,,LOW,"INCOME BAND: £25k-£35k. Skilled process operators, blast furnace operators. ASHE NE median-p75 range (£486-£679/wk). PRIMARY ESTIMATE — majority of SSI workforce. All aggregate anchors (25% still-seeking, 93% off benefits) apply directly. Outcome adjustments vs £25k-£35k baseline: retrain +0pp, share_similar +0pp, underemployed +0pp, exit +0pp, still_seeking +0pp. Source: China Shock ADH (low-wage→exit/underemployed; high-wage→share_similar) + Hartz re-employment wage analysis. All income-band outcomes ESTIMATED_LOW.  QUARTER: 2019Q1 (40 months post-closure, Oct 2 2015).  REDCAR & CLEVELAND LA (E06000003) claimant count: 3040 quarterly avg (baseline 3477; excess vs baseline: -437).  NE LABOUR MARKET (APS Jul 2018-Jun 2019): unemployment 5.7%, employment 71.4%, activity 75.8%.  NE MEDIAN WAGE (ASHE 2019): £531.4/week (£27633/yr). SSI workers earned above NE median (skilled manual, union rates, est. £25k-£35k).  No direct outcome data for this quarter. Use RC LA claimant count trajectory as proxy for still_seeking rate.  outcome_retrain_% and outcome_share_similar_% remain UNKNOWN — DWP microdata required for clean bucket split. outcome_underemployed_% proxy only (area wage data). All area-level data is NOT individual SSI worker tracking.","Nomis claimant count is AREA-LEVEL (Redcar & Cleveland LA or NE ITL1) — not individual SSI worker tracking. SSI dominated local economy so LA-level excess is largely attributable to closure, but non-SSI workers are included. JSA exit ≠ re-employed (workers may move to ESA/UC). Nomis age band 25-49 ≠ model band 25-44. UK training course = 2-day refresher to full vocational qual — not comparable to German Umschulung (1-2yr full requalification). Steel sector ~95% male; gender-disaggregated outcome rates unavailable from public sources.",2019Q1,40,all,3040,3477,-437.1,,,69343,67784,1558.8,,,5.7,71.4,75.8,Jul 2018-Jun 2019,531.4,27633,1138,,,,,,,,,,,,
redcar_2015,ONS Nomis NM_162_1 / DWP JSA Stats / SSI Task Force,https://www.nomisweb.co.uk/,2015-2017,Redcar / Teesside,North East England,all,skilled_manual,primary_metals / steel_manufacturing,£35k-£50k,"£11k-£15k employer hiring subsidy (age-tiered: £11k under-45, £15k aged 45+); Routes to Work pilot £7.5m (Tees Valley-wide); £46m total government package (announced Oct 2015)","N/A — no UBI operational in UK Oct 2015. Actual baseline safety net: JSA £73.10/wk (adult rate) or £57.90/wk (under-25); ESA (support group) £109.65/wk; UC standard allowance £317.82/month. For model calibration: ubi_level = 0. UBI counterfactuals are simulation scenarios, not historical data.",414,2019Q1 (40 months post-closure),9.0,22.0,39.0,26.0,4.0,ESTIMATED_LOW,"INCOME BAND: £35k-£50k. Senior operators, shift supervisors, maintenance engineers, technicians. ASHE NE p75-p90 range (£679-£882/wk). Estimated 20% of workforce — LOW confidence. Outcome adjustments vs £25k-£35k baseline: retrain +1pp, share_similar +7pp, underemployed -6pp, exit -4pp, still_seeking +2pp. Source: China Shock ADH (low-wage→exit/underemployed; high-wage→share_similar) + Hartz re-employment wage analysis. All income-band outcomes ESTIMATED_LOW.  QUARTER: 2019Q1 (40 months post-closure, Oct 2 2015).  REDCAR & CLEVELAND LA (E06000003) claimant count: 3040 quarterly avg (baseline 3477; excess vs baseline: -437).  NE LABOUR MARKET (APS Jul 2018-Jun 2019): unemployment 5.7%, employment 71.4%, activity 75.8%.  NE MEDIAN WAGE (ASHE 2019): £531.4/week (£27633/yr). SSI workers earned above NE median (skilled manual, union rates, est. £25k-£35k).  No direct outcome data for this quarter. Use RC LA claimant count trajectory as proxy for still_seeking rate.  outcome_retrain_% and outcome_share_similar_% remain UNKNOWN — DWP microdata required for clean bucket split. outcome_underemployed_% proxy only (area wage data). All area-level data is NOT individual SSI worker tracking.","Nomis claimant count is AREA-LEVEL (Redcar & Cleveland LA or NE ITL1) — not individual SSI worker tracking. SSI dominated local economy so LA-level excess is largely attributable to closure, but non-SSI workers are included. JSA exit ≠ re-employed (workers may move to ESA/UC). Nomis age band 25-49 ≠ model band 25-44. UK training course = 2-day refresher to full vocational qual — not comparable to German Umschulung (1-2yr full requalification). Steel sector ~95% male; gender-disaggregated outcome rates unavailable from public sources.",2019Q1,40,all,3040,3477,-437.1,,,69343,67784,1558.8,,,5.7,71.4,75.8,Jul 2018-Jun 2019,531.4,27633,414,,,,,,,,,,,,
redcar_2015,ONS Nomis NM_162_1 / DWP JSA Stats / SSI Task Force,https://www.nomisweb.co.uk/,2015-2017,Redcar / Teesside,North East England,all,professional,primary_metals / steel_manufacturing,£50k+,"£11k-£15k employer hiring subsidy (age-tiered: £11k under-45, £15k aged 45+); Routes to Work pilot £7.5m (Tees Valley-wide); £46m total government package (announced Oct 2015)","N/A — no UBI operational in UK Oct 2015. Actual baseline safety net: JSA £73.10/wk (adult rate) or £57.90/wk (under-25); ESA (support group) £109.65/wk; UC standard allowance £317.82/month. For model calibration: ubi_level = 0. UBI counterfactuals are simulation scenarios, not historical data.",104,2019Q1 (40 months post-closure),7.0,30.0,31.0,24.0,8.0,ESTIMATED_LOW,"INCOME BAND: £50k+. Plant management, senior engineers, operations managers. Above ASHE NE p90 (£882/wk=£45.9k/yr). Estimated 5% of workforce — LOW confidence. Likely had enhanced redundancy packages separate from main SSI terms. Outcome adjustments vs £25k-£35k baseline: retrain -1pp, share_similar +15pp, underemployed -14pp, exit -6pp, still_seeking +6pp. Source: China Shock ADH (low-wage→exit/underemployed; high-wage→share_similar) + Hartz re-employment wage analysis. All income-band outcomes ESTIMATED_LOW.  QUARTER: 2019Q1 (40 months post-closure, Oct 2 2015).  REDCAR & CLEVELAND LA (E06000003) claimant count: 3040 quarterly avg (baseline 3477; excess vs baseline: -437).  NE LABOUR MARKET (APS Jul 2018-Jun 2019): unemployment 5.7%, employment 71.4%, activity 75.8%.  NE MEDIAN WAGE (ASHE 2019): £531.4/week (£27633/yr). SSI workers earned above NE median (skilled manual, union rates, est. £25k-£35k).  No direct outcome data for this quarter. Use RC LA claimant count trajectory as proxy for still_seeking rate.  outcome_retrain_% and outcome_share_similar_% remain UNKNOWN — DWP microdata required for clean bucket split. outcome_underemployed_% proxy only (area wage data). All area-level data is NOT individual SSI worker tracking.","Nomis claimant count is AREA-LEVEL (Redcar & Cleveland LA or NE ITL1) — not individual SSI worker tracking. SSI dominated local economy so LA-level excess is largely attributable to closure, but non-SSI workers are included. JSA exit ≠ re-employed (workers may move to ESA/UC). Nomis age band 25-49 ≠ model band 25-44. UK training course = 2-day refresher to full vocational qual — not comparable to German Umschulung (1-2yr full requalification). Steel sector ~95% male; gender-disaggregated outcome rates unavailable from public sources.",2019Q1,40,all,3040,3477,-437.1,,,69343,67784,1558.8,,,5.7,71.4,75.8,Jul 2018-Jun 2019,531.4,27633,104,,,,,,,,,,,,
redcar_2015,ONS Nomis NM_162_1 / DWP JSA Stats / SSI Task Force,https://www.nomisweb.co.uk/,2015-2017,Redcar / Teesside,North East England,all,skilled_manual,primary_metals / steel_manufacturing,£25k-£35k est.,"£11k-£15k employer hiring subsidy (age-tiered: £11k under-45, £15k aged 45+); Routes to Work pilot £7.5m (Tees Valley-wide); £46m total government package (announced Oct 2015)","N/A — no UBI operational in UK Oct 2015. Actual baseline safety net: JSA £73.10/wk (adult rate) or £57.90/wk (under-25); ESA (support group) £109.65/wk; UC standard allowance £317.82/month. For model calibration: ubi_level = 0. UBI counterfactuals are simulation scenarios, not historical data.",2070,2019Q2 (43 months post-closure),,,,,,LOW,"QUARTER: 2019Q2 (43 months post-closure, Oct 2 2015).  REDCAR & CLEVELAND LA (E06000003) claimant count: 3295 quarterly avg (baseline 3477; excess vs baseline: -182).  NE LABOUR MARKET (APS Oct 2018-Sep 2019): unemployment 5.7%, employment 71.2%, activity 75.7%.  NE MEDIAN WAGE (ASHE 2019): £531.4/week (£27633/yr). SSI workers earned above NE median (skilled manual, union rates, est. £25k-£35k).  No direct outcome data for this quarter. Use RC LA claimant count trajectory as proxy for still_seeking rate.  outcome_retrain_% and outcome_share_similar_% remain UNKNOWN — DWP microdata required for clean bucket split. outcome_underemployed_% proxy only (area wage data). All area-level data is NOT individual SSI worker tracking.","Nomis claimant count is AREA-LEVEL (Redcar & Cleveland LA or NE ITL1) — not individual SSI worker tracking. SSI dominated local economy so LA-level excess is largely attributable to closure, but non-SSI workers are included. JSA exit ≠ re-employed (workers may move to ESA/UC). Nomis age band 25-49 ≠ model band 25-44. UK training course = 2-day refresher to full vocational qual — not comparable to German Umschulung (1-2yr full requalification). Steel sector ~95% male; gender-disaggregated outcome rates unavailable from public sources.",2019Q2,43,all,3295,3477,-182.1,,,71348,67784,3563.8,,,5.7,71.2,75.7,Oct 2018-Sep 2019,531.4,27633,2070,,,,,,,,,,,,
redcar_2015,ONS Nomis NM_162_1 / DWP JSA Stats / SSI Task Force,https://www.nomisweb.co.uk/,2015-2017,Redcar / Teesside,North East England,16-24,skilled_manual,primary_metals / steel_manufacturing,£25k-£35k est.,£11k employer hiring subsidy (under-45 tier); Routes to Work pilot £7.5m (Tees Valley-wide); Employer Ownership of Skills pilot; £46m total government package,"N/A — no UBI operational in UK Oct 2015. Actual baseline safety net: JSA £73.10/wk (adult rate) or £57.90/wk (under-25); ESA (support group) £109.65/wk; UC standard allowance £317.82/month. For model calibration: ubi_level = 0. UBI counterfactuals are simulation scenarios, not historical data.",207,2019Q2 (43 months post-closure),,,,,,LOW,"AGE BAND: 16-24. Nomis band used: Aged 16-24 . Estimated SSI workers in this cell: 207 (prior: 10% of 2070).  QUARTER: 2019Q2 (43 months post-closure, Oct 2 2015).  REDCAR & CLEVELAND LA (E06000003) claimant count: 3295 quarterly avg (baseline 3477; excess vs baseline: -182).  RC LA age band claimants: 698 (21.2% of LA total).  NE LABOUR MARKET (APS Oct 2018-Sep 2019): unemployment 5.7%, employment 71.2%, activity 75.7%.  NE MEDIAN WAGE (ASHE 2019): £531.4/week (£27633/yr). SSI workers earned above NE median (skilled manual, union rates, est. £25k-£35k).  No direct outcome data for this quarter. Use RC LA claimant count trajectory as proxy for still_seeking rate.  outcome_retrain_% and outcome_share_similar_% remain UNKNOWN — DWP microdata required for clean bucket split. outcome_underemployed_% proxy only (area wage data). All area-level data is NOT individual SSI worker tracking.","Nomis claimant count is AREA-LEVEL (Redcar & Cleveland LA or NE ITL1) — not individual SSI worker tracking. SSI dominated local economy so LA-level excess is largely attributable to closure, but non-SSI workers are included. JSA exit ≠ re-employed (workers may move to ESA/UC). Nomis age band 25-49 ≠ model band 25-44. UK training course = 2-day refresher to full vocational qual — not comparable to German Umschulung (1-2yr full requalification). Steel sector ~95% male; gender-disaggregated outcome rates unavailable from public sources.",2019Q2,43,all,3295,3477,-182.1,698.0,21.2,71348,67784,3563.8,,,5.7,71.2,75.7,Oct 2018-Sep 2019,531.4,27633,207,0.1,,,,,,,,,,,
redcar_2015,ONS Nomis NM_162_1 / DWP JSA Stats / SSI Task Force,https://www.nomisweb.co.uk/,2015-2017,Redcar / Teesside,North East England,25-49,skilled_manual,primary_metals / steel_manufacturing,£25k-£35k est.,£11k employer hiring subsidy (under-45 tier); Routes to Work pilot £7.5m (Tees Valley-wide); £46m total government package,"N/A — no UBI operational in UK Oct 2015. Actual baseline safety net: JSA £73.10/wk (adult rate) or £57.90/wk (under-25); ESA (support group) £109.65/wk; UC standard allowance £317.82/month. For model calibration: ubi_level = 0. UBI counterfactuals are simulation scenarios, not historical data.",828,2019Q2 (43 months post-closure),,,,,,LOW,"AGE BAND: 25-49. Nomis band used: Aged 25-49 (NOTE: Nomis uses 25-49, not 25-44 — document mismatch). Estimated SSI workers in this cell: 828 (prior: 40% of 2070).  QUARTER: 2019Q2 (43 months post-closure, Oct 2 2015).  REDCAR & CLEVELAND LA (E06000003) claimant count: 3295 quarterly avg (baseline 3477; excess vs baseline: -182).  RC LA age band claimants: 1768 (53.6% of LA total).  NE LABOUR MARKET (APS Oct 2018-Sep 2019): unemployment 5.7%, employment 71.2%, activity 75.7%.  NE MEDIAN WAGE (ASHE 2019): £531.4/week (£27633/yr). SSI workers earned above NE median (skilled manual, union rates, est. £25k-£35k).  No direct outcome data for this quarter. Use RC LA claimant count trajectory as proxy for still_seeking rate.  outcome_retrain_% and outcome_share_similar_% remain UNKNOWN — DWP microdata required for clean bucket split. outcome_underemployed_% proxy only (area wage data). All area-level data is NOT individual SSI worker tracking.","Nomis claimant count is AREA-LEVEL (Redcar & Cleveland LA or NE ITL1) — not individual SSI worker tracking. SSI dominated local economy so LA-level excess is largely attributable to closure, but non-SSI workers are included. JSA exit ≠ re-employed (workers may move to ESA/UC). Nomis age band 25-49 ≠ model band 25-44. UK training course = 2-day refresher to full vocational qual — not comparable to German Umschulung (1-2yr full requalification). Steel sector ~95% male; gender-disaggregated outcome rates unavailable from public sources.",2019Q2,43,all,3295,3477,-182.1,1768.0,53.6,71348,67784,3563.8,,,5.7,71.2,75.7,Oct 2018-Sep 2019,531.4,27633,828,0.4,,,,,,,,,,,
redcar_2015,ONS Nomis NM_162_1 / DWP JSA Stats / SSI Task Force,https://www.nomisweb.co.uk/,2015-2017,Redcar / Teesside,North East England,50+,skilled_manual,primary_metals / steel_manufacturing,£25k-£35k est.,"£15k employer hiring subsidy (45+ tier — highest rate, recognising harder-to-place status); Routes to Work pilot £7.5m (Tees Valley-wide); £46m total government package","N/A — no UBI operational in UK Oct 2015. Actual baseline safety net: JSA £73.10/wk (adult rate) or £57.90/wk (under-25); ESA (support group) £109.65/wk; UC standard allowance £317.82/month. For model calibration: ubi_level = 0. UBI counterfactuals are simulation scenarios, not historical data.",1035,2019Q2 (43 months post-closure),,,,,,LOW,"AGE BAND: 50+. Nomis band used: Aged 50+ . Estimated SSI workers in this cell: 1035 (prior: 50% of 2070).  QUARTER: 2019Q2 (43 months post-closure, Oct 2 2015).  REDCAR & CLEVELAND LA (E06000003) claimant count: 3295 quarterly avg (baseline 3477; excess vs baseline: -182).  RC LA age band claimants: 830 (25.2% of LA total).  NE LABOUR MARKET (APS Oct 2018-Sep 2019): unemployment 5.7%, employment 71.2%, activity 75.7%.  NE MEDIAN WAGE (ASHE 2019): £531.4/week (£27633/yr). SSI workers earned above NE median (skilled manual, union rates, est. £25k-£35k).  No direct outcome data for this quarter. Use RC LA claimant count trajectory as proxy for still_seeking rate.  outcome_retrain_% and outcome_share_similar_% remain UNKNOWN — DWP microdata required for clean bucket split. outcome_underemployed_% proxy only (area wage data). All area-level data is NOT individual SSI worker tracking.","Nomis claimant count is AREA-LEVEL (Redcar & Cleveland LA or NE ITL1) — not individual SSI worker tracking. SSI dominated local economy so LA-level excess is largely attributable to closure, but non-SSI workers are included. JSA exit ≠ re-employed (workers may move to ESA/UC). Nomis age band 25-49 ≠ model band 25-44. UK training course = 2-day refresher to full vocational qual — not comparable to German Umschulung (1-2yr full requalification). Steel sector ~95% male; gender-disaggregated outcome rates unavailable from public sources.",2019Q2,43,all,3295,3477,-182.1,830.0,25.2,71348,67784,3563.8,,,5.7,71.2,75.7,Oct 2018-Sep 2019,531.4,27633,1035,0.5,,,,,,,,,,,
redcar_2015,ONS Nomis NM_162_1 / DWP JSA Stats / SSI Task Force,https://www.nomisweb.co.uk/,2015-2017,Redcar / Teesside,North East England,16-24,skilled_manual,primary_metals / steel_manufacturing,£25k-£35k est.,£11k employer hiring subsidy (under-45 tier); Routes to Work pilot £7.5m (Tees Valley-wide); Employer Ownership of Skills pilot; £46m total government package,"N/A — no UBI operational in UK Oct 2015. Actual baseline safety net: JSA £73.10/wk (adult rate) or £57.90/wk (under-25); ESA (support group) £109.65/wk; UC standard allowance £317.82/month. For model calibration: ubi_level = 0. UBI counterfactuals are simulation scenarios, not historical data.",197,2019Q2 (43 months post-closure),,,,,,LOW,"AGE BAND: 16-24. Nomis band used: Aged 16-24 . Estimated SSI workers in this cell: 197 (prior: 10% of 2070).  GENDER: male. Prior: 95% of SSI workforce (UK steel industry statistic, not SSI-specific microdata).  QUARTER: 2019Q2 (43 months post-closure, Oct 2 2015).  REDCAR & CLEVELAND LA (E06000003) claimant count: 3295 quarterly avg (baseline 3477; excess vs baseline: -182).  RC LA age band claimants: 698 (21.2% of LA total).  NE ITL1 gender claimants in this age band: 9632 (64.1% of NE age-band total). NOTE: NE gender split mixes steel and non-steel workers. SSI gender prior (95% male) used for ssi_est_workers_this_cell instead.  NE LABOUR MARKET (APS Oct 2018-Sep 2019): unemployment 5.7%, employment 71.2%, activity 75.7%.  NE MEDIAN WAGE (ASHE 2019): £531.4/week (£27633/yr). SSI workers earned above NE median (skilled manual, union rates, est. £25k-£35k).  No direct outcome data for this quarter. Use RC LA claimant count trajectory as proxy for still_seeking rate.  outcome_retrain_% and outcome_share_similar_% remain UNKNOWN — DWP microdata required for clean bucket split. outcome_underemployed_% proxy only (area wage data). All area-level data is NOT individual SSI worker tracking.","Nomis claimant count is AREA-LEVEL (Redcar & Cleveland LA or NE ITL1) — not individual SSI worker tracking. SSI dominated local economy so LA-level excess is largely attributable to closure, but non-SSI workers are included. JSA exit ≠ re-employed (workers may move to ESA/UC). Nomis age band 25-49 ≠ model band 25-44. UK training course = 2-day refresher to full vocational qual — not comparable to German Umschulung (1-2yr full requalification). Steel sector ~95% male; gender-disaggregated outcome rates unavailable from public sources.",2019Q2,43,male,3295,3477,-182.1,698.0,21.2,71348,67784,3563.8,9632.0,64.1,5.7,71.2,75.7,Oct 2018-Sep 2019,531.4,27633,197,0.1,0.95,,,,,,,,,,
redcar_2015,ONS Nomis NM_162_1 / DWP JSA Stats / SSI Task Force,https://www.nomisweb.co.uk/,2015-2017,Redcar / Teesside,North East England,16-24,skilled_manual,primary_metals / steel_manufacturing,£25k-£35k est.,£11k employer hiring subsidy (under-45 tier); Routes to Work pilot £7.5m (Tees Valley-wide); Employer Ownership of Skills pilot; £46m total government package,"N/A — no UBI operational in UK Oct 2015. Actual baseline safety net: JSA £73.10/wk (adult rate) or £57.90/wk (under-25); ESA (support group) £109.65/wk; UC standard allowance £317.82/month. For model calibration: ubi_level = 0. UBI counterfactuals are simulation scenarios, not historical data.",10,2019Q2 (43 months post-closure),,,,,,LOW,"AGE BAND: 16-24. Nomis band used: Aged 16-24 . Estimated SSI workers in this cell: 10 (prior: 10% of 2070).  GENDER: female. Prior: 5% of SSI workforce (UK steel industry statistic, not SSI-specific microdata).  QUARTER: 2019Q2 (43 months post-closure, Oct 2 2015).  REDCAR & CLEVELAND LA (E06000003) claimant count: 3295 quarterly avg (baseline 3477; excess vs baseline: -182).  RC LA age band claimants: 698 (21.2% of LA total).  NE ITL1 gender claimants in this age band: 5400 (35.9% of NE age-band total). NOTE: NE gender split mixes steel and non-steel workers. SSI gender prior (95% male) used for ssi_est_workers_this_cell instead.  NE LABOUR MARKET (APS Oct 2018-Sep 2019): unemployment 5.7%, employment 71.2%, activity 75.7%.  NE MEDIAN WAGE (ASHE 2019): £531.4/week (£27633/yr). SSI workers earned above NE median (skilled manual, union rates, est. £25k-£35k).  No direct outcome data for this quarter. Use RC LA claimant count trajectory as proxy for still_seeking rate.  outcome_retrain_% and outcome_share_similar_% remain UNKNOWN — DWP microdata required for clean bucket split. outcome_underemployed_% proxy only (area wage data). All area-level data is NOT individual SSI worker tracking.","Nomis claimant count is AREA-LEVEL (Redcar & Cleveland LA or NE ITL1) — not individual SSI worker tracking. SSI dominated local economy so LA-level excess is largely attributable to closure, but non-SSI workers are included. JSA exit ≠ re-employed (workers may move to ESA/UC). Nomis age band 25-49 ≠ model band 25-44. UK training course = 2-day refresher to full vocational qual — not comparable to German Umschulung (1-2yr full requalification). Steel sector ~95% male; gender-disaggregated outcome rates unavailable from public sources.",2019Q2,43,female,3295,3477,-182.1,698.0,21.2,71348,67784,3563.8,5400.0,35.9,5.7,71.2,75.7,Oct 2018-Sep 2019,531.4,27633,10,0.1,0.05,,,,,,,,,,
redcar_2015,ONS Nomis NM_162_1 / DWP JSA Stats / SSI Task Force,https://www.nomisweb.co.uk/,2015-2017,Redcar / Teesside,North East England,25-49,skilled_manual,primary_metals / steel_manufacturing,£25k-£35k est.,£11k employer hiring subsidy (under-45 tier); Routes to Work pilot £7.5m (Tees Valley-wide); £46m total government package,"N/A — no UBI operational in UK Oct 2015. Actual baseline safety net: JSA £73.10/wk (adult rate) or £57.90/wk (under-25); ESA (support group) £109.65/wk; UC standard allowance £317.82/month. For model calibration: ubi_level = 0. UBI counterfactuals are simulation scenarios, not historical data.",787,2019Q2 (43 months post-closure),,,,,,LOW,"AGE BAND: 25-49. Nomis band used: Aged 25-49 (NOTE: Nomis uses 25-49, not 25-44 — document mismatch). Estimated SSI workers in this cell: 787 (prior: 40% of 2070).  GENDER: male. Prior: 95% of SSI workforce (UK steel industry statistic, not SSI-specific microdata).  QUARTER: 2019Q2 (43 months post-closure, Oct 2 2015).  REDCAR & CLEVELAND LA (E06000003) claimant count: 3295 quarterly avg (baseline 3477; excess vs baseline: -182).  RC LA age band claimants: 1768 (53.6% of LA total).  NE ITL1 gender claimants in this age band: 23798 (61.6% of NE age-band total). NOTE: NE gender split mixes steel and non-steel workers. SSI gender prior (95% male) used for ssi_est_workers_this_cell instead.  NE LABOUR MARKET (APS Oct 2018-Sep 2019): unemployment 5.7%, employment 71.2%, activity 75.7%.  NE MEDIAN WAGE (ASHE 2019): £531.4/week (£27633/yr). SSI workers earned above NE median (skilled manual, union rates, est. £25k-£35k).  No direct outcome data for this quarter. Use RC LA claimant count trajectory as proxy for still_seeking rate.  outcome_retrain_% and outcome_share_similar_% remain UNKNOWN — DWP microdata required for clean bucket split. outcome_underemployed_% proxy only (area wage data). All area-level data is NOT individual SSI worker tracking.","Nomis claimant count is AREA-LEVEL (Redcar & Cleveland LA or NE ITL1) — not individual SSI worker tracking. SSI dominated local economy so LA-level excess is largely attributable to closure, but non-SSI workers are included. JSA exit ≠ re-employed (workers may move to ESA/UC). Nomis age band 25-49 ≠ model band 25-44. UK training course = 2-day refresher to full vocational qual — not comparable to German Umschulung (1-2yr full requalification). Steel sector ~95% male; gender-disaggregated outcome rates unavailable from public sources.",2019Q2,43,male,3295,3477,-182.1,1768.0,53.6,71348,67784,3563.8,23798.0,61.6,5.7,71.2,75.7,Oct 2018-Sep 2019,531.4,27633,787,0.4,0.95,,,,,,,,,,
redcar_2015,ONS Nomis NM_162_1 / DWP JSA Stats / SSI Task Force,https://www.nomisweb.co.uk/,2015-2017,Redcar / Teesside,North East England,25-49,skilled_manual,primary_metals / steel_manufacturing,£25k-£35k est.,£11k employer hiring subsidy (under-45 tier); Routes to Work pilot £7.5m (Tees Valley-wide); £46m total government package,"N/A — no UBI operational in UK Oct 2015. Actual baseline safety net: JSA £73.10/wk (adult rate) or £57.90/wk (under-25); ESA (support group) £109.65/wk; UC standard allowance £317.82/month. For model calibration: ubi_level = 0. UBI counterfactuals are simulation scenarios, not historical data.",41,2019Q2 (43 months post-closure),,,,,,LOW,"AGE BAND: 25-49. Nomis band used: Aged 25-49 (NOTE: Nomis uses 25-49, not 25-44 — document mismatch). Estimated SSI workers in this cell: 41 (prior: 40% of 2070).  GENDER: female. Prior: 5% of SSI workforce (UK steel industry statistic, not SSI-specific microdata).  QUARTER: 2019Q2 (43 months post-closure, Oct 2 2015).  REDCAR & CLEVELAND LA (E06000003) claimant count: 3295 quarterly avg (baseline 3477; excess vs baseline: -182).  RC LA age band claimants: 1768 (53.6% of LA total).  NE ITL1 gender claimants in this age band: 14837 (38.4% of NE age-band total). NOTE: NE gender split mixes steel and non-steel workers. SSI gender prior (95% male) used for ssi_est_workers_this_cell instead.  NE LABOUR MARKET (APS Oct 2018-Sep 2019): unemployment 5.7%, employment 71.2%, activity 75.7%.  NE MEDIAN WAGE (ASHE 2019): £531.4/week (£27633/yr). SSI workers earned above NE median (skilled manual, union rates, est. £25k-£35k).  No direct outcome data for this quarter. Use RC LA claimant count trajectory as proxy for still_seeking rate.  outcome_retrain_% and outcome_share_similar_% remain UNKNOWN — DWP microdata required for clean bucket split. outcome_underemployed_% proxy only (area wage data). All area-level data is NOT individual SSI worker tracking.","Nomis claimant count is AREA-LEVEL (Redcar & Cleveland LA or NE ITL1) — not individual SSI worker tracking. SSI dominated local economy so LA-level excess is largely attributable to closure, but non-SSI workers are included. JSA exit ≠ re-employed (workers may move to ESA/UC). Nomis age band 25-49 ≠ model band 25-44. UK training course = 2-day refresher to full vocational qual — not comparable to German Umschulung (1-2yr full requalification). Steel sector ~95% male; gender-disaggregated outcome rates unavailable from public sources.",2019Q2,43,female,3295,3477,-182.1,1768.0,53.6,71348,67784,3563.8,14837.0,38.4,5.7,71.2,75.7,Oct 2018-Sep 2019,531.4,27633,41,0.4,0.05,,,,,,,,,,
redcar_2015,ONS Nomis NM_162_1 / DWP JSA Stats / SSI Task Force,https://www.nomisweb.co.uk/,2015-2017,Redcar / Teesside,North East England,50+,skilled_manual,primary_metals / steel_manufacturing,£25k-£35k est.,"£15k employer hiring subsidy (45+ tier — highest rate, recognising harder-to-place status); Routes to Work pilot £7.5m (Tees Valley-wide); £46m total government package","N/A — no UBI operational in UK Oct 2015. Actual baseline safety net: JSA £73.10/wk (adult rate) or £57.90/wk (under-25); ESA (support group) £109.65/wk; UC standard allowance £317.82/month. For model calibration: ubi_level = 0. UBI counterfactuals are simulation scenarios, not historical data.",983,2019Q2 (43 months post-closure),,,,,,LOW,"AGE BAND: 50+. Nomis band used: Aged 50+ . Estimated SSI workers in this cell: 983 (prior: 50% of 2070).  GENDER: male. Prior: 95% of SSI workforce (UK steel industry statistic, not SSI-specific microdata).  QUARTER: 2019Q2 (43 months post-closure, Oct 2 2015).  REDCAR & CLEVELAND LA (E06000003) claimant count: 3295 quarterly avg (baseline 3477; excess vs baseline: -182).  RC LA age band claimants: 830 (25.2% of LA total).  NE ITL1 gender claimants in this age band: 10650 (60.2% of NE age-band total). NOTE: NE gender split mixes steel and non-steel workers. SSI gender prior (95% male) used for ssi_est_workers_this_cell instead.  NE LABOUR MARKET (APS Oct 2018-Sep 2019): unemployment 5.7%, employment 71.2%, activity 75.7%.  NE MEDIAN WAGE (ASHE 2019): £531.4/week (£27633/yr). SSI workers earned above NE median (skilled manual, union rates, est. £25k-£35k).  No direct outcome data for this quarter. Use RC LA claimant count trajectory as proxy for still_seeking rate.  outcome_retrain_% and outcome_share_similar_% remain UNKNOWN — DWP microdata required for clean bucket split. outcome_underemployed_% proxy only (area wage data). All area-level data is NOT individual SSI worker tracking.","Nomis claimant count is AREA-LEVEL (Redcar & Cleveland LA or NE ITL1) — not individual SSI worker tracking. SSI dominated local economy so LA-level excess is largely attributable to closure, but non-SSI workers are included. JSA exit ≠ re-employed (workers may move to ESA/UC). Nomis age band 25-49 ≠ model band 25-44. UK training course = 2-day refresher to full vocational qual — not comparable to German Umschulung (1-2yr full requalification). Steel sector ~95% male; gender-disaggregated outcome rates unavailable from public sources.",2019Q2,43,male,3295,3477,-182.1,830.0,25.2,71348,67784,3563.8,10650.0,60.2,5.7,71.2,75.7,Oct 2018-Sep 2019,531.4,27633,983,0.5,0.95,,,,,,,,,,
redcar_2015,ONS Nomis NM_162_1 / DWP JSA Stats / SSI Task Force,https://www.nomisweb.co.uk/,2015-2017,Redcar / Teesside,North East England,50+,skilled_manual,primary_metals / steel_manufacturing,£25k-£35k est.,"£15k employer hiring subsidy (45+ tier — highest rate, recognising harder-to-place status); Routes to Work pilot £7.5m (Tees Valley-wide); £46m total government package","N/A — no UBI operational in UK Oct 2015. Actual baseline safety net: JSA £73.10/wk (adult rate) or £57.90/wk (under-25); ESA (support group) £109.65/wk; UC standard allowance £317.82/month. For model calibration: ubi_level = 0. UBI counterfactuals are simulation scenarios, not historical data.",52,2019Q2 (43 months post-closure),,,,,,LOW,"AGE BAND: 50+. Nomis band used: Aged 50+ . Estimated SSI workers in this cell: 52 (prior: 50% of 2070).  GENDER: female. Prior: 5% of SSI workforce (UK steel industry statistic, not SSI-specific microdata).  QUARTER: 2019Q2 (43 months post-closure, Oct 2 2015).  REDCAR & CLEVELAND LA (E06000003) claimant count: 3295 quarterly avg (baseline 3477; excess vs baseline: -182).  RC LA age band claimants: 830 (25.2% of LA total).  NE ITL1 gender claimants in this age band: 7027 (39.8% of NE age-band total). NOTE: NE gender split mixes steel and non-steel workers. SSI gender prior (95% male) used for ssi_est_workers_this_cell instead.  NE LABOUR MARKET (APS Oct 2018-Sep 2019): unemployment 5.7%, employment 71.2%, activity 75.7%.  NE MEDIAN WAGE (ASHE 2019): £531.4/week (£27633/yr). SSI workers earned above NE median (skilled manual, union rates, est. £25k-£35k).  No direct outcome data for this quarter. Use RC LA claimant count trajectory as proxy for still_seeking rate.  outcome_retrain_% and outcome_share_similar_% remain UNKNOWN — DWP microdata required for clean bucket split. outcome_underemployed_% proxy only (area wage data). All area-level data is NOT individual SSI worker tracking.","Nomis claimant count is AREA-LEVEL (Redcar & Cleveland LA or NE ITL1) — not individual SSI worker tracking. SSI dominated local economy so LA-level excess is largely attributable to closure, but non-SSI workers are included. JSA exit ≠ re-employed (workers may move to ESA/UC). Nomis age band 25-49 ≠ model band 25-44. UK training course = 2-day refresher to full vocational qual — not comparable to German Umschulung (1-2yr full requalification). Steel sector ~95% male; gender-disaggregated outcome rates unavailable from public sources.",2019Q2,43,female,3295,3477,-182.1,830.0,25.2,71348,67784,3563.8,7027.0,39.8,5.7,71.2,75.7,Oct 2018-Sep 2019,531.4,27633,52,0.5,0.05,,,,,,,,,,
redcar_2015,ONS Nomis NM_162_1 / DWP JSA Stats / SSI Task Force,https://www.nomisweb.co.uk/,2015-2017,Redcar / Teesside,North East England,all,low_skilled,primary_metals / steel_manufacturing,<£20k,"£11k-£15k employer hiring subsidy (age-tiered: £11k under-45, £15k aged 45+); Routes to Work pilot £7.5m (Tees Valley-wide); £46m total government package (announced Oct 2015)","N/A — no UBI operational in UK Oct 2015. Actual baseline safety net: JSA £73.10/wk (adult rate) or £57.90/wk (under-25); ESA (support group) £109.65/wk; UC standard allowance £317.82/month. For model calibration: ubi_level = 0. UBI counterfactuals are simulation scenarios, not historical data.",104,2019Q2 (43 months post-closure),6.0,9.0,48.0,36.0,1.0,ESTIMATED_LOW,"INCOME BAND: <£20k. Semi-skilled process support, admin, cleaners. ASHE NE p10 (£288/wk=£15k/yr). Lowest-paid SSI cohort. Estimated 5% of workforce — LOW confidence. Outcome adjustments vs £25k-£35k baseline: retrain -2pp, share_similar -6pp, underemployed +3pp, exit +6pp, still_seeking -1pp. Source: China Shock ADH (low-wage→exit/underemployed; high-wage→share_similar) + Hartz re-employment wage analysis. All income-band outcomes ESTIMATED_LOW.  QUARTER: 2019Q2 (43 months post-closure, Oct 2 2015).  REDCAR & CLEVELAND LA (E06000003) claimant count: 3295 quarterly avg (baseline 3477; excess vs baseline: -182).  NE LABOUR MARKET (APS Oct 2018-Sep 2019): unemployment 5.7%, employment 71.2%, activity 75.7%.  NE MEDIAN WAGE (ASHE 2019): £531.4/week (£27633/yr). SSI workers earned above NE median (skilled manual, union rates, est. £25k-£35k).  No direct outcome data for this quarter. Use RC LA claimant count trajectory as proxy for still_seeking rate.  outcome_retrain_% and outcome_share_similar_% remain UNKNOWN — DWP microdata required for clean bucket split. outcome_underemployed_% proxy only (area wage data). All area-level data is NOT individual SSI worker tracking.","Nomis claimant count is AREA-LEVEL (Redcar & Cleveland LA or NE ITL1) — not individual SSI worker tracking. SSI dominated local economy so LA-level excess is largely attributable to closure, but non-SSI workers are included. JSA exit ≠ re-employed (workers may move to ESA/UC). Nomis age band 25-49 ≠ model band 25-44. UK training course = 2-day refresher to full vocational qual — not comparable to German Umschulung (1-2yr full requalification). Steel sector ~95% male; gender-disaggregated outcome rates unavailable from public sources.",2019Q2,43,all,3295,3477,-182.1,,,71348,67784,3563.8,,,5.7,71.2,75.7,Oct 2018-Sep 2019,531.4,27633,104,,,,,,,,,,,,
redcar_2015,ONS Nomis NM_162_1 / DWP JSA Stats / SSI Task Force,https://www.nomisweb.co.uk/,2015-2017,Redcar / Teesside,North East England,all,skilled_manual,primary_metals / steel_manufacturing,£20k-£25k,"£11k-£15k employer hiring subsidy (age-tiered: £11k under-45, £15k aged 45+); Routes to Work pilot £7.5m (Tees Valley-wide); £46m total government package (announced Oct 2015)","N/A — no UBI operational in UK Oct 2015. Actual baseline safety net: JSA £73.10/wk (adult rate) or £57.90/wk (under-25); ESA (support group) £109.65/wk; UC standard allowance £317.82/month. For model calibration: ubi_level = 0. UBI counterfactuals are simulation scenarios, not historical data.",310,2019Q2 (43 months post-closure),7.0,11.0,47.0,34.0,1.0,ESTIMATED_LOW,"INCOME BAND: £20k-£25k. Semi-skilled process operators, junior technicians. ASHE NE p25-median range (£359-£486/wk). Estimated 15% of workforce — LOW confidence. Outcome adjustments vs £25k-£35k baseline: retrain -1pp, share_similar -4pp, underemployed +2pp, exit +4pp, still_seeking -1pp. Source: China Shock ADH (low-wage→exit/underemployed; high-wage→share_similar) + Hartz re-employment wage analysis. All income-band outcomes ESTIMATED_LOW.  QUARTER: 2019Q2 (43 months post-closure, Oct 2 2015).  REDCAR & CLEVELAND LA (E06000003) claimant count: 3295 quarterly avg (baseline 3477; excess vs baseline: -182).  NE LABOUR MARKET (APS Oct 2018-Sep 2019): unemployment 5.7%, employment 71.2%, activity 75.7%.  NE MEDIAN WAGE (ASHE 2019): £531.4/week (£27633/yr). SSI workers earned above NE median (skilled manual, union rates, est. £25k-£35k).  No direct outcome data for this quarter. Use RC LA claimant count trajectory as proxy for still_seeking rate.  outcome_retrain_% and outcome_share_similar_% remain UNKNOWN — DWP microdata required for clean bucket split. outcome_underemployed_% proxy only (area wage data). All area-level data is NOT individual SSI worker tracking.","Nomis claimant count is AREA-LEVEL (Redcar & Cleveland LA or NE ITL1) — not individual SSI worker tracking. SSI dominated local economy so LA-level excess is largely attributable to closure, but non-SSI workers are included. JSA exit ≠ re-employed (workers may move to ESA/UC). Nomis age band 25-49 ≠ model band 25-44. UK training course = 2-day refresher to full vocational qual — not comparable to German Umschulung (1-2yr full requalification). Steel sector ~95% male; gender-disaggregated outcome rates unavailable from public sources.",2019Q2,43,all,3295,3477,-182.1,,,71348,67784,3563.8,,,5.7,71.2,75.7,Oct 2018-Sep 2019,531.4,27633,310,,,,,,,,,,,,
redcar_2015,ONS Nomis NM_162_1 / DWP JSA Stats / SSI Task Force,https://www.nomisweb.co.uk/,2015-2017,Redcar / Teesside,North East England,all,skilled_manual,primary_metals / steel_manufacturing,£25k-£35k,"£11k-£15k employer hiring subsidy (age-tiered: £11k under-45, £15k aged 45+); Routes to Work pilot £7.5m (Tees Valley-wide); £46m total government package (announced Oct 2015)","N/A — no UBI operational in UK Oct 2015. Actual baseline safety net: JSA £73.10/wk (adult rate) or £57.90/wk (under-25); ESA (support group) £109.65/wk; UC standard allowance £317.82/month. For model calibration: ubi_level = 0. UBI counterfactuals are simulation scenarios, not historical data.",1138,2019Q2 (43 months post-closure),8.0,15.0,45.0,30.0,,LOW,"INCOME BAND: £25k-£35k. Skilled process operators, blast furnace operators. ASHE NE median-p75 range (£486-£679/wk). PRIMARY ESTIMATE — majority of SSI workforce. All aggregate anchors (25% still-seeking, 93% off benefits) apply directly. Outcome adjustments vs £25k-£35k baseline: retrain +0pp, share_similar +0pp, underemployed +0pp, exit +0pp, still_seeking +0pp. Source: China Shock ADH (low-wage→exit/underemployed; high-wage→share_similar) + Hartz re-employment wage analysis. All income-band outcomes ESTIMATED_LOW.  QUARTER: 2019Q2 (43 months post-closure, Oct 2 2015).  REDCAR & CLEVELAND LA (E06000003) claimant count: 3295 quarterly avg (baseline 3477; excess vs baseline: -182).  NE LABOUR MARKET (APS Oct 2018-Sep 2019): unemployment 5.7%, employment 71.2%, activity 75.7%.  NE MEDIAN WAGE (ASHE 2019): £531.4/week (£27633/yr). SSI workers earned above NE median (skilled manual, union rates, est. £25k-£35k).  No direct outcome data for this quarter. Use RC LA claimant count trajectory as proxy for still_seeking rate.  outcome_retrain_% and outcome_share_similar_% remain UNKNOWN — DWP microdata required for clean bucket split. outcome_underemployed_% proxy only (area wage data). All area-level data is NOT individual SSI worker tracking.","Nomis claimant count is AREA-LEVEL (Redcar & Cleveland LA or NE ITL1) — not individual SSI worker tracking. SSI dominated local economy so LA-level excess is largely attributable to closure, but non-SSI workers are included. JSA exit ≠ re-employed (workers may move to ESA/UC). Nomis age band 25-49 ≠ model band 25-44. UK training course = 2-day refresher to full vocational qual — not comparable to German Umschulung (1-2yr full requalification). Steel sector ~95% male; gender-disaggregated outcome rates unavailable from public sources.",2019Q2,43,all,3295,3477,-182.1,,,71348,67784,3563.8,,,5.7,71.2,75.7,Oct 2018-Sep 2019,531.4,27633,1138,,,,,,,,,,,,
redcar_2015,ONS Nomis NM_162_1 / DWP JSA Stats / SSI Task Force,https://www.nomisweb.co.uk/,2015-2017,Redcar / Teesside,North East England,all,skilled_manual,primary_metals / steel_manufacturing,£35k-£50k,"£11k-£15k employer hiring subsidy (age-tiered: £11k under-45, £15k aged 45+); Routes to Work pilot £7.5m (Tees Valley-wide); £46m total government package (announced Oct 2015)","N/A — no UBI operational in UK Oct 2015. Actual baseline safety net: JSA £73.10/wk (adult rate) or £57.90/wk (under-25); ESA (support group) £109.65/wk; UC standard allowance £317.82/month. For model calibration: ubi_level = 0. UBI counterfactuals are simulation scenarios, not historical data.",414,2019Q2 (43 months post-closure),9.0,22.0,39.0,26.0,4.0,ESTIMATED_LOW,"INCOME BAND: £35k-£50k. Senior operators, shift supervisors, maintenance engineers, technicians. ASHE NE p75-p90 range (£679-£882/wk). Estimated 20% of workforce — LOW confidence. Outcome adjustments vs £25k-£35k baseline: retrain +1pp, share_similar +7pp, underemployed -6pp, exit -4pp, still_seeking +2pp. Source: China Shock ADH (low-wage→exit/underemployed; high-wage→share_similar) + Hartz re-employment wage analysis. All income-band outcomes ESTIMATED_LOW.  QUARTER: 2019Q2 (43 months post-closure, Oct 2 2015).  REDCAR & CLEVELAND LA (E06000003) claimant count: 3295 quarterly avg (baseline 3477; excess vs baseline: -182).  NE LABOUR MARKET (APS Oct 2018-Sep 2019): unemployment 5.7%, employment 71.2%, activity 75.7%.  NE MEDIAN WAGE (ASHE 2019): £531.4/week (£27633/yr). SSI workers earned above NE median (skilled manual, union rates, est. £25k-£35k).  No direct outcome data for this quarter. Use RC LA claimant count trajectory as proxy for still_seeking rate.  outcome_retrain_% and outcome_share_similar_% remain UNKNOWN — DWP microdata required for clean bucket split. outcome_underemployed_% proxy only (area wage data). All area-level data is NOT individual SSI worker tracking.","Nomis claimant count is AREA-LEVEL (Redcar & Cleveland LA or NE ITL1) — not individual SSI worker tracking. SSI dominated local economy so LA-level excess is largely attributable to closure, but non-SSI workers are included. JSA exit ≠ re-employed (workers may move to ESA/UC). Nomis age band 25-49 ≠ model band 25-44. UK training course = 2-day refresher to full vocational qual — not comparable to German Umschulung (1-2yr full requalification). Steel sector ~95% male; gender-disaggregated outcome rates unavailable from public sources.",2019Q2,43,all,3295,3477,-182.1,,,71348,67784,3563.8,,,5.7,71.2,75.7,Oct 2018-Sep 2019,531.4,27633,414,,,,,,,,,,,,
redcar_2015,ONS Nomis NM_162_1 / DWP JSA Stats / SSI Task Force,https://www.nomisweb.co.uk/,2015-2017,Redcar / Teesside,North East England,all,professional,primary_metals / steel_manufacturing,£50k+,"£11k-£15k employer hiring subsidy (age-tiered: £11k under-45, £15k aged 45+); Routes to Work pilot £7.5m (Tees Valley-wide); £46m total government package (announced Oct 2015)","N/A — no UBI operational in UK Oct 2015. Actual baseline safety net: JSA £73.10/wk (adult rate) or £57.90/wk (under-25); ESA (support group) £109.65/wk; UC standard allowance £317.82/month. For model calibration: ubi_level = 0. UBI counterfactuals are simulation scenarios, not historical data.",104,2019Q2 (43 months post-closure),7.0,30.0,31.0,24.0,8.0,ESTIMATED_LOW,"INCOME BAND: £50k+. Plant management, senior engineers, operations managers. Above ASHE NE p90 (£882/wk=£45.9k/yr). Estimated 5% of workforce — LOW confidence. Likely had enhanced redundancy packages separate from main SSI terms. Outcome adjustments vs £25k-£35k baseline: retrain -1pp, share_similar +15pp, underemployed -14pp, exit -6pp, still_seeking +6pp. Source: China Shock ADH (low-wage→exit/underemployed; high-wage→share_similar) + Hartz re-employment wage analysis. All income-band outcomes ESTIMATED_LOW.  QUARTER: 2019Q2 (43 months post-closure, Oct 2 2015).  REDCAR & CLEVELAND LA (E06000003) claimant count: 3295 quarterly avg (baseline 3477; excess vs baseline: -182).  NE LABOUR MARKET (APS Oct 2018-Sep 2019): unemployment 5.7%, employment 71.2%, activity 75.7%.  NE MEDIAN WAGE (ASHE 2019): £531.4/week (£27633/yr). SSI workers earned above NE median (skilled manual, union rates, est. £25k-£35k).  No direct outcome data for this quarter. Use RC LA claimant count trajectory as proxy for still_seeking rate.  outcome_retrain_% and outcome_share_similar_% remain UNKNOWN — DWP microdata required for clean bucket split. outcome_underemployed_% proxy only (area wage data). All area-level data is NOT individual SSI worker tracking.","Nomis claimant count is AREA-LEVEL (Redcar & Cleveland LA or NE ITL1) — not individual SSI worker tracking. SSI dominated local economy so LA-level excess is largely attributable to closure, but non-SSI workers are included. JSA exit ≠ re-employed (workers may move to ESA/UC). Nomis age band 25-49 ≠ model band 25-44. UK training course = 2-day refresher to full vocational qual — not comparable to German Umschulung (1-2yr full requalification). Steel sector ~95% male; gender-disaggregated outcome rates unavailable from public sources.",2019Q2,43,all,3295,3477,-182.1,,,71348,67784,3563.8,,,5.7,71.2,75.7,Oct 2018-Sep 2019,531.4,27633,104,,,,,,,,,,,,
redcar_2015,ONS Nomis NM_162_1 / DWP JSA Stats / SSI Task Force,https://www.nomisweb.co.uk/,2015-2017,Redcar / Teesside,North East England,all,skilled_manual,primary_metals / steel_manufacturing,£25k-£35k est.,"£11k-£15k employer hiring subsidy (age-tiered: £11k under-45, £15k aged 45+); Routes to Work pilot £7.5m (Tees Valley-wide); £46m total government package (announced Oct 2015)","N/A — no UBI operational in UK Oct 2015. Actual baseline safety net: JSA £73.10/wk (adult rate) or £57.90/wk (under-25); ESA (support group) £109.65/wk; UC standard allowance £317.82/month. For model calibration: ubi_level = 0. UBI counterfactuals are simulation scenarios, not historical data.",2070,2019Q3 (46 months post-closure),,,,,,LOW,"QUARTER: 2019Q3 (46 months post-closure, Oct 2 2015).  REDCAR & CLEVELAND LA (E06000003) claimant count: 3380 quarterly avg (baseline 3477; excess vs baseline: -97).  NE LABOUR MARKET (APS Jan 2019-Dec 2019): unemployment 5.8%, employment 70.5%, activity 75.0%.  NE MEDIAN WAGE (ASHE 2019): £531.4/week (£27633/yr). SSI workers earned above NE median (skilled manual, union rates, est. £25k-£35k).  No direct outcome data for this quarter. Use RC LA claimant count trajectory as proxy for still_seeking rate.  outcome_retrain_% and outcome_share_similar_% remain UNKNOWN — DWP microdata required for clean bucket split. outcome_underemployed_% proxy only (area wage data). All area-level data is NOT individual SSI worker tracking.","Nomis claimant count is AREA-LEVEL (Redcar & Cleveland LA or NE ITL1) — not individual SSI worker tracking. SSI dominated local economy so LA-level excess is largely attributable to closure, but non-SSI workers are included. JSA exit ≠ re-employed (workers may move to ESA/UC). Nomis age band 25-49 ≠ model band 25-44. UK training course = 2-day refresher to full vocational qual — not comparable to German Umschulung (1-2yr full requalification). Steel sector ~95% male; gender-disaggregated outcome rates unavailable from public sources.",2019Q3,46,all,3380,3477,-97.1,,,71197,67784,3412.2,,,5.8,70.5,75.0,Jan 2019-Dec 2019,531.4,27633,2070,,,,,,,,,,,,
redcar_2015,ONS Nomis NM_162_1 / DWP JSA Stats / SSI Task Force,https://www.nomisweb.co.uk/,2015-2017,Redcar / Teesside,North East England,16-24,skilled_manual,primary_metals / steel_manufacturing,£25k-£35k est.,£11k employer hiring subsidy (under-45 tier); Routes to Work pilot £7.5m (Tees Valley-wide); Employer Ownership of Skills pilot; £46m total government package,"N/A — no UBI operational in UK Oct 2015. Actual baseline safety net: JSA £73.10/wk (adult rate) or £57.90/wk (under-25); ESA (support group) £109.65/wk; UC standard allowance £317.82/month. For model calibration: ubi_level = 0. UBI counterfactuals are simulation scenarios, not historical data.",207,2019Q3 (46 months post-closure),,,,,,LOW,"AGE BAND: 16-24. Nomis band used: Aged 16-24 . Estimated SSI workers in this cell: 207 (prior: 10% of 2070).  QUARTER: 2019Q3 (46 months post-closure, Oct 2 2015).  REDCAR & CLEVELAND LA (E06000003) claimant count: 3380 quarterly avg (baseline 3477; excess vs baseline: -97).  RC LA age band claimants: 738 (21.8% of LA total).  NE LABOUR MARKET (APS Jan 2019-Dec 2019): unemployment 5.8%, employment 70.5%, activity 75.0%.  NE MEDIAN WAGE (ASHE 2019): £531.4/week (£27633/yr). SSI workers earned above NE median (skilled manual, union rates, est. £25k-£35k).  No direct outcome data for this quarter. Use RC LA claimant count trajectory as proxy for still_seeking rate.  outcome_retrain_% and outcome_share_similar_% remain UNKNOWN — DWP microdata required for clean bucket split. outcome_underemployed_% proxy only (area wage data). All area-level data is NOT individual SSI worker tracking.","Nomis claimant count is AREA-LEVEL (Redcar & Cleveland LA or NE ITL1) — not individual SSI worker tracking. SSI dominated local economy so LA-level excess is largely attributable to closure, but non-SSI workers are included. JSA exit ≠ re-employed (workers may move to ESA/UC). Nomis age band 25-49 ≠ model band 25-44. UK training course = 2-day refresher to full vocational qual — not comparable to German Umschulung (1-2yr full requalification). Steel sector ~95% male; gender-disaggregated outcome rates unavailable from public sources.",2019Q3,46,all,3380,3477,-97.1,738.0,21.8,71197,67784,3412.2,,,5.8,70.5,75.0,Jan 2019-Dec 2019,531.4,27633,207,0.1,,,,,,,,,,,
redcar_2015,ONS Nomis NM_162_1 / DWP JSA Stats / SSI Task Force,https://www.nomisweb.co.uk/,2015-2017,Redcar / Teesside,North East England,25-49,skilled_manual,primary_metals / steel_manufacturing,£25k-£35k est.,£11k employer hiring subsidy (under-45 tier); Routes to Work pilot £7.5m (Tees Valley-wide); £46m total government package,"N/A — no UBI operational in UK Oct 2015. Actual baseline safety net: JSA £73.10/wk (adult rate) or £57.90/wk (under-25); ESA (support group) £109.65/wk; UC standard allowance £317.82/month. For model calibration: ubi_level = 0. UBI counterfactuals are simulation scenarios, not historical data.",828,2019Q3 (46 months post-closure),,,,,,LOW,"AGE BAND: 25-49. Nomis band used: Aged 25-49 (NOTE: Nomis uses 25-49, not 25-44 — document mismatch). Estimated SSI workers in this cell: 828 (prior: 40% of 2070).  QUARTER: 2019Q3 (46 months post-closure, Oct 2 2015).  REDCAR & CLEVELAND LA (E06000003) claimant count: 3380 quarterly avg (baseline 3477; excess vs baseline: -97).  RC LA age band claimants: 1813 (53.6% of LA total).  NE LABOUR MARKET (APS Jan 2019-Dec 2019): unemployment 5.8%, employment 70.5%, activity 75.0%.  NE MEDIAN WAGE (ASHE 2019): £531.4/week (£27633/yr). SSI workers earned above NE median (skilled manual, union rates, est. £25k-£35k).  No direct outcome data for this quarter. Use RC LA claimant count trajectory as proxy for still_seeking rate.  outcome_retrain_% and outcome_share_similar_% remain UNKNOWN — DWP microdata required for clean bucket split. outcome_underemployed_% proxy only (area wage data). All area-level data is NOT individual SSI worker tracking.","Nomis claimant count is AREA-LEVEL (Redcar & Cleveland LA or NE ITL1) — not individual SSI worker tracking. SSI dominated local economy so LA-level excess is largely attributable to closure, but non-SSI workers are included. JSA exit ≠ re-employed (workers may move to ESA/UC). Nomis age band 25-49 ≠ model band 25-44. UK training course = 2-day refresher to full vocational qual — not comparable to German Umschulung (1-2yr full requalification). Steel sector ~95% male; gender-disaggregated outcome rates unavailable from public sources.",2019Q3,46,all,3380,3477,-97.1,1813.0,53.6,71197,67784,3412.2,,,5.8,70.5,75.0,Jan 2019-Dec 2019,531.4,27633,828,0.4,,,,,,,,,,,
redcar_2015,ONS Nomis NM_162_1 / DWP JSA Stats / SSI Task Force,https://www.nomisweb.co.uk/,2015-2017,Redcar / Teesside,North East England,50+,skilled_manual,primary_metals / steel_manufacturing,£25k-£35k est.,"£15k employer hiring subsidy (45+ tier — highest rate, recognising harder-to-place status); Routes to Work pilot £7.5m (Tees Valley-wide); £46m total government package","N/A — no UBI operational in UK Oct 2015. Actual baseline safety net: JSA £73.10/wk (adult rate) or £57.90/wk (under-25); ESA (support group) £109.65/wk; UC standard allowance £317.82/month. For model calibration: ubi_level = 0. UBI counterfactuals are simulation scenarios, not historical data.",1035,2019Q3 (46 months post-closure),,,,,,LOW,"AGE BAND: 50+. Nomis band used: Aged 50+ . Estimated SSI workers in this cell: 1035 (prior: 50% of 2070).  QUARTER: 2019Q3 (46 months post-closure, Oct 2 2015).  REDCAR & CLEVELAND LA (E06000003) claimant count: 3380 quarterly avg (baseline 3477; excess vs baseline: -97).  RC LA age band claimants: 828 (24.5% of LA total).  NE LABOUR MARKET (APS Jan 2019-Dec 2019): unemployment 5.8%, employment 70.5%, activity 75.0%.  NE MEDIAN WAGE (ASHE 2019): £531.4/week (£27633/yr). SSI workers earned above NE median (skilled manual, union rates, est. £25k-£35k).  No direct outcome data for this quarter. Use RC LA claimant count trajectory as proxy for still_seeking rate.  outcome_retrain_% and outcome_share_similar_% remain UNKNOWN — DWP microdata required for clean bucket split. outcome_underemployed_% proxy only (area wage data). All area-level data is NOT individual SSI worker tracking.","Nomis claimant count is AREA-LEVEL (Redcar & Cleveland LA or NE ITL1) — not individual SSI worker tracking. SSI dominated local economy so LA-level excess is largely attributable to closure, but non-SSI workers are included. JSA exit ≠ re-employed (workers may move to ESA/UC). Nomis age band 25-49 ≠ model band 25-44. UK training course = 2-day refresher to full vocational qual — not comparable to German Umschulung (1-2yr full requalification). Steel sector ~95% male; gender-disaggregated outcome rates unavailable from public sources.",2019Q3,46,all,3380,3477,-97.1,828.0,24.5,71197,67784,3412.2,,,5.8,70.5,75.0,Jan 2019-Dec 2019,531.4,27633,1035,0.5,,,,,,,,,,,
redcar_2015,ONS Nomis NM_162_1 / DWP JSA Stats / SSI Task Force,https://www.nomisweb.co.uk/,2015-2017,Redcar / Teesside,North East England,16-24,skilled_manual,primary_metals / steel_manufacturing,£25k-£35k est.,£11k employer hiring subsidy (under-45 tier); Routes to Work pilot £7.5m (Tees Valley-wide); Employer Ownership of Skills pilot; £46m total government package,"N/A — no UBI operational in UK Oct 2015. Actual baseline safety net: JSA £73.10/wk (adult rate) or £57.90/wk (under-25); ESA (support group) £109.65/wk; UC standard allowance £317.82/month. For model calibration: ubi_level = 0. UBI counterfactuals are simulation scenarios, not historical data.",197,2019Q3 (46 months post-closure),,,,,,LOW,"AGE BAND: 16-24. Nomis band used: Aged 16-24 . Estimated SSI workers in this cell: 197 (prior: 10% of 2070).  GENDER: male. Prior: 95% of SSI workforce (UK steel industry statistic, not SSI-specific microdata).  QUARTER: 2019Q3 (46 months post-closure, Oct 2 2015).  REDCAR & CLEVELAND LA (E06000003) claimant count: 3380 quarterly avg (baseline 3477; excess vs baseline: -97).  RC LA age band claimants: 738 (21.8% of LA total).  NE ITL1 gender claimants in this age band: 9658 (63.6% of NE age-band total). NOTE: NE gender split mixes steel and non-steel workers. SSI gender prior (95% male) used for ssi_est_workers_this_cell instead.  NE LABOUR MARKET (APS Jan 2019-Dec 2019): unemployment 5.8%, employment 70.5%, activity 75.0%.  NE MEDIAN WAGE (ASHE 2019): £531.4/week (£27633/yr). SSI workers earned above NE median (skilled manual, union rates, est. £25k-£35k).  No direct outcome data for this quarter. Use RC LA claimant count trajectory as proxy for still_seeking rate.  outcome_retrain_% and outcome_share_similar_% remain UNKNOWN — DWP microdata required for clean bucket split. outcome_underemployed_% proxy only (area wage data). All area-level data is NOT individual SSI worker tracking.","Nomis claimant count is AREA-LEVEL (Redcar & Cleveland LA or NE ITL1) — not individual SSI worker tracking. SSI dominated local economy so LA-level excess is largely attributable to closure, but non-SSI workers are included. JSA exit ≠ re-employed (workers may move to ESA/UC). Nomis age band 25-49 ≠ model band 25-44. UK training course = 2-day refresher to full vocational qual — not comparable to German Umschulung (1-2yr full requalification). Steel sector ~95% male; gender-disaggregated outcome rates unavailable from public sources.",2019Q3,46,male,3380,3477,-97.1,738.0,21.8,71197,67784,3412.2,9658.0,63.6,5.8,70.5,75.0,Jan 2019-Dec 2019,531.4,27633,197,0.1,0.95,,,,,,,,,,
redcar_2015,ONS Nomis NM_162_1 / DWP JSA Stats / SSI Task Force,https://www.nomisweb.co.uk/,2015-2017,Redcar / Teesside,North East England,16-24,skilled_manual,primary_metals / steel_manufacturing,£25k-£35k est.,£11k employer hiring subsidy (under-45 tier); Routes to Work pilot £7.5m (Tees Valley-wide); Employer Ownership of Skills pilot; £46m total government package,"N/A — no UBI operational in UK Oct 2015. Actual baseline safety net: JSA £73.10/wk (adult rate) or £57.90/wk (under-25); ESA (support group) £109.65/wk; UC standard allowance £317.82/month. For model calibration: ubi_level = 0. UBI counterfactuals are simulation scenarios, not historical data.",10,2019Q3 (46 months post-closure),,,,,,LOW,"AGE BAND: 16-24. Nomis band used: Aged 16-24 . Estimated SSI workers in this cell: 10 (prior: 10% of 2070).  GENDER: female. Prior: 5% of SSI workforce (UK steel industry statistic, not SSI-specific microdata).  QUARTER: 2019Q3 (46 months post-closure, Oct 2 2015).  REDCAR & CLEVELAND LA (E06000003) claimant count: 3380 quarterly avg (baseline 3477; excess vs baseline: -97).  RC LA age band claimants: 738 (21.8% of LA total).  NE ITL1 gender claimants in this age band: 5533 (36.4% of NE age-band total). NOTE: NE gender split mixes steel and non-steel workers. SSI gender prior (95% male) used for ssi_est_workers_this_cell instead.  NE LABOUR MARKET (APS Jan 2019-Dec 2019): unemployment 5.8%, employment 70.5%, activity 75.0%.  NE MEDIAN WAGE (ASHE 2019): £531.4/week (£27633/yr). SSI workers earned above NE median (skilled manual, union rates, est. £25k-£35k).  No direct outcome data for this quarter. Use RC LA claimant count trajectory as proxy for still_seeking rate.  outcome_retrain_% and outcome_share_similar_% remain UNKNOWN — DWP microdata required for clean bucket split. outcome_underemployed_% proxy only (area wage data). All area-level data is NOT individual SSI worker tracking.","Nomis claimant count is AREA-LEVEL (Redcar & Cleveland LA or NE ITL1) — not individual SSI worker tracking. SSI dominated local economy so LA-level excess is largely attributable to closure, but non-SSI workers are included. JSA exit ≠ re-employed (workers may move to ESA/UC). Nomis age band 25-49 ≠ model band 25-44. UK training course = 2-day refresher to full vocational qual — not comparable to German Umschulung (1-2yr full requalification). Steel sector ~95% male; gender-disaggregated outcome rates unavailable from public sources.",2019Q3,46,female,3380,3477,-97.1,738.0,21.8,71197,67784,3412.2,5533.0,36.4,5.8,70.5,75.0,Jan 2019-Dec 2019,531.4,27633,10,0.1,0.05,,,,,,,,,,
redcar_2015,ONS Nomis NM_162_1 / DWP JSA Stats / SSI Task Force,https://www.nomisweb.co.uk/,2015-2017,Redcar / Teesside,North East England,25-49,skilled_manual,primary_metals / steel_manufacturing,£25k-£35k est.,£11k employer hiring subsidy (under-45 tier); Routes to Work pilot £7.5m (Tees Valley-wide); £46m total government package,"N/A — no UBI operational in UK Oct 2015. Actual baseline safety net: JSA £73.10/wk (adult rate) or £57.90/wk (under-25); ESA (support group) £109.65/wk; UC standard allowance £317.82/month. For model calibration: ubi_level = 0. UBI counterfactuals are simulation scenarios, not historical data.",787,2019Q3 (46 months post-closure),,,,,,LOW,"AGE BAND: 25-49. Nomis band used: Aged 25-49 (NOTE: Nomis uses 25-49, not 25-44 — document mismatch). Estimated SSI workers in this cell: 787 (prior: 40% of 2070).  GENDER: male. Prior: 95% of SSI workforce (UK steel industry statistic, not SSI-specific microdata).  QUARTER: 2019Q3 (46 months post-closure, Oct 2 2015).  REDCAR & CLEVELAND LA (E06000003) claimant count: 3380 quarterly avg (baseline 3477; excess vs baseline: -97).  RC LA age band claimants: 1813 (53.6% of LA total).  NE ITL1 gender claimants in this age band: 23523 (60.8% of NE age-band total). NOTE: NE gender split mixes steel and non-steel workers. SSI gender prior (95% male) used for ssi_est_workers_this_cell instead.  NE LABOUR MARKET (APS Jan 2019-Dec 2019): unemployment 5.8%, employment 70.5%, activity 75.0%.  NE MEDIAN WAGE (ASHE 2019): £531.4/week (£27633/yr). SSI workers earned above NE median (skilled manual, union rates, est. £25k-£35k).  No direct outcome data for this quarter. Use RC LA claimant count trajectory as proxy for still_seeking rate.  outcome_retrain_% and outcome_share_similar_% remain UNKNOWN — DWP microdata required for clean bucket split. outcome_underemployed_% proxy only (area wage data). All area-level data is NOT individual SSI worker tracking.","Nomis claimant count is AREA-LEVEL (Redcar & Cleveland LA or NE ITL1) — not individual SSI worker tracking. SSI dominated local economy so LA-level excess is largely attributable to closure, but non-SSI workers are included. JSA exit ≠ re-employed (workers may move to ESA/UC). Nomis age band 25-49 ≠ model band 25-44. UK training course = 2-day refresher to full vocational qual — not comparable to German Umschulung (1-2yr full requalification). Steel sector ~95% male; gender-disaggregated outcome rates unavailable from public sources.",2019Q3,46,male,3380,3477,-97.1,1813.0,53.6,71197,67784,3412.2,23523.0,60.8,5.8,70.5,75.0,Jan 2019-Dec 2019,531.4,27633,787,0.4,0.95,,,,,,,,,,
redcar_2015,ONS Nomis NM_162_1 / DWP JSA Stats / SSI Task Force,https://www.nomisweb.co.uk/,2015-2017,Redcar / Teesside,North East England,25-49,skilled_manual,primary_metals / steel_manufacturing,£25k-£35k est.,£11k employer hiring subsidy (under-45 tier); Routes to Work pilot £7.5m (Tees Valley-wide); £46m total government package,"N/A — no UBI operational in UK Oct 2015. Actual baseline safety net: JSA £73.10/wk (adult rate) or £57.90/wk (under-25); ESA (support group) £109.65/wk; UC standard allowance £317.82/month. For model calibration: ubi_level = 0. UBI counterfactuals are simulation scenarios, not historical data.",41,2019Q3 (46 months post-closure),,,,,,LOW,"AGE BAND: 25-49. Nomis band used: Aged 25-49 (NOTE: Nomis uses 25-49, not 25-44 — document mismatch). Estimated SSI workers in this cell: 41 (prior: 40% of 2070).  GENDER: female. Prior: 5% of SSI workforce (UK steel industry statistic, not SSI-specific microdata).  QUARTER: 2019Q3 (46 months post-closure, Oct 2 2015).  REDCAR & CLEVELAND LA (E06000003) claimant count: 3380 quarterly avg (baseline 3477; excess vs baseline: -97).  RC LA age band claimants: 1813 (53.6% of LA total).  NE ITL1 gender claimants in this age band: 15142 (39.2% of NE age-band total). NOTE: NE gender split mixes steel and non-steel workers. SSI gender prior (95% male) used for ssi_est_workers_this_cell instead.  NE LABOUR MARKET (APS Jan 2019-Dec 2019): unemployment 5.8%, employment 70.5%, activity 75.0%.  NE MEDIAN WAGE (ASHE 2019): £531.4/week (£27633/yr). SSI workers earned above NE median (skilled manual, union rates, est. £25k-£35k).  No direct outcome data for this quarter. Use RC LA claimant count trajectory as proxy for still_seeking rate.  outcome_retrain_% and outcome_share_similar_% remain UNKNOWN — DWP microdata required for clean bucket split. outcome_underemployed_% proxy only (area wage data). All area-level data is NOT individual SSI worker tracking.","Nomis claimant count is AREA-LEVEL (Redcar & Cleveland LA or NE ITL1) — not individual SSI worker tracking. SSI dominated local economy so LA-level excess is largely attributable to closure, but non-SSI workers are included. JSA exit ≠ re-employed (workers may move to ESA/UC). Nomis age band 25-49 ≠ model band 25-44. UK training course = 2-day refresher to full vocational qual — not comparable to German Umschulung (1-2yr full requalification). Steel sector ~95% male; gender-disaggregated outcome rates unavailable from public sources.",2019Q3,46,female,3380,3477,-97.1,1813.0,53.6,71197,67784,3412.2,15142.0,39.2,5.8,70.5,75.0,Jan 2019-Dec 2019,531.4,27633,41,0.4,0.05,,,,,,,,,,
redcar_2015,ONS Nomis NM_162_1 / DWP JSA Stats / SSI Task Force,https://www.nomisweb.co.uk/,2015-2017,Redcar / Teesside,North East England,50+,skilled_manual,primary_metals / steel_manufacturing,£25k-£35k est.,"£15k employer hiring subsidy (45+ tier — highest rate, recognising harder-to-place status); Routes to Work pilot £7.5m (Tees Valley-wide); £46m total government package","N/A — no UBI operational in UK Oct 2015. Actual baseline safety net: JSA £73.10/wk (adult rate) or £57.90/wk (under-25); ESA (support group) £109.65/wk; UC standard allowance £317.82/month. For model calibration: ubi_level = 0. UBI counterfactuals are simulation scenarios, not historical data.",983,2019Q3 (46 months post-closure),,,,,,LOW,"AGE BAND: 50+. Nomis band used: Aged 50+ . Estimated SSI workers in this cell: 983 (prior: 50% of 2070).  GENDER: male. Prior: 95% of SSI workforce (UK steel industry statistic, not SSI-specific microdata).  QUARTER: 2019Q3 (46 months post-closure, Oct 2 2015).  REDCAR & CLEVELAND LA (E06000003) claimant count: 3380 quarterly avg (baseline 3477; excess vs baseline: -97).  RC LA age band claimants: 828 (24.5% of LA total).  NE ITL1 gender claimants in this age band: 10405 (60.0% of NE age-band total). NOTE: NE gender split mixes steel and non-steel workers. SSI gender prior (95% male) used for ssi_est_workers_this_cell instead.  NE LABOUR MARKET (APS Jan 2019-Dec 2019): unemployment 5.8%, employment 70.5%, activity 75.0%.  NE MEDIAN WAGE (ASHE 2019): £531.4/week (£27633/yr). SSI workers earned above NE median (skilled manual, union rates, est. £25k-£35k).  No direct outcome data for this quarter. Use RC LA claimant count trajectory as proxy for still_seeking rate.  outcome_retrain_% and outcome_share_similar_% remain UNKNOWN — DWP microdata required for clean bucket split. outcome_underemployed_% proxy only (area wage data). All area-level data is NOT individual SSI worker tracking.","Nomis claimant count is AREA-LEVEL (Redcar & Cleveland LA or NE ITL1) — not individual SSI worker tracking. SSI dominated local economy so LA-level excess is largely attributable to closure, but non-SSI workers are included. JSA exit ≠ re-employed (workers may move to ESA/UC). Nomis age band 25-49 ≠ model band 25-44. UK training course = 2-day refresher to full vocational qual — not comparable to German Umschulung (1-2yr full requalification). Steel sector ~95% male; gender-disaggregated outcome rates unavailable from public sources.",2019Q3,46,male,3380,3477,-97.1,828.0,24.5,71197,67784,3412.2,10405.0,60.0,5.8,70.5,75.0,Jan 2019-Dec 2019,531.4,27633,983,0.5,0.95,,,,,,,,,,
redcar_2015,ONS Nomis NM_162_1 / DWP JSA Stats / SSI Task Force,https://www.nomisweb.co.uk/,2015-2017,Redcar / Teesside,North East England,50+,skilled_manual,primary_metals / steel_manufacturing,£25k-£35k est.,"£15k employer hiring subsidy (45+ tier — highest rate, recognising harder-to-place status); Routes to Work pilot £7.5m (Tees Valley-wide); £46m total government package","N/A — no UBI operational in UK Oct 2015. Actual baseline safety net: JSA £73.10/wk (adult rate) or £57.90/wk (under-25); ESA (support group) £109.65/wk; UC standard allowance £317.82/month. For model calibration: ubi_level = 0. UBI counterfactuals are simulation scenarios, not historical data.",52,2019Q3 (46 months post-closure),,,,,,LOW,"AGE BAND: 50+. Nomis band used: Aged 50+ . Estimated SSI workers in this cell: 52 (prior: 50% of 2070).  GENDER: female. Prior: 5% of SSI workforce (UK steel industry statistic, not SSI-specific microdata).  QUARTER: 2019Q3 (46 months post-closure, Oct 2 2015).  REDCAR & CLEVELAND LA (E06000003) claimant count: 3380 quarterly avg (baseline 3477; excess vs baseline: -97).  RC LA age band claimants: 828 (24.5% of LA total).  NE ITL1 gender claimants in this age band: 6932 (40.0% of NE age-band total). NOTE: NE gender split mixes steel and non-steel workers. SSI gender prior (95% male) used for ssi_est_workers_this_cell instead.  NE LABOUR MARKET (APS Jan 2019-Dec 2019): unemployment 5.8%, employment 70.5%, activity 75.0%.  NE MEDIAN WAGE (ASHE 2019): £531.4/week (£27633/yr). SSI workers earned above NE median (skilled manual, union rates, est. £25k-£35k).  No direct outcome data for this quarter. Use RC LA claimant count trajectory as proxy for still_seeking rate.  outcome_retrain_% and outcome_share_similar_% remain UNKNOWN — DWP microdata required for clean bucket split. outcome_underemployed_% proxy only (area wage data). All area-level data is NOT individual SSI worker tracking.","Nomis claimant count is AREA-LEVEL (Redcar & Cleveland LA or NE ITL1) — not individual SSI worker tracking. SSI dominated local economy so LA-level excess is largely attributable to closure, but non-SSI workers are included. JSA exit ≠ re-employed (workers may move to ESA/UC). Nomis age band 25-49 ≠ model band 25-44. UK training course = 2-day refresher to full vocational qual — not comparable to German Umschulung (1-2yr full requalification). Steel sector ~95% male; gender-disaggregated outcome rates unavailable from public sources.",2019Q3,46,female,3380,3477,-97.1,828.0,24.5,71197,67784,3412.2,6932.0,40.0,5.8,70.5,75.0,Jan 2019-Dec 2019,531.4,27633,52,0.5,0.05,,,,,,,,,,
redcar_2015,ONS Nomis NM_162_1 / DWP JSA Stats / SSI Task Force,https://www.nomisweb.co.uk/,2015-2017,Redcar / Teesside,North East England,all,low_skilled,primary_metals / steel_manufacturing,<£20k,"£11k-£15k employer hiring subsidy (age-tiered: £11k under-45, £15k aged 45+); Routes to Work pilot £7.5m (Tees Valley-wide); £46m total government package (announced Oct 2015)","N/A — no UBI operational in UK Oct 2015. Actual baseline safety net: JSA £73.10/wk (adult rate) or £57.90/wk (under-25); ESA (support group) £109.65/wk; UC standard allowance £317.82/month. For model calibration: ubi_level = 0. UBI counterfactuals are simulation scenarios, not historical data.",104,2019Q3 (46 months post-closure),6.0,9.0,48.0,36.0,1.0,ESTIMATED_LOW,"INCOME BAND: <£20k. Semi-skilled process support, admin, cleaners. ASHE NE p10 (£288/wk=£15k/yr). Lowest-paid SSI cohort. Estimated 5% of workforce — LOW confidence. Outcome adjustments vs £25k-£35k baseline: retrain -2pp, share_similar -6pp, underemployed +3pp, exit +6pp, still_seeking -1pp. Source: China Shock ADH (low-wage→exit/underemployed; high-wage→share_similar) + Hartz re-employment wage analysis. All income-band outcomes ESTIMATED_LOW.  QUARTER: 2019Q3 (46 months post-closure, Oct 2 2015).  REDCAR & CLEVELAND LA (E06000003) claimant count: 3380 quarterly avg (baseline 3477; excess vs baseline: -97).  NE LABOUR MARKET (APS Jan 2019-Dec 2019): unemployment 5.8%, employment 70.5%, activity 75.0%.  NE MEDIAN WAGE (ASHE 2019): £531.4/week (£27633/yr). SSI workers earned above NE median (skilled manual, union rates, est. £25k-£35k).  No direct outcome data for this quarter. Use RC LA claimant count trajectory as proxy for still_seeking rate.  outcome_retrain_% and outcome_share_similar_% remain UNKNOWN — DWP microdata required for clean bucket split. outcome_underemployed_% proxy only (area wage data). All area-level data is NOT individual SSI worker tracking.","Nomis claimant count is AREA-LEVEL (Redcar & Cleveland LA or NE ITL1) — not individual SSI worker tracking. SSI dominated local economy so LA-level excess is largely attributable to closure, but non-SSI workers are included. JSA exit ≠ re-employed (workers may move to ESA/UC). Nomis age band 25-49 ≠ model band 25-44. UK training course = 2-day refresher to full vocational qual — not comparable to German Umschulung (1-2yr full requalification). Steel sector ~95% male; gender-disaggregated outcome rates unavailable from public sources.",2019Q3,46,all,3380,3477,-97.1,,,71197,67784,3412.2,,,5.8,70.5,75.0,Jan 2019-Dec 2019,531.4,27633,104,,,,,,,,,,,,
redcar_2015,ONS Nomis NM_162_1 / DWP JSA Stats / SSI Task Force,https://www.nomisweb.co.uk/,2015-2017,Redcar / Teesside,North East England,all,skilled_manual,primary_metals / steel_manufacturing,£20k-£25k,"£11k-£15k employer hiring subsidy (age-tiered: £11k under-45, £15k aged 45+); Routes to Work pilot £7.5m (Tees Valley-wide); £46m total government package (announced Oct 2015)","N/A — no UBI operational in UK Oct 2015. Actual baseline safety net: JSA £73.10/wk (adult rate) or £57.90/wk (under-25); ESA (support group) £109.65/wk; UC standard allowance £317.82/month. For model calibration: ubi_level = 0. UBI counterfactuals are simulation scenarios, not historical data.",310,2019Q3 (46 months post-closure),7.0,11.0,47.0,34.0,1.0,ESTIMATED_LOW,"INCOME BAND: £20k-£25k. Semi-skilled process operators, junior technicians. ASHE NE p25-median range (£359-£486/wk). Estimated 15% of workforce — LOW confidence. Outcome adjustments vs £25k-£35k baseline: retrain -1pp, share_similar -4pp, underemployed +2pp, exit +4pp, still_seeking -1pp. Source: China Shock ADH (low-wage→exit/underemployed; high-wage→share_similar) + Hartz re-employment wage analysis. All income-band outcomes ESTIMATED_LOW.  QUARTER: 2019Q3 (46 months post-closure, Oct 2 2015).  REDCAR & CLEVELAND LA (E06000003) claimant count: 3380 quarterly avg (baseline 3477; excess vs baseline: -97).  NE LABOUR MARKET (APS Jan 2019-Dec 2019): unemployment 5.8%, employment 70.5%, activity 75.0%.  NE MEDIAN WAGE (ASHE 2019): £531.4/week (£27633/yr). SSI workers earned above NE median (skilled manual, union rates, est. £25k-£35k).  No direct outcome data for this quarter. Use RC LA claimant count trajectory as proxy for still_seeking rate.  outcome_retrain_% and outcome_share_similar_% remain UNKNOWN — DWP microdata required for clean bucket split. outcome_underemployed_% proxy only (area wage data). All area-level data is NOT individual SSI worker tracking.","Nomis claimant count is AREA-LEVEL (Redcar & Cleveland LA or NE ITL1) — not individual SSI worker tracking. SSI dominated local economy so LA-level excess is largely attributable to closure, but non-SSI workers are included. JSA exit ≠ re-employed (workers may move to ESA/UC). Nomis age band 25-49 ≠ model band 25-44. UK training course = 2-day refresher to full vocational qual — not comparable to German Umschulung (1-2yr full requalification). Steel sector ~95% male; gender-disaggregated outcome rates unavailable from public sources.",2019Q3,46,all,3380,3477,-97.1,,,71197,67784,3412.2,,,5.8,70.5,75.0,Jan 2019-Dec 2019,531.4,27633,310,,,,,,,,,,,,
redcar_2015,ONS Nomis NM_162_1 / DWP JSA Stats / SSI Task Force,https://www.nomisweb.co.uk/,2015-2017,Redcar / Teesside,North East England,all,skilled_manual,primary_metals / steel_manufacturing,£25k-£35k,"£11k-£15k employer hiring subsidy (age-tiered: £11k under-45, £15k aged 45+); Routes to Work pilot £7.5m (Tees Valley-wide); £46m total government package (announced Oct 2015)","N/A — no UBI operational in UK Oct 2015. Actual baseline safety net: JSA £73.10/wk (adult rate) or £57.90/wk (under-25); ESA (support group) £109.65/wk; UC standard allowance £317.82/month. For model calibration: ubi_level = 0. UBI counterfactuals are simulation scenarios, not historical data.",1138,2019Q3 (46 months post-closure),8.0,15.0,45.0,30.0,,LOW,"INCOME BAND: £25k-£35k. Skilled process operators, blast furnace operators. ASHE NE median-p75 range (£486-£679/wk). PRIMARY ESTIMATE — majority of SSI workforce. All aggregate anchors (25% still-seeking, 93% off benefits) apply directly. Outcome adjustments vs £25k-£35k baseline: retrain +0pp, share_similar +0pp, underemployed +0pp, exit +0pp, still_seeking +0pp. Source: China Shock ADH (low-wage→exit/underemployed; high-wage→share_similar) + Hartz re-employment wage analysis. All income-band outcomes ESTIMATED_LOW.  QUARTER: 2019Q3 (46 months post-closure, Oct 2 2015).  REDCAR & CLEVELAND LA (E06000003) claimant count: 3380 quarterly avg (baseline 3477; excess vs baseline: -97).  NE LABOUR MARKET (APS Jan 2019-Dec 2019): unemployment 5.8%, employment 70.5%, activity 75.0%.  NE MEDIAN WAGE (ASHE 2019): £531.4/week (£27633/yr). SSI workers earned above NE median (skilled manual, union rates, est. £25k-£35k).  No direct outcome data for this quarter. Use RC LA claimant count trajectory as proxy for still_seeking rate.  outcome_retrain_% and outcome_share_similar_% remain UNKNOWN — DWP microdata required for clean bucket split. outcome_underemployed_% proxy only (area wage data). All area-level data is NOT individual SSI worker tracking.","Nomis claimant count is AREA-LEVEL (Redcar & Cleveland LA or NE ITL1) — not individual SSI worker tracking. SSI dominated local economy so LA-level excess is largely attributable to closure, but non-SSI workers are included. JSA exit ≠ re-employed (workers may move to ESA/UC). Nomis age band 25-49 ≠ model band 25-44. UK training course = 2-day refresher to full vocational qual — not comparable to German Umschulung (1-2yr full requalification). Steel sector ~95% male; gender-disaggregated outcome rates unavailable from public sources.",2019Q3,46,all,3380,3477,-97.1,,,71197,67784,3412.2,,,5.8,70.5,75.0,Jan 2019-Dec 2019,531.4,27633,1138,,,,,,,,,,,,
redcar_2015,ONS Nomis NM_162_1 / DWP JSA Stats / SSI Task Force,https://www.nomisweb.co.uk/,2015-2017,Redcar / Teesside,North East England,all,skilled_manual,primary_metals / steel_manufacturing,£35k-£50k,"£11k-£15k employer hiring subsidy (age-tiered: £11k under-45, £15k aged 45+); Routes to Work pilot £7.5m (Tees Valley-wide); £46m total government package (announced Oct 2015)","N/A — no UBI operational in UK Oct 2015. Actual baseline safety net: JSA £73.10/wk (adult rate) or £57.90/wk (under-25); ESA (support group) £109.65/wk; UC standard allowance £317.82/month. For model calibration: ubi_level = 0. UBI counterfactuals are simulation scenarios, not historical data.",414,2019Q3 (46 months post-closure),9.0,22.0,39.0,26.0,4.0,ESTIMATED_LOW,"INCOME BAND: £35k-£50k. Senior operators, shift supervisors, maintenance engineers, technicians. ASHE NE p75-p90 range (£679-£882/wk). Estimated 20% of workforce — LOW confidence. Outcome adjustments vs £25k-£35k baseline: retrain +1pp, share_similar +7pp, underemployed -6pp, exit -4pp, still_seeking +2pp. Source: China Shock ADH (low-wage→exit/underemployed; high-wage→share_similar) + Hartz re-employment wage analysis. All income-band outcomes ESTIMATED_LOW.  QUARTER: 2019Q3 (46 months post-closure, Oct 2 2015).  REDCAR & CLEVELAND LA (E06000003) claimant count: 3380 quarterly avg (baseline 3477; excess vs baseline: -97).  NE LABOUR MARKET (APS Jan 2019-Dec 2019): unemployment 5.8%, employment 70.5%, activity 75.0%.  NE MEDIAN WAGE (ASHE 2019): £531.4/week (£27633/yr). SSI workers earned above NE median (skilled manual, union rates, est. £25k-£35k).  No direct outcome data for this quarter. Use RC LA claimant count trajectory as proxy for still_seeking rate.  outcome_retrain_% and outcome_share_similar_% remain UNKNOWN — DWP microdata required for clean bucket split. outcome_underemployed_% proxy only (area wage data). All area-level data is NOT individual SSI worker tracking.","Nomis claimant count is AREA-LEVEL (Redcar & Cleveland LA or NE ITL1) — not individual SSI worker tracking. SSI dominated local economy so LA-level excess is largely attributable to closure, but non-SSI workers are included. JSA exit ≠ re-employed (workers may move to ESA/UC). Nomis age band 25-49 ≠ model band 25-44. UK training course = 2-day refresher to full vocational qual — not comparable to German Umschulung (1-2yr full requalification). Steel sector ~95% male; gender-disaggregated outcome rates unavailable from public sources.",2019Q3,46,all,3380,3477,-97.1,,,71197,67784,3412.2,,,5.8,70.5,75.0,Jan 2019-Dec 2019,531.4,27633,414,,,,,,,,,,,,
redcar_2015,ONS Nomis NM_162_1 / DWP JSA Stats / SSI Task Force,https://www.nomisweb.co.uk/,2015-2017,Redcar / Teesside,North East England,all,professional,primary_metals / steel_manufacturing,£50k+,"£11k-£15k employer hiring subsidy (age-tiered: £11k under-45, £15k aged 45+); Routes to Work pilot £7.5m (Tees Valley-wide); £46m total government package (announced Oct 2015)","N/A — no UBI operational in UK Oct 2015. Actual baseline safety net: JSA £73.10/wk (adult rate) or £57.90/wk (under-25); ESA (support group) £109.65/wk; UC standard allowance £317.82/month. For model calibration: ubi_level = 0. UBI counterfactuals are simulation scenarios, not historical data.",104,2019Q3 (46 months post-closure),7.0,30.0,31.0,24.0,8.0,ESTIMATED_LOW,"INCOME BAND: £50k+. Plant management, senior engineers, operations managers. Above ASHE NE p90 (£882/wk=£45.9k/yr). Estimated 5% of workforce — LOW confidence. Likely had enhanced redundancy packages separate from main SSI terms. Outcome adjustments vs £25k-£35k baseline: retrain -1pp, share_similar +15pp, underemployed -14pp, exit -6pp, still_seeking +6pp. Source: China Shock ADH (low-wage→exit/underemployed; high-wage→share_similar) + Hartz re-employment wage analysis. All income-band outcomes ESTIMATED_LOW.  QUARTER: 2019Q3 (46 months post-closure, Oct 2 2015).  REDCAR & CLEVELAND LA (E06000003) claimant count: 3380 quarterly avg (baseline 3477; excess vs baseline: -97).  NE LABOUR MARKET (APS Jan 2019-Dec 2019): unemployment 5.8%, employment 70.5%, activity 75.0%.  NE MEDIAN WAGE (ASHE 2019): £531.4/week (£27633/yr). SSI workers earned above NE median (skilled manual, union rates, est. £25k-£35k).  No direct outcome data for this quarter. Use RC LA claimant count trajectory as proxy for still_seeking rate.  outcome_retrain_% and outcome_share_similar_% remain UNKNOWN — DWP microdata required for clean bucket split. outcome_underemployed_% proxy only (area wage data). All area-level data is NOT individual SSI worker tracking.","Nomis claimant count is AREA-LEVEL (Redcar & Cleveland LA or NE ITL1) — not individual SSI worker tracking. SSI dominated local economy so LA-level excess is largely attributable to closure, but non-SSI workers are included. JSA exit ≠ re-employed (workers may move to ESA/UC). Nomis age band 25-49 ≠ model band 25-44. UK training course = 2-day refresher to full vocational qual — not comparable to German Umschulung (1-2yr full requalification). Steel sector ~95% male; gender-disaggregated outcome rates unavailable from public sources.",2019Q3,46,all,3380,3477,-97.1,,,71197,67784,3412.2,,,5.8,70.5,75.0,Jan 2019-Dec 2019,531.4,27633,104,,,,,,,,,,,,
redcar_2015,ONS Nomis NM_162_1 / DWP JSA Stats / SSI Task Force,https://www.nomisweb.co.uk/,2015-2017,Redcar / Teesside,North East England,all,skilled_manual,primary_metals / steel_manufacturing,£25k-£35k est.,"£11k-£15k employer hiring subsidy (age-tiered: £11k under-45, £15k aged 45+); Routes to Work pilot £7.5m (Tees Valley-wide); £46m total government package (announced Oct 2015)","N/A — no UBI operational in UK Oct 2015. Actual baseline safety net: JSA £73.10/wk (adult rate) or £57.90/wk (under-25); ESA (support group) £109.65/wk; UC standard allowance £317.82/month. For model calibration: ubi_level = 0. UBI counterfactuals are simulation scenarios, not historical data.",2070,2019Q4 (49 months post-closure),,,,,,LOW,"QUARTER: 2019Q4 (49 months post-closure, Oct 2 2015).  REDCAR & CLEVELAND LA (E06000003) claimant count: 3552 quarterly avg (baseline 3477; excess vs baseline: +75).  NE LABOUR MARKET (APS Jan 2019-Dec 2019): unemployment 5.8%, employment 70.5%, activity 75.0%.  NE MEDIAN WAGE (ASHE 2019): £531.4/week (£27633/yr). SSI workers earned above NE median (skilled manual, union rates, est. £25k-£35k).  No direct outcome data for this quarter. Use RC LA claimant count trajectory as proxy for still_seeking rate.  outcome_retrain_% and outcome_share_similar_% remain UNKNOWN — DWP microdata required for clean bucket split. outcome_underemployed_% proxy only (area wage data). All area-level data is NOT individual SSI worker tracking.","Nomis claimant count is AREA-LEVEL (Redcar & Cleveland LA or NE ITL1) — not individual SSI worker tracking. SSI dominated local economy so LA-level excess is largely attributable to closure, but non-SSI workers are included. JSA exit ≠ re-employed (workers may move to ESA/UC). Nomis age band 25-49 ≠ model band 25-44. UK training course = 2-day refresher to full vocational qual — not comparable to German Umschulung (1-2yr full requalification). Steel sector ~95% male; gender-disaggregated outcome rates unavailable from public sources.",2019Q4,49,all,3552,3477,74.6,,,72203,67784,4418.8,,,5.8,70.5,75.0,Jan 2019-Dec 2019,531.4,27633,2070,,,,,,,,,,,,
redcar_2015,ONS Nomis NM_162_1 / DWP JSA Stats / SSI Task Force,https://www.nomisweb.co.uk/,2015-2017,Redcar / Teesside,North East England,16-24,skilled_manual,primary_metals / steel_manufacturing,£25k-£35k est.,£11k employer hiring subsidy (under-45 tier); Routes to Work pilot £7.5m (Tees Valley-wide); Employer Ownership of Skills pilot; £46m total government package,"N/A — no UBI operational in UK Oct 2015. Actual baseline safety net: JSA £73.10/wk (adult rate) or £57.90/wk (under-25); ESA (support group) £109.65/wk; UC standard allowance £317.82/month. For model calibration: ubi_level = 0. UBI counterfactuals are simulation scenarios, not historical data.",207,2019Q4 (49 months post-closure),,,,,,LOW,"AGE BAND: 16-24. Nomis band used: Aged 16-24 . Estimated SSI workers in this cell: 207 (prior: 10% of 2070).  QUARTER: 2019Q4 (49 months post-closure, Oct 2 2015).  REDCAR & CLEVELAND LA (E06000003) claimant count: 3552 quarterly avg (baseline 3477; excess vs baseline: +75).  RC LA age band claimants: 788 (22.2% of LA total).  NE LABOUR MARKET (APS Jan 2019-Dec 2019): unemployment 5.8%, employment 70.5%, activity 75.0%.  NE MEDIAN WAGE (ASHE 2019): £531.4/week (£27633/yr). SSI workers earned above NE median (skilled manual, union rates, est. £25k-£35k).  No direct outcome data for this quarter. Use RC LA claimant count trajectory as proxy for still_seeking rate.  outcome_retrain_% and outcome_share_similar_% remain UNKNOWN — DWP microdata required for clean bucket split. outcome_underemployed_% proxy only (area wage data). All area-level data is NOT individual SSI worker tracking.","Nomis claimant count is AREA-LEVEL (Redcar & Cleveland LA or NE ITL1) — not individual SSI worker tracking. SSI dominated local economy so LA-level excess is largely attributable to closure, but non-SSI workers are included. JSA exit ≠ re-employed (workers may move to ESA/UC). Nomis age band 25-49 ≠ model band 25-44. UK training course = 2-day refresher to full vocational qual — not comparable to German Umschulung (1-2yr full requalification). Steel sector ~95% male; gender-disaggregated outcome rates unavailable from public sources.",2019Q4,49,all,3552,3477,74.6,788.0,22.2,72203,67784,4418.8,,,5.8,70.5,75.0,Jan 2019-Dec 2019,531.4,27633,207,0.1,,,,,,,,,,,
redcar_2015,ONS Nomis NM_162_1 / DWP JSA Stats / SSI Task Force,https://www.nomisweb.co.uk/,2015-2017,Redcar / Teesside,North East England,25-49,skilled_manual,primary_metals / steel_manufacturing,£25k-£35k est.,£11k employer hiring subsidy (under-45 tier); Routes to Work pilot £7.5m (Tees Valley-wide); £46m total government package,"N/A — no UBI operational in UK Oct 2015. Actual baseline safety net: JSA £73.10/wk (adult rate) or £57.90/wk (under-25); ESA (support group) £109.65/wk; UC standard allowance £317.82/month. For model calibration: ubi_level = 0. UBI counterfactuals are simulation scenarios, not historical data.",828,2019Q4 (49 months post-closure),,,,,,LOW,"AGE BAND: 25-49. Nomis band used: Aged 25-49 (NOTE: Nomis uses 25-49, not 25-44 — document mismatch). Estimated SSI workers in this cell: 828 (prior: 40% of 2070).  QUARTER: 2019Q4 (49 months post-closure, Oct 2 2015).  REDCAR & CLEVELAND LA (E06000003) claimant count: 3552 quarterly avg (baseline 3477; excess vs baseline: +75).  RC LA age band claimants: 1917 (54.0% of LA total).  NE LABOUR MARKET (APS Jan 2019-Dec 2019): unemployment 5.8%, employment 70.5%, activity 75.0%.  NE MEDIAN WAGE (ASHE 2019): £531.4/week (£27633/yr). SSI workers earned above NE median (skilled manual, union rates, est. £25k-£35k).  No direct outcome data for this quarter. Use RC LA claimant count trajectory as proxy for still_seeking rate.  outcome_retrain_% and outcome_share_similar_% remain UNKNOWN — DWP microdata required for clean bucket split. outcome_underemployed_% proxy only (area wage data). All area-level data is NOT individual SSI worker tracking.","Nomis claimant count is AREA-LEVEL (Redcar & Cleveland LA or NE ITL1) — not individual SSI worker tracking. SSI dominated local economy so LA-level excess is largely attributable to closure, but non-SSI workers are included. JSA exit ≠ re-employed (workers may move to ESA/UC). Nomis age band 25-49 ≠ model band 25-44. UK training course = 2-day refresher to full vocational qual — not comparable to German Umschulung (1-2yr full requalification). Steel sector ~95% male; gender-disaggregated outcome rates unavailable from public sources.",2019Q4,49,all,3552,3477,74.6,1917.0,54.0,72203,67784,4418.8,,,5.8,70.5,75.0,Jan 2019-Dec 2019,531.4,27633,828,0.4,,,,,,,,,,,
redcar_2015,ONS Nomis NM_162_1 / DWP JSA Stats / SSI Task Force,https://www.nomisweb.co.uk/,2015-2017,Redcar / Teesside,North East England,50+,skilled_manual,primary_metals / steel_manufacturing,£25k-£35k est.,"£15k employer hiring subsidy (45+ tier — highest rate, recognising harder-to-place status); Routes to Work pilot £7.5m (Tees Valley-wide); £46m total government package","N/A — no UBI operational in UK Oct 2015. Actual baseline safety net: JSA £73.10/wk (adult rate) or £57.90/wk (under-25); ESA (support group) £109.65/wk; UC standard allowance £317.82/month. For model calibration: ubi_level = 0. UBI counterfactuals are simulation scenarios, not historical data.",1035,2019Q4 (49 months post-closure),,,,,,LOW,"AGE BAND: 50+. Nomis band used: Aged 50+ . Estimated SSI workers in this cell: 1035 (prior: 50% of 2070).  QUARTER: 2019Q4 (49 months post-closure, Oct 2 2015).  REDCAR & CLEVELAND LA (E06000003) claimant count: 3552 quarterly avg (baseline 3477; excess vs baseline: +75).  RC LA age band claimants: 843 (23.8% of LA total).  NE LABOUR MARKET (APS Jan 2019-Dec 2019): unemployment 5.8%, employment 70.5%, activity 75.0%.  NE MEDIAN WAGE (ASHE 2019): £531.4/week (£27633/yr). SSI workers earned above NE median (skilled manual, union rates, est. £25k-£35k).  No direct outcome data for this quarter. Use RC LA claimant count trajectory as proxy for still_seeking rate.  outcome_retrain_% and outcome_share_similar_% remain UNKNOWN — DWP microdata required for clean bucket split. outcome_underemployed_% proxy only (area wage data). All area-level data is NOT individual SSI worker tracking.","Nomis claimant count is AREA-LEVEL (Redcar & Cleveland LA or NE ITL1) — not individual SSI worker tracking. SSI dominated local economy so LA-level excess is largely attributable to closure, but non-SSI workers are included. JSA exit ≠ re-employed (workers may move to ESA/UC). Nomis age band 25-49 ≠ model band 25-44. UK training course = 2-day refresher to full vocational qual — not comparable to German Umschulung (1-2yr full requalification). Steel sector ~95% male; gender-disaggregated outcome rates unavailable from public sources.",2019Q4,49,all,3552,3477,74.6,843.0,23.8,72203,67784,4418.8,,,5.8,70.5,75.0,Jan 2019-Dec 2019,531.4,27633,1035,0.5,,,,,,,,,,,
redcar_2015,ONS Nomis NM_162_1 / DWP JSA Stats / SSI Task Force,https://www.nomisweb.co.uk/,2015-2017,Redcar / Teesside,North East England,16-24,skilled_manual,primary_metals / steel_manufacturing,£25k-£35k est.,£11k employer hiring subsidy (under-45 tier); Routes to Work pilot £7.5m (Tees Valley-wide); Employer Ownership of Skills pilot; £46m total government package,"N/A — no UBI operational in UK Oct 2015. Actual baseline safety net: JSA £73.10/wk (adult rate) or £57.90/wk (under-25); ESA (support group) £109.65/wk; UC standard allowance £317.82/month. For model calibration: ubi_level = 0. UBI counterfactuals are simulation scenarios, not historical data.",197,2019Q4 (49 months post-closure),,,,,,LOW,"AGE BAND: 16-24. Nomis band used: Aged 16-24 . Estimated SSI workers in this cell: 197 (prior: 10% of 2070).  GENDER: male. Prior: 95% of SSI workforce (UK steel industry statistic, not SSI-specific microdata).  QUARTER: 2019Q4 (49 months post-closure, Oct 2 2015).  REDCAR & CLEVELAND LA (E06000003) claimant count: 3552 quarterly avg (baseline 3477; excess vs baseline: +75).  RC LA age band claimants: 788 (22.2% of LA total).  NE ITL1 gender claimants in this age band: 9828 (63.5% of NE age-band total). NOTE: NE gender split mixes steel and non-steel workers. SSI gender prior (95% male) used for ssi_est_workers_this_cell instead.  NE LABOUR MARKET (APS Jan 2019-Dec 2019): unemployment 5.8%, employment 70.5%, activity 75.0%.  NE MEDIAN WAGE (ASHE 2019): £531.4/week (£27633/yr). SSI workers earned above NE median (skilled manual, union rates, est. £25k-£35k).  No direct outcome data for this quarter. Use RC LA claimant count trajectory as proxy for still_seeking rate.  outcome_retrain_% and outcome_share_similar_% remain UNKNOWN — DWP microdata required for clean bucket split. outcome_underemployed_% proxy only (area wage data). All area-level data is NOT individual SSI worker tracking.","Nomis claimant count is AREA-LEVEL (Redcar & Cleveland LA or NE ITL1) — not individual SSI worker tracking. SSI dominated local economy so LA-level excess is largely attributable to closure, but non-SSI workers are included. JSA exit ≠ re-employed (workers may move to ESA/UC). Nomis age band 25-49 ≠ model band 25-44. UK training course = 2-day refresher to full vocational qual — not comparable to German Umschulung (1-2yr full requalification). Steel sector ~95% male; gender-disaggregated outcome rates unavailable from public sources.",2019Q4,49,male,3552,3477,74.6,788.0,22.2,72203,67784,4418.8,9828.0,63.5,5.8,70.5,75.0,Jan 2019-Dec 2019,531.4,27633,197,0.1,0.95,,,,,,,,,,
redcar_2015,ONS Nomis NM_162_1 / DWP JSA Stats / SSI Task Force,https://www.nomisweb.co.uk/,2015-2017,Redcar / Teesside,North East England,16-24,skilled_manual,primary_metals / steel_manufacturing,£25k-£35k est.,£11k employer hiring subsidy (under-45 tier); Routes to Work pilot £7.5m (Tees Valley-wide); Employer Ownership of Skills pilot; £46m total government package,"N/A — no UBI operational in UK Oct 2015. Actual baseline safety net: JSA £73.10/wk (adult rate) or £57.90/wk (under-25); ESA (support group) £109.65/wk; UC standard allowance £317.82/month. For model calibration: ubi_level = 0. UBI counterfactuals are simulation scenarios, not historical data.",10,2019Q4 (49 months post-closure),,,,,,LOW,"AGE BAND: 16-24. Nomis band used: Aged 16-24 . Estimated SSI workers in this cell: 10 (prior: 10% of 2070).  GENDER: female. Prior: 5% of SSI workforce (UK steel industry statistic, not SSI-specific microdata).  QUARTER: 2019Q4 (49 months post-closure, Oct 2 2015).  REDCAR & CLEVELAND LA (E06000003) claimant count: 3552 quarterly avg (baseline 3477; excess vs baseline: +75).  RC LA age band claimants: 788 (22.2% of LA total).  NE ITL1 gender claimants in this age band: 5648 (36.5% of NE age-band total). NOTE: NE gender split mixes steel and non-steel workers. SSI gender prior (95% male) used for ssi_est_workers_this_cell instead.  NE LABOUR MARKET (APS Jan 2019-Dec 2019): unemployment 5.8%, employment 70.5%, activity 75.0%.  NE MEDIAN WAGE (ASHE 2019): £531.4/week (£27633/yr). SSI workers earned above NE median (skilled manual, union rates, est. £25k-£35k).  No direct outcome data for this quarter. Use RC LA claimant count trajectory as proxy for still_seeking rate.  outcome_retrain_% and outcome_share_similar_% remain UNKNOWN — DWP microdata required for clean bucket split. outcome_underemployed_% proxy only (area wage data). All area-level data is NOT individual SSI worker tracking.","Nomis claimant count is AREA-LEVEL (Redcar & Cleveland LA or NE ITL1) — not individual SSI worker tracking. SSI dominated local economy so LA-level excess is largely attributable to closure, but non-SSI workers are included. JSA exit ≠ re-employed (workers may move to ESA/UC). Nomis age band 25-49 ≠ model band 25-44. UK training course = 2-day refresher to full vocational qual — not comparable to German Umschulung (1-2yr full requalification). Steel sector ~95% male; gender-disaggregated outcome rates unavailable from public sources.",2019Q4,49,female,3552,3477,74.6,788.0,22.2,72203,67784,4418.8,5648.0,36.5,5.8,70.5,75.0,Jan 2019-Dec 2019,531.4,27633,10,0.1,0.05,,,,,,,,,,
redcar_2015,ONS Nomis NM_162_1 / DWP JSA Stats / SSI Task Force,https://www.nomisweb.co.uk/,2015-2017,Redcar / Teesside,North East England,25-49,skilled_manual,primary_metals / steel_manufacturing,£25k-£35k est.,£11k employer hiring subsidy (under-45 tier); Routes to Work pilot £7.5m (Tees Valley-wide); £46m total government package,"N/A — no UBI operational in UK Oct 2015. Actual baseline safety net: JSA £73.10/wk (adult rate) or £57.90/wk (under-25); ESA (support group) £109.65/wk; UC standard allowance £317.82/month. For model calibration: ubi_level = 0. UBI counterfactuals are simulation scenarios, not historical data.",787,2019Q4 (49 months post-closure),,,,,,LOW,"AGE BAND: 25-49. Nomis band used: Aged 25-49 (NOTE: Nomis uses 25-49, not 25-44 — document mismatch). Estimated SSI workers in this cell: 787 (prior: 40% of 2070).  GENDER: male. Prior: 95% of SSI workforce (UK steel industry statistic, not SSI-specific microdata).  QUARTER: 2019Q4 (49 months post-closure, Oct 2 2015).  REDCAR & CLEVELAND LA (E06000003) claimant count: 3552 quarterly avg (baseline 3477; excess vs baseline: +75).  RC LA age band claimants: 1917 (54.0% of LA total).  NE ITL1 gender claimants in this age band: 23738 (60.4% of NE age-band total). NOTE: NE gender split mixes steel and non-steel workers. SSI gender prior (95% male) used for ssi_est_workers_this_cell instead.  NE LABOUR MARKET (APS Jan 2019-Dec 2019): unemployment 5.8%, employment 70.5%, activity 75.0%.  NE MEDIAN WAGE (ASHE 2019): £531.4/week (£27633/yr). SSI workers earned above NE median (skilled manual, union rates, est. £25k-£35k).  No direct outcome data for this quarter. Use RC LA claimant count trajectory as proxy for still_seeking rate.  outcome_retrain_% and outcome_share_similar_% remain UNKNOWN — DWP microdata required for clean bucket split. outcome_underemployed_% proxy only (area wage data). All area-level data is NOT individual SSI worker tracking.","Nomis claimant count is AREA-LEVEL (Redcar & Cleveland LA or NE ITL1) — not individual SSI worker tracking. SSI dominated local economy so LA-level excess is largely attributable to closure, but non-SSI workers are included. JSA exit ≠ re-employed (workers may move to ESA/UC). Nomis age band 25-49 ≠ model band 25-44. UK training course = 2-day refresher to full vocational qual — not comparable to German Umschulung (1-2yr full requalification). Steel sector ~95% male; gender-disaggregated outcome rates unavailable from public sources.",2019Q4,49,male,3552,3477,74.6,1917.0,54.0,72203,67784,4418.8,23738.0,60.4,5.8,70.5,75.0,Jan 2019-Dec 2019,531.4,27633,787,0.4,0.95,,,,,,,,,,
redcar_2015,ONS Nomis NM_162_1 / DWP JSA Stats / SSI Task Force,https://www.nomisweb.co.uk/,2015-2017,Redcar / Teesside,North East England,25-49,skilled_manual,primary_metals / steel_manufacturing,£25k-£35k est.,£11k employer hiring subsidy (under-45 tier); Routes to Work pilot £7.5m (Tees Valley-wide); £46m total government package,"N/A — no UBI operational in UK Oct 2015. Actual baseline safety net: JSA £73.10/wk (adult rate) or £57.90/wk (under-25); ESA (support group) £109.65/wk; UC standard allowance £317.82/month. For model calibration: ubi_level = 0. UBI counterfactuals are simulation scenarios, not historical data.",41,2019Q4 (49 months post-closure),,,,,,LOW,"AGE BAND: 25-49. Nomis band used: Aged 25-49 (NOTE: Nomis uses 25-49, not 25-44 — document mismatch). Estimated SSI workers in this cell: 41 (prior: 40% of 2070).  GENDER: female. Prior: 5% of SSI workforce (UK steel industry statistic, not SSI-specific microdata).  QUARTER: 2019Q4 (49 months post-closure, Oct 2 2015).  REDCAR & CLEVELAND LA (E06000003) claimant count: 3552 quarterly avg (baseline 3477; excess vs baseline: +75).  RC LA age band claimants: 1917 (54.0% of LA total).  NE ITL1 gender claimants in this age band: 15570 (39.6% of NE age-band total). NOTE: NE gender split mixes steel and non-steel workers. SSI gender prior (95% male) used for ssi_est_workers_this_cell instead.  NE LABOUR MARKET (APS Jan 2019-Dec 2019): unemployment 5.8%, employment 70.5%, activity 75.0%.  NE MEDIAN WAGE (ASHE 2019): £531.4/week (£27633/yr). SSI workers earned above NE median (skilled manual, union rates, est. £25k-£35k).  No direct outcome data for this quarter. Use RC LA claimant count trajectory as proxy for still_seeking rate.  outcome_retrain_% and outcome_share_similar_% remain UNKNOWN — DWP microdata required for clean bucket split. outcome_underemployed_% proxy only (area wage data). All area-level data is NOT individual SSI worker tracking.","Nomis claimant count is AREA-LEVEL (Redcar & Cleveland LA or NE ITL1) — not individual SSI worker tracking. SSI dominated local economy so LA-level excess is largely attributable to closure, but non-SSI workers are included. JSA exit ≠ re-employed (workers may move to ESA/UC). Nomis age band 25-49 ≠ model band 25-44. UK training course = 2-day refresher to full vocational qual — not comparable to German Umschulung (1-2yr full requalification). Steel sector ~95% male; gender-disaggregated outcome rates unavailable from public sources.",2019Q4,49,female,3552,3477,74.6,1917.0,54.0,72203,67784,4418.8,15570.0,39.6,5.8,70.5,75.0,Jan 2019-Dec 2019,531.4,27633,41,0.4,0.05,,,,,,,,,,
redcar_2015,ONS Nomis NM_162_1 / DWP JSA Stats / SSI Task Force,https://www.nomisweb.co.uk/,2015-2017,Redcar / Teesside,North East England,50+,skilled_manual,primary_metals / steel_manufacturing,£25k-£35k est.,"£15k employer hiring subsidy (45+ tier — highest rate, recognising harder-to-place status); Routes to Work pilot £7.5m (Tees Valley-wide); £46m total government package","N/A — no UBI operational in UK Oct 2015. Actual baseline safety net: JSA £73.10/wk (adult rate) or £57.90/wk (under-25); ESA (support group) £109.65/wk; UC standard allowance £317.82/month. For model calibration: ubi_level = 0. UBI counterfactuals are simulation scenarios, not historical data.",983,2019Q4 (49 months post-closure),,,,,,LOW,"AGE BAND: 50+. Nomis band used: Aged 50+ . Estimated SSI workers in this cell: 983 (prior: 50% of 2070).  GENDER: male. Prior: 95% of SSI workforce (UK steel industry statistic, not SSI-specific microdata).  QUARTER: 2019Q4 (49 months post-closure, Oct 2 2015).  REDCAR & CLEVELAND LA (E06000003) claimant count: 3552 quarterly avg (baseline 3477; excess vs baseline: +75).  RC LA age band claimants: 843 (23.8% of LA total).  NE ITL1 gender claimants in this age band: 10472 (60.1% of NE age-band total). NOTE: NE gender split mixes steel and non-steel workers. SSI gender prior (95% male) used for ssi_est_workers_this_cell instead.  NE LABOUR MARKET (APS Jan 2019-Dec 2019): unemployment 5.8%, employment 70.5%, activity 75.0%.  NE MEDIAN WAGE (ASHE 2019): £531.4/week (£27633/yr). SSI workers earned above NE median (skilled manual, union rates, est. £25k-£35k).  No direct outcome data for this quarter. Use RC LA claimant count trajectory as proxy for still_seeking rate.  outcome_retrain_% and outcome_share_similar_% remain UNKNOWN — DWP microdata required for clean bucket split. outcome_underemployed_% proxy only (area wage data). All area-level data is NOT individual SSI worker tracking.","Nomis claimant count is AREA-LEVEL (Redcar & Cleveland LA or NE ITL1) — not individual SSI worker tracking. SSI dominated local economy so LA-level excess is largely attributable to closure, but non-SSI workers are included. JSA exit ≠ re-employed (workers may move to ESA/UC). Nomis age band 25-49 ≠ model band 25-44. UK training course = 2-day refresher to full vocational qual — not comparable to German Umschulung (1-2yr full requalification). Steel sector ~95% male; gender-disaggregated outcome rates unavailable from public sources.",2019Q4,49,male,3552,3477,74.6,843.0,23.8,72203,67784,4418.8,10472.0,60.1,5.8,70.5,75.0,Jan 2019-Dec 2019,531.4,27633,983,0.5,0.95,,,,,,,,,,
redcar_2015,ONS Nomis NM_162_1 / DWP JSA Stats / SSI Task Force,https://www.nomisweb.co.uk/,2015-2017,Redcar / Teesside,North East England,50+,skilled_manual,primary_metals / steel_manufacturing,£25k-£35k est.,"£15k employer hiring subsidy (45+ tier — highest rate, recognising harder-to-place status); Routes to Work pilot £7.5m (Tees Valley-wide); £46m total government package","N/A — no UBI operational in UK Oct 2015. Actual baseline safety net: JSA £73.10/wk (adult rate) or £57.90/wk (under-25); ESA (support group) £109.65/wk; UC standard allowance £317.82/month. For model calibration: ubi_level = 0. UBI counterfactuals are simulation scenarios, not historical data.",52,2019Q4 (49 months post-closure),,,,,,LOW,"AGE BAND: 50+. Nomis band used: Aged 50+ . Estimated SSI workers in this cell: 52 (prior: 50% of 2070).  GENDER: female. Prior: 5% of SSI workforce (UK steel industry statistic, not SSI-specific microdata).  QUARTER: 2019Q4 (49 months post-closure, Oct 2 2015).  REDCAR & CLEVELAND LA (E06000003) claimant count: 3552 quarterly avg (baseline 3477; excess vs baseline: +75).  RC LA age band claimants: 843 (23.8% of LA total).  NE ITL1 gender claimants in this age band: 6948 (39.9% of NE age-band total). NOTE: NE gender split mixes steel and non-steel workers. SSI gender prior (95% male) used for ssi_est_workers_this_cell instead.  NE LABOUR MARKET (APS Jan 2019-Dec 2019): unemployment 5.8%, employment 70.5%, activity 75.0%.  NE MEDIAN WAGE (ASHE 2019): £531.4/week (£27633/yr). SSI workers earned above NE median (skilled manual, union rates, est. £25k-£35k).  No direct outcome data for this quarter. Use RC LA claimant count trajectory as proxy for still_seeking rate.  outcome_retrain_% and outcome_share_similar_% remain UNKNOWN — DWP microdata required for clean bucket split. outcome_underemployed_% proxy only (area wage data). All area-level data is NOT individual SSI worker tracking.","Nomis claimant count is AREA-LEVEL (Redcar & Cleveland LA or NE ITL1) — not individual SSI worker tracking. SSI dominated local economy so LA-level excess is largely attributable to closure, but non-SSI workers are included. JSA exit ≠ re-employed (workers may move to ESA/UC). Nomis age band 25-49 ≠ model band 25-44. UK training course = 2-day refresher to full vocational qual — not comparable to German Umschulung (1-2yr full requalification). Steel sector ~95% male; gender-disaggregated outcome rates unavailable from public sources.",2019Q4,49,female,3552,3477,74.6,843.0,23.8,72203,67784,4418.8,6948.0,39.9,5.8,70.5,75.0,Jan 2019-Dec 2019,531.4,27633,52,0.5,0.05,,,,,,,,,,
redcar_2015,ONS Nomis NM_162_1 / DWP JSA Stats / SSI Task Force,https://www.nomisweb.co.uk/,2015-2017,Redcar / Teesside,North East England,all,low_skilled,primary_metals / steel_manufacturing,<£20k,"£11k-£15k employer hiring subsidy (age-tiered: £11k under-45, £15k aged 45+); Routes to Work pilot £7.5m (Tees Valley-wide); £46m total government package (announced Oct 2015)","N/A — no UBI operational in UK Oct 2015. Actual baseline safety net: JSA £73.10/wk (adult rate) or £57.90/wk (under-25); ESA (support group) £109.65/wk; UC standard allowance £317.82/month. For model calibration: ubi_level = 0. UBI counterfactuals are simulation scenarios, not historical data.",104,2019Q4 (49 months post-closure),6.0,9.0,48.0,36.0,1.0,ESTIMATED_LOW,"INCOME BAND: <£20k. Semi-skilled process support, admin, cleaners. ASHE NE p10 (£288/wk=£15k/yr). Lowest-paid SSI cohort. Estimated 5% of workforce — LOW confidence. Outcome adjustments vs £25k-£35k baseline: retrain -2pp, share_similar -6pp, underemployed +3pp, exit +6pp, still_seeking -1pp. Source: China Shock ADH (low-wage→exit/underemployed; high-wage→share_similar) + Hartz re-employment wage analysis. All income-band outcomes ESTIMATED_LOW.  QUARTER: 2019Q4 (49 months post-closure, Oct 2 2015).  REDCAR & CLEVELAND LA (E06000003) claimant count: 3552 quarterly avg (baseline 3477; excess vs baseline: +75).  NE LABOUR MARKET (APS Jan 2019-Dec 2019): unemployment 5.8%, employment 70.5%, activity 75.0%.  NE MEDIAN WAGE (ASHE 2019): £531.4/week (£27633/yr). SSI workers earned above NE median (skilled manual, union rates, est. £25k-£35k).  No direct outcome data for this quarter. Use RC LA claimant count trajectory as proxy for still_seeking rate.  outcome_retrain_% and outcome_share_similar_% remain UNKNOWN — DWP microdata required for clean bucket split. outcome_underemployed_% proxy only (area wage data). All area-level data is NOT individual SSI worker tracking.","Nomis claimant count is AREA-LEVEL (Redcar & Cleveland LA or NE ITL1) — not individual SSI worker tracking. SSI dominated local economy so LA-level excess is largely attributable to closure, but non-SSI workers are included. JSA exit ≠ re-employed (workers may move to ESA/UC). Nomis age band 25-49 ≠ model band 25-44. UK training course = 2-day refresher to full vocational qual — not comparable to German Umschulung (1-2yr full requalification). Steel sector ~95% male; gender-disaggregated outcome rates unavailable from public sources.",2019Q4,49,all,3552,3477,74.6,,,72203,67784,4418.8,,,5.8,70.5,75.0,Jan 2019-Dec 2019,531.4,27633,104,,,,,,,,,,,,
redcar_2015,ONS Nomis NM_162_1 / DWP JSA Stats / SSI Task Force,https://www.nomisweb.co.uk/,2015-2017,Redcar / Teesside,North East England,all,skilled_manual,primary_metals / steel_manufacturing,£20k-£25k,"£11k-£15k employer hiring subsidy (age-tiered: £11k under-45, £15k aged 45+); Routes to Work pilot £7.5m (Tees Valley-wide); £46m total government package (announced Oct 2015)","N/A — no UBI operational in UK Oct 2015. Actual baseline safety net: JSA £73.10/wk (adult rate) or £57.90/wk (under-25); ESA (support group) £109.65/wk; UC standard allowance £317.82/month. For model calibration: ubi_level = 0. UBI counterfactuals are simulation scenarios, not historical data.",310,2019Q4 (49 months post-closure),7.0,11.0,47.0,34.0,1.0,ESTIMATED_LOW,"INCOME BAND: £20k-£25k. Semi-skilled process operators, junior technicians. ASHE NE p25-median range (£359-£486/wk). Estimated 15% of workforce — LOW confidence. Outcome adjustments vs £25k-£35k baseline: retrain -1pp, share_similar -4pp, underemployed +2pp, exit +4pp, still_seeking -1pp. Source: China Shock ADH (low-wage→exit/underemployed; high-wage→share_similar) + Hartz re-employment wage analysis. All income-band outcomes ESTIMATED_LOW.  QUARTER: 2019Q4 (49 months post-closure, Oct 2 2015).  REDCAR & CLEVELAND LA (E06000003) claimant count: 3552 quarterly avg (baseline 3477; excess vs baseline: +75).  NE LABOUR MARKET (APS Jan 2019-Dec 2019): unemployment 5.8%, employment 70.5%, activity 75.0%.  NE MEDIAN WAGE (ASHE 2019): £531.4/week (£27633/yr). SSI workers earned above NE median (skilled manual, union rates, est. £25k-£35k).  No direct outcome data for this quarter. Use RC LA claimant count trajectory as proxy for still_seeking rate.  outcome_retrain_% and outcome_share_similar_% remain UNKNOWN — DWP microdata required for clean bucket split. outcome_underemployed_% proxy only (area wage data). All area-level data is NOT individual SSI worker tracking.","Nomis claimant count is AREA-LEVEL (Redcar & Cleveland LA or NE ITL1) — not individual SSI worker tracking. SSI dominated local economy so LA-level excess is largely attributable to closure, but non-SSI workers are included. JSA exit ≠ re-employed (workers may move to ESA/UC). Nomis age band 25-49 ≠ model band 25-44. UK training course = 2-day refresher to full vocational qual — not comparable to German Umschulung (1-2yr full requalification). Steel sector ~95% male; gender-disaggregated outcome rates unavailable from public sources.",2019Q4,49,all,3552,3477,74.6,,,72203,67784,4418.8,,,5.8,70.5,75.0,Jan 2019-Dec 2019,531.4,27633,310,,,,,,,,,,,,
redcar_2015,ONS Nomis NM_162_1 / DWP JSA Stats / SSI Task Force,https://www.nomisweb.co.uk/,2015-2017,Redcar / Teesside,North East England,all,skilled_manual,primary_metals / steel_manufacturing,£25k-£35k,"£11k-£15k employer hiring subsidy (age-tiered: £11k under-45, £15k aged 45+); Routes to Work pilot £7.5m (Tees Valley-wide); £46m total government package (announced Oct 2015)","N/A — no UBI operational in UK Oct 2015. Actual baseline safety net: JSA £73.10/wk (adult rate) or £57.90/wk (under-25); ESA (support group) £109.65/wk; UC standard allowance £317.82/month. For model calibration: ubi_level = 0. UBI counterfactuals are simulation scenarios, not historical data.",1138,2019Q4 (49 months post-closure),8.0,15.0,45.0,30.0,,LOW,"INCOME BAND: £25k-£35k. Skilled process operators, blast furnace operators. ASHE NE median-p75 range (£486-£679/wk). PRIMARY ESTIMATE — majority of SSI workforce. All aggregate anchors (25% still-seeking, 93% off benefits) apply directly. Outcome adjustments vs £25k-£35k baseline: retrain +0pp, share_similar +0pp, underemployed +0pp, exit +0pp, still_seeking +0pp. Source: China Shock ADH (low-wage→exit/underemployed; high-wage→share_similar) + Hartz re-employment wage analysis. All income-band outcomes ESTIMATED_LOW.  QUARTER: 2019Q4 (49 months post-closure, Oct 2 2015).  REDCAR & CLEVELAND LA (E06000003) claimant count: 3552 quarterly avg (baseline 3477; excess vs baseline: +75).  NE LABOUR MARKET (APS Jan 2019-Dec 2019): unemployment 5.8%, employment 70.5%, activity 75.0%.  NE MEDIAN WAGE (ASHE 2019): £531.4/week (£27633/yr). SSI workers earned above NE median (skilled manual, union rates, est. £25k-£35k).  No direct outcome data for this quarter. Use RC LA claimant count trajectory as proxy for still_seeking rate.  outcome_retrain_% and outcome_share_similar_% remain UNKNOWN — DWP microdata required for clean bucket split. outcome_underemployed_% proxy only (area wage data). All area-level data is NOT individual SSI worker tracking.","Nomis claimant count is AREA-LEVEL (Redcar & Cleveland LA or NE ITL1) — not individual SSI worker tracking. SSI dominated local economy so LA-level excess is largely attributable to closure, but non-SSI workers are included. JSA exit ≠ re-employed (workers may move to ESA/UC). Nomis age band 25-49 ≠ model band 25-44. UK training course = 2-day refresher to full vocational qual — not comparable to German Umschulung (1-2yr full requalification). Steel sector ~95% male; gender-disaggregated outcome rates unavailable from public sources.",2019Q4,49,all,3552,3477,74.6,,,72203,67784,4418.8,,,5.8,70.5,75.0,Jan 2019-Dec 2019,531.4,27633,1138,,,,,,,,,,,,
redcar_2015,ONS Nomis NM_162_1 / DWP JSA Stats / SSI Task Force,https://www.nomisweb.co.uk/,2015-2017,Redcar / Teesside,North East England,all,skilled_manual,primary_metals / steel_manufacturing,£35k-£50k,"£11k-£15k employer hiring subsidy (age-tiered: £11k under-45, £15k aged 45+); Routes to Work pilot £7.5m (Tees Valley-wide); £46m total government package (announced Oct 2015)","N/A — no UBI operational in UK Oct 2015. Actual baseline safety net: JSA £73.10/wk (adult rate) or £57.90/wk (under-25); ESA (support group) £109.65/wk; UC standard allowance £317.82/month. For model calibration: ubi_level = 0. UBI counterfactuals are simulation scenarios, not historical data.",414,2019Q4 (49 months post-closure),9.0,22.0,39.0,26.0,4.0,ESTIMATED_LOW,"INCOME BAND: £35k-£50k. Senior operators, shift supervisors, maintenance engineers, technicians. ASHE NE p75-p90 range (£679-£882/wk). Estimated 20% of workforce — LOW confidence. Outcome adjustments vs £25k-£35k baseline: retrain +1pp, share_similar +7pp, underemployed -6pp, exit -4pp, still_seeking +2pp. Source: China Shock ADH (low-wage→exit/underemployed; high-wage→share_similar) + Hartz re-employment wage analysis. All income-band outcomes ESTIMATED_LOW.  QUARTER: 2019Q4 (49 months post-closure, Oct 2 2015).  REDCAR & CLEVELAND LA (E06000003) claimant count: 3552 quarterly avg (baseline 3477; excess vs baseline: +75).  NE LABOUR MARKET (APS Jan 2019-Dec 2019): unemployment 5.8%, employment 70.5%, activity 75.0%.  NE MEDIAN WAGE (ASHE 2019): £531.4/week (£27633/yr). SSI workers earned above NE median (skilled manual, union rates, est. £25k-£35k).  No direct outcome data for this quarter. Use RC LA claimant count trajectory as proxy for still_seeking rate.  outcome_retrain_% and outcome_share_similar_% remain UNKNOWN — DWP microdata required for clean bucket split. outcome_underemployed_% proxy only (area wage data). All area-level data is NOT individual SSI worker tracking.","Nomis claimant count is AREA-LEVEL (Redcar & Cleveland LA or NE ITL1) — not individual SSI worker tracking. SSI dominated local economy so LA-level excess is largely attributable to closure, but non-SSI workers are included. JSA exit ≠ re-employed (workers may move to ESA/UC). Nomis age band 25-49 ≠ model band 25-44. UK training course = 2-day refresher to full vocational qual — not comparable to German Umschulung (1-2yr full requalification). Steel sector ~95% male; gender-disaggregated outcome rates unavailable from public sources.",2019Q4,49,all,3552,3477,74.6,,,72203,67784,4418.8,,,5.8,70.5,75.0,Jan 2019-Dec 2019,531.4,27633,414,,,,,,,,,,,,
redcar_2015,ONS Nomis NM_162_1 / DWP JSA Stats / SSI Task Force,https://www.nomisweb.co.uk/,2015-2017,Redcar / Teesside,North East England,all,professional,primary_metals / steel_manufacturing,£50k+,"£11k-£15k employer hiring subsidy (age-tiered: £11k under-45, £15k aged 45+); Routes to Work pilot £7.5m (Tees Valley-wide); £46m total government package (announced Oct 2015)","N/A — no UBI operational in UK Oct 2015. Actual baseline safety net: JSA £73.10/wk (adult rate) or £57.90/wk (under-25); ESA (support group) £109.65/wk; UC standard allowance £317.82/month. For model calibration: ubi_level = 0. UBI counterfactuals are simulation scenarios, not historical data.",104,2019Q4 (49 months post-closure),7.0,30.0,31.0,24.0,8.0,ESTIMATED_LOW,"INCOME BAND: £50k+. Plant management, senior engineers, operations managers. Above ASHE NE p90 (£882/wk=£45.9k/yr). Estimated 5% of workforce — LOW confidence. Likely had enhanced redundancy packages separate from main SSI terms. Outcome adjustments vs £25k-£35k baseline: retrain -1pp, share_similar +15pp, underemployed -14pp, exit -6pp, still_seeking +6pp. Source: China Shock ADH (low-wage→exit/underemployed; high-wage→share_similar) + Hartz re-employment wage analysis. All income-band outcomes ESTIMATED_LOW.  QUARTER: 2019Q4 (49 months post-closure, Oct 2 2015).  REDCAR & CLEVELAND LA (E06000003) claimant count: 3552 quarterly avg (baseline 3477; excess vs baseline: +75).  NE LABOUR MARKET (APS Jan 2019-Dec 2019): unemployment 5.8%, employment 70.5%, activity 75.0%.  NE MEDIAN WAGE (ASHE 2019): £531.4/week (£27633/yr). SSI workers earned above NE median (skilled manual, union rates, est. £25k-£35k).  No direct outcome data for this quarter. Use RC LA claimant count trajectory as proxy for still_seeking rate.  outcome_retrain_% and outcome_share_similar_% remain UNKNOWN — DWP microdata required for clean bucket split. outcome_underemployed_% proxy only (area wage data). All area-level data is NOT individual SSI worker tracking.","Nomis claimant count is AREA-LEVEL (Redcar & Cleveland LA or NE ITL1) — not individual SSI worker tracking. SSI dominated local economy so LA-level excess is largely attributable to closure, but non-SSI workers are included. JSA exit ≠ re-employed (workers may move to ESA/UC). Nomis age band 25-49 ≠ model band 25-44. UK training course = 2-day refresher to full vocational qual — not comparable to German Umschulung (1-2yr full requalification). Steel sector ~95% male; gender-disaggregated outcome rates unavailable from public sources.",2019Q4,49,all,3552,3477,74.6,,,72203,67784,4418.8,,,5.8,70.5,75.0,Jan 2019-Dec 2019,531.4,27633,104,,,,,,,,,,,,
